scan_count,scan_frequency,min_interval,interval_std,unique_locations,max_spread,impossible_travel,path_length,path_deviation,manufacturer_valid,unique_scanners,post_sale_anomaly,label
0.0,0.0,130686.15159593287,39712.96190921887,0.8453218629414112,0.0,0,5.177927921478726,0,1,2.701498566794299,0,0
2.761550521284377,0.0,87639.48488448233,13016.391380091898,2.31815793235512,0.0,0,3.9510930662821053,0,1,1.7604672421580394,0,0
1.813005884855508,2.081473386210371,0.0,28643.333067851407,2.2882326009560097,0.0,0,4.013805598119588,0,1,3.6304172898020854,0,0
1.7842708729366954,2.126047716339842,131521.45432877145,50017.49918856415,0.18674279196844545,436.52471715330125,0,3.1481738871580904,0,1,0.01092892942915158,0,0
0.0,2.520940765838148,0.0,33347.497653560786,1.0322674194976502,0.0,0,5.081637414139088,0,1,3.0700549734271316,0,0
0.47514744056849256,0.0,51298.07702105222,30498.257541716248,2.802051173585145,0.0,0,3.978979690927426,0,1,1.864078405568115,0,0
3.037648422510599,0.0,0.0,8938.88507418265,1.658693751043903,0.0,0,4.084210694969547,0,1,0.0,0,0
2.413211373103867,0.0,82618.32349957585,26466.493672951594,1.3977308837978804,0.0,0,3.121447806930998,0,1,3.724824572668572,0,0
2.2168717342381177,0.0,45628.45967010019,22531.298315970547,0.7498287405047016,0.0,0,5.004551369829369,0,1,1.2600823687064695,0,0
2.364681634303687,0.0,49288.72151288711,25926.69673794081,0.6415590203977746,14.607670992235516,0,4.9276367056455435,0,1,1.846952695108217,0,0
3.6077878990968135,0.3209764884611833,70834.49129780437,16590.432494426233,3.01553469158944,447.17114900150915,0,4.036189719564449,0,1,0.8566495040679714,0,0
3.7250586298958246,1.0982551505693536,141807.34085589656,7792.517834077678,2.574412156568708,1.9562167175983944,0,4.9146593860356,0,1,1.7599388574460069,0,0
3.3624399874721718,0.0,89566.69018531516,17552.586337922072,2.396120965738368,515.2449009097292,0,3.1103604820671067,0,1,1.0761886008255914,0,0
1.9496411553762258,2.952380655240609,175806.6643868973,37692.80554214668,1.3079863405026166,0.0,0,3.90728362706793,0,1,3.4998881432082274,0,0
4.023970737479755,0.2669935840983966,108174.21425926802,23683.28997052768,2.5187705195109604,384.17460162845003,0,3.924818770292688,0,1,0.6957210470123087,0,0
3.9894776712189053,2.0735633614839983,93049.65942382558,16650.296891014365,2.1995495594074987,303.812675385903,0,3.1047735852941436,0,1,1.2052118103812597,0,0
3.1917980743738203,0.66927812342889,113510.85529225499,7739.704561137867,1.4809151873817448,335.49826367302984,0,5.001608467157302,0,1,1.2555330753259895,0,0
0.0,3.2691396136773556,10967.93242086122,10016.236566151802,0.8035448410222679,668.201985225656,0,4.045886261910818,0,1,2.303454139703445,0,0
0.0,0.0,28754.686838762613,25119.549059920562,1.9479155250027658,0.0,0,4.071370114967633,0,1,1.3180641648339702,0,0
2.653859845207781,0.0,115401.65602827558,21416.668968870905,1.5723446074571479,0.0,0,3.926831895842265,0,1,1.0689632040942465,0,0
1.2422966953441783,0.0,30413.540747142662,16949.444916893168,2.228341870634261,57.754423038499866,0,3.9491339458754373,0,1,1.4179452317645782,0,0
1.5488629935306153,0.3237736629786288,62645.761997105954,16479.23050102561,2.6276508354306074,0.0,0,3.1540310115528682,0,1,0.7437971619920425,0,0
3.88603233624202,0.3278734919678461,62296.156351275335,19342.698311774002,0.6648969490087142,0.0,0,3.068670352930248,0,1,0.49409342230165687,0,0
1.0660676139026126,0.6909870885106251,0.0,26653.337720904696,0.9219495372751256,0.0,0,2.962418549238667,0,1,2.9541118005688736,0,0
3.9342451149059605,0.2434682349550752,81848.19609252155,39622.0420676558,1.9189707109898597,0.0,0,5.029389409337431,0,1,0.823062877668296,0,0
3.1650148917153644,0.8545693093069501,17841.294197961077,25467.711264559035,2.604076232213505,0.0,0,3.9805884213743328,0,1,3.012016359977147,0,0
2.6488632350780024,0.0,112275.09388804986,16680.126227582958,1.1336403253983969,0.0,0,3.0911370805519063,0,1,0.0,0,0
2.53047348904898,0.7184006018553345,91964.04476042103,37517.73119399869,1.7494734640524279,228.9796683547227,0,3.0180677449276048,0,1,2.3386736679251663,0,0
2.339818117322566,4.230716311409703,30020.530839156105,14423.689734570391,1.5229434907547996,165.6722793343874,0,4.988862188936653,0,1,2.1676823446837084,0,0
0.8962825970283792,0.09955463457170671,112148.03394777478,32792.042848218,0.9921301395966656,217.19732890663437,0,2.8860230326377043,0,1,1.8739515412212666,0,0
0.0,0.0,140460.01143434327,25650.636841188083,2.418980306951346,0.0,0,3.0679418840878703,0,1,0.964837908685394,0,0
0.534180094182735,0.0,7000.227188607652,19609.11898379627,2.5115874728437064,385.74810577914576,0,3.964259053513063,0,1,0.3429636919275366,0,0
2.100905654104663,0.0,116869.07932042493,11341.417501958222,0.7259685025196809,555.4830441219365,0,4.102836923954674,0,1,2.181987163741405,0,0
3.9055271201754707,0.0,134826.81328609583,8809.762051204469,0.9756425277226274,97.61962606324649,0,3.8158146703146483,0,1,1.1613775493998046,0,0
1.2598717388005853,0.25350347477200247,59978.7461399162,20511.11946549711,0.4031018759291154,0.0,0,2.9462348621606975,0,1,1.553201506493974,0,0
0.6782495699424564,1.3180817642178133,116961.66627897858,20746.796575613436,0.5954755644591898,20.414389536928773,0,4.065008243755001,0,1,1.8837877309497466,0,0
4.285518197396394,0.0,48426.03888051372,15346.7265102825,1.7725816549760247,0.0,0,3.9991631560658845,0,1,0.7219546879198464,0,0
0.0,0.0,83693.76657985314,39979.009195694634,1.7755393068544407,0.0,0,2.9351320194370794,0,1,2.19956984649082,0,0
4.025300107179132,3.8160678815837867,146583.73892975715,31671.716297312505,0.6945387487971924,198.5253403526141,0,5.120045435834876,0,1,1.9524351486660667,0,0
0.7104579998616193,0.0,134319.87536360853,40799.56476371392,0.21401511540776985,113.66754121143116,0,4.100556249013573,0,1,1.9638921560726068,0,0
0.0,2.137724444331845,157502.06419480508,24792.253752411012,2.4099011150568557,168.17835153739406,0,2.9198076634697063,0,1,0.8515290535965769,0,0
4.717695123112998,1.1755385659462103,159149.30961567277,11167.560637333863,2.501861987365227,0.0,0,2.9842417299895145,0,1,0.7753517392339494,0,0
1.025430586454347,0.0,101362.96579044065,7989.792390208589,0.9532818190897216,217.01763029788253,0,2.8989384961756617,0,1,1.1828536009982273,0,0
0.9247715612126536,0.0,102881.18470251448,57748.590515999465,0.409625703877053,0.0,0,4.974106396131346,0,1,1.486319461807629,0,0
3.433687569948403,0.0,89864.34422605389,28238.881982835417,1.579626986568162,0.0,0,2.9785314616580063,0,1,0.9244875061204626,0,0
2.8928370836715978,0.0,124596.48045807821,25813.287631192583,0.9787602822742404,0.0,0,2.9532783823721886,0,1,0.0,0,0
1.6060721335185133,0.9437136772431739,117318.03546491668,16764.32519450227,1.6187875930417304,460.69494585367727,0,4.074199537846165,0,1,2.1642278123078187,0,0
1.041070039926027,0.0,50898.38613550406,33659.87947673258,0.03507687678322213,0.0,0,3.076653657536722,0,1,1.1821645163700936,0,0
3.4760447894678457,2.002395258564067,171834.61158697537,0.0,0.5963181890075584,0.0,0,4.121799151095547,0,1,0.21992135007483893,0,0
2.1031987157837575,0.0,112105.27624681889,38893.71368828344,1.1076692029154813,0.0,0,5.040334767428661,0,1,1.4422892618708631,0,0
2.9150670153168514,0.0,0.0,21716.85839778856,1.5496742600989046,300.1567868672549,0,2.8288407767018175,0,1,0.7638789166524589,0,0
5.032231615543432,0.35051315576691877,138651.92488639703,22402.527711421597,1.0399660769384984,61.79523768923758,0,5.0005492797122715,0,1,3.0144316769930817,0,0
3.470909958687142,3.725283562226878,65041.19558890118,6743.663421573176,0.4637625319660269,0.0,0,3.0809079979356038,0,1,1.8569541875871682,0,0
2.7752861363791,0.0,100735.5044028102,21274.716356860357,0.30934464436812603,44.62240742556523,0,5.01337572923898,0,1,2.943375215389839,0,0
1.7714532866847876,0.29895628680005204,103440.40523864928,33832.05275950538,1.95227444459675,0.0,0,3.0886545908250613,0,1,1.4507376874468871,0,0
3.362655111861006,0.2912673211892731,108884.87805311999,25099.161007884657,1.1944136151227136,277.49663489042536,0,4.116299573747211,0,1,1.1892016709186217,0,0
0.5074293614137568,2.940146810732542,95070.61281459464,22495.571074653475,2.3608690654645996,640.0745862571629,0,2.8500938221930396,0,1,0.6331784930834774,0,0
1.984206509655053,0.0,121935.51171280464,30279.651680254137,2.0394718715580993,0.0,0,3.0704375084180695,0,1,2.169309472364684,0,0
1.5341039350877104,1.4943015854670503,96131.75147534473,30977.994642231173,2.0214054826362213,428.9250089041053,0,5.041438830699577,0,1,2.6142302317194597,0,0
0.2917237629011247,0.0,36198.63417810148,37090.70264326605,0.0,368.5211072944263,0,4.1729895712286185,0,1,1.3110614668588711,0,0
6.48064954264953,0.3956257371502869,85051.51832234644,13710.639405092903,2.738044025528791,0.0,0,3.937065233845004,0,1,2.364872728239123,0,0
0.2176614305243646,1.1414181468343632,72283.54050720311,27241.19262911898,1.5926650977164112,257.65097247991304,0,3.122848660095676,0,1,1.5527439874117808,0,0
1.9153023356663843,1.6045306515309132,97581.94118361767,26028.868240856496,1.6987674789672884,72.08457293691848,0,3.9911909050327896,0,1,1.792622449691205,0,0
3.7983198016207056,0.0,112079.11041178135,36846.47435380926,0.39524915683364137,0.7216699269868876,0,5.021481622051285,0,1,2.008594387273404,0,0
4.718919519011569,0.0,162827.074100916,17546.648945759858,0.5684498406711572,0.0,0,5.002890060229871,0,1,1.3502753155053238,0,0
2.4860876089471584,0.0,101464.03475854573,25700.64534779422,0.0,230.40721339062426,0,3.1805051278023027,0,1,1.1736466354515505,0,0
2.590795155243022,0.0,119222.81516178268,29694.104224372564,0.652232219802173,0.0,0,3.9062139045923683,0,1,1.0685742508404745,0,0
0.0,0.0,127909.84863349429,31200.013436684363,2.5875923071763554,296.2037163127203,0,4.028522743209381,0,1,2.8214191434970655,0,0
3.376573689195683,0.0,78900.14511796071,31880.24463363525,2.421258056049976,0.0,0,4.121722457949328,0,1,1.2774139676427014,0,0
5.050222542180075,0.0,65237.23365971844,36451.320463423835,1.6201879130957644,646.9199982348233,0,5.21234628298786,0,1,1.9774629393390177,0,0
0.0,2.606100701655685,158720.47886509684,36269.42669663314,1.2926936567795062,0.0,0,2.8974309823722812,0,1,1.6352600229321257,0,0
1.8905943459587118,0.0,43583.57513477411,23788.350249574898,0.6274726981865887,823.3236607969827,0,3.1057723499751475,0,1,1.0293067396136895,0,0
0.0,1.4030865556620176,84838.34205827132,22018.73070644101,0.5972068283166585,0.0,0,4.972496019015532,0,1,0.0,0,0
0.0,0.0,8103.127287960104,45024.09422828821,1.3057347887938109,231.97932301595205,0,4.096707722032009,0,1,2.07830034638433,0,0
2.802658653417355,0.0,140202.87814081134,18034.036666602224,0.9174520671923831,316.9507841242516,0,2.9303192716301085,0,1,1.2859373680322719,0,0
0.0,0.0,74414.16476319388,9379.510037316795,2.4175472487538086,53.826576387041854,0,3.1353674909738305,0,1,1.1872238209069546,0,0
3.9388728258068815,3.2308336405435227,63210.790984146224,10879.44992896546,1.902867454674464,332.00670962921123,0,3.9650392402128447,0,1,1.22956698944277,0,0
1.7414240425497725,1.599191418277524,64284.3338073233,9053.230496202987,3.061672463788569,0.0,0,3.1018749876154548,0,1,1.1506243559067957,0,0
2.694536079200052,1.096353745881102,63067.03035251539,27486.368520823493,1.7271706370125566,0.0,0,3.9950264640983937,0,1,1.8827666726383518,0,0
3.7873187771850567,1.0622144752297333,130175.93947763577,18003.313326487078,0.3824884394733483,37.06939189075863,0,4.857242854910422,0,1,0.9349090090929978,0,0
8.157089203737259,0.0,77702.47581539111,30235.5324878182,1.5558516284435076,234.9993291909854,0,3.0260273564479325,0,1,1.5624693911380494,0,0
0.0,0.11980181840543955,27811.15415590594,38713.66281947907,1.1867101569127985,0.0,0,2.8907349551688757,0,1,0.0,0,0
7.888065629805407,0.0,113687.6535097865,38051.083808315896,1.473978614815529,88.55677579641683,0,2.9658648943671158,0,1,0.9353318611028447,0,0
3.7012260561614427,4.11618015808391,40400.96964651707,797.6943923030592,2.505584705945968,0.0,0,4.28444067104535,0,1,1.4178800186223688,0,0
0.0034195187429406637,0.0,130314.61094623912,20230.422759898916,2.221469148409557,80.9458299305359,0,5.033865710114659,0,1,0.23393993071307706,0,0
2.482007704728214,0.0,62792.48237222771,25392.39021431209,1.2563916334240466,0.0,0,4.00739066097241,0,1,1.6427765480689513,0,0
0.6207038822608095,2.4562651633623154,140865.41876883808,21363.81376650784,2.574630721670224,75.5734173201421,0,3.8695386344186615,0,1,0.9069022515298659,0,0
1.7871911374744134,0.0,105875.9420011187,30249.114650402582,2.4136078924225575,42.27652845060615,0,4.802813385661248,0,1,0.8764624667446531,0,0
0.0,1.0245546808558006,47599.746602803054,25384.31525159734,2.713545622266576,0.0,0,3.9142597759421376,0,1,1.9948844202149842,0,0
0.0,0.08392546238880069,10560.554208974956,7799.474127575333,1.1092600845571514,66.59814342920622,0,3.9385986880351114,0,1,2.0465210582236604,0,0
3.5827963949764827,0.0,101974.33836966698,35878.75644101909,3.021336305902487,0.0,0,4.901696241925083,0,1,0.30369815619129326,0,0
3.384890799198035,0.0,125821.17833156695,29759.285408656673,1.2861253766749892,289.40180425560203,0,2.9278829614510817,0,1,2.3299286945912963,0,0
3.3867491646450527,1.4425477223445433,93319.57052546358,23221.326512693857,1.178789296283572,306.488266671549,0,4.842994666082715,0,1,0.6738034298729136,0,0
3.8831716704465946,0.40436495988359517,41549.79096805995,26502.91599105774,0.45763766159861363,84.02797243158953,0,2.9602427927588564,0,1,2.488806314482355,0,0
3.4330627373362232,1.8417651698469624,0.0,10624.65812915554,0.3439117403210632,58.80808350984552,0,4.807815230991894,0,1,1.0961470412726695,0,0
5.536206287095526,1.7506506944457076,132034.70342687963,27432.265325653923,0.326586021904673,204.00992944520067,0,5.015602617746509,0,1,1.2575723891805382,0,0
3.100390447207373,1.002357835874859,103401.78336369141,14715.15693441646,0.6492025108849473,323.65356110288434,0,4.891562087965353,0,1,2.68149570441028,0,0
2.4499615985603116,1.6831520968363183,128216.32051033026,17307.577184366877,2.043120006623308,470.30703614779304,0,3.977969180652625,0,1,1.315859809844433,0,0
0.8022624871801366,0.9282010486987503,136558.8853660708,15798.439556243395,0.01701428739073596,0.0,0,3.0394469605456393,0,1,2.5327582373046367,0,0
1.3299018488291878,0.6586562539841169,102091.77522044776,38838.55113279405,2.284175263799037,0.0,0,2.8838371962678133,0,1,3.080491354418336,0,0
0.0,0.0,109484.04219637634,18730.799161530816,2.3651986460571717,298.4364845734793,0,4.870043574419137,0,1,1.1378272795941307,0,0
3.2265831048941367,0.0,100524.70121928646,17601.406833996458,0.23489062775518288,481.88895496370094,0,3.0258211260228824,0,1,1.5590684333867981,0,0
0.0,0.0,85823.85443926808,31452.387117005695,2.7108762674088855,17.050114166536666,0,2.897616889923511,0,1,0.6290014889247185,0,0
3.1035675621174246,2.2506725173214623,62510.699376986166,11184.20299832632,1.6302758837272098,9.228641220574257,0,2.9245726621636225,0,1,2.9189308959476246,0,0
2.884098603946083,0.5537630191389792,125757.10269241218,13836.471604857705,0.4379084639747516,483.3055965926863,0,4.943450924591457,0,1,0.9765173426614063,0,0
0.08603930074523647,0.0,16270.456147567531,34362.41493327546,1.9429470671013647,0.0,0,4.124425389462096,0,1,1.4943510619977722,0,0
0.0,1.8049265514395725,181247.94803746414,20502.108771434945,0.5226188510099563,0.0,0,5.179127723097823,0,1,1.3083959918401273,0,0
0.0,0.0,72029.51331301489,20901.856588435956,2.0369313994097307,0.0,0,4.897847376439669,0,1,2.51526991596215,0,0
2.4834740207710233,1.0867045647615503,189033.7682141553,43530.084266565886,1.6613560378071477,47.088235952997465,0,4.888952272248713,0,1,2.2331923392806896,0,0
0.0,2.062281874309595,43991.510476999276,20451.245393911828,2.8589423741613156,332.30489102692144,0,4.841460003866196,0,1,0.9703783222482194,0,0
5.131041157526894,0.9958575833804152,88966.57770349421,33262.88647822755,1.1860080206321328,0.0,0,5.061966211594313,0,1,0.5754666709223415,0,0
0.0,1.6290460059211855,92135.62847388283,6518.764509796934,0.7432085012728846,334.13715278873264,0,5.062675270018832,0,1,0.6022004172371822,0,0
3.047783420249532,0.7953671184929086,48348.898968706366,10572.163280762872,1.2241352460593617,0.0,0,4.122947610518754,0,1,2.5821480651968107,0,0
0.0,0.0,109718.44856710595,32216.092321184053,2.053119368162128,141.9470097879214,0,5.2179926210666965,0,1,1.0180339118297406,0,0
0.0,1.9494236420086324,132645.97628376837,0.0,2.6275268233916456,0.0,0,3.988278350710955,0,1,1.8781963903740149,0,0
0.11677050888297025,1.2575744328227505,99633.94966232317,24931.56746130209,1.4771456444921314,0.0,0,2.860569570615414,0,1,0.9929592874315367,0,0
6.2600074003835235,0.0,27719.54538968476,15417.508197135936,0.47370190477480545,0.0,0,3.0991608497834213,0,1,0.5522833225468788,0,0
0.0,0.0,141937.70036059298,24443.00715944096,1.2678987956123753,412.0843367155738,0,2.9026126465292856,0,1,2.434284061548598,0,0
4.086407472544286,0.24708708609681618,173861.25217873522,19494.637837444378,0.0,354.936629165588,0,2.8524401714028387,0,1,0.788640256363106,0,0
3.9671480723549557,0.0,43049.29101612754,15215.542254073023,1.6158946179748714,0.0,0,4.154324710262905,0,1,0.6284322257619791,0,0
0.7603703115038607,1.541523522299416,100051.58100724344,24986.522500941002,2.2752441256920095,331.48976275919557,0,4.746295496282464,0,1,3.171582281940146,0,0
2.5727609569866274,0.0,95333.02161971487,27743.53829745768,2.0559086374751034,151.78407945800134,0,3.1128117307624046,0,1,0.866278040848957,0,0
5.247451974786655,0.0,11651.019171050182,4921.84181385249,0.9244230331040483,178.2845523674728,0,4.041629357218664,0,1,0.5471848249541336,0,0
0.8011460299222064,1.1087305863351133,68591.55731654118,28165.044545943216,1.9812755736890135,706.1090114468026,0,3.9475777937483896,0,1,1.4103297961280945,0,0
0.5487824675725743,0.7624698068276855,114523.09107251545,33558.830105839595,1.680380050811562,0.0,0,5.059323549793177,0,1,2.388933754193701,0,0
3.8403914797847163,1.3607500695377177,110546.26224410965,32643.41078854964,1.6479253842373753,326.497716397726,0,3.0533397395532123,0,1,2.1893095330211367,0,0
4.187303301455433,0.0,108165.01848698988,22891.178441212913,1.8929425597780836,36.666307147476815,0,4.9190215436061955,0,1,1.9407976976838277,0,0
1.1388103523060535,1.1694457345259888,51079.04106918059,26773.241555617522,2.0602599686800165,509.5963195485546,0,4.956045842076146,0,1,0.2149004338680156,0,0
5.256206222907865,2.6911194609058517,86306.42220573567,17893.327867503758,0.6219734858851096,109.63044306610921,0,5.276830213167521,0,1,1.1791890112871228,0,0
3.5429586354122997,0.0,117712.01943076233,37744.27586350542,2.355058468250334,0.0,0,3.0861197120541077,0,1,0.689362492236635,0,0
5.747450966490687,0.0,120952.13830643333,24390.19317898606,2.0919734475971516,0.0,0,5.2265597399945705,0,1,1.7511491523218816,0,0
0.42929271639493916,0.0,25011.22899701134,48802.30570798788,2.141061190174949,78.5963123716688,0,4.9774748855301345,0,1,0.5860449107026056,0,0
0.0,0.2928947195631123,166165.83423570255,15762.247800130112,1.279995686130833,0.0,0,3.9253776293134406,0,1,2.6120894632031333,0,0
4.434771959992805,0.0,51049.20232468326,21271.092906913756,1.5938277405140542,0.0,0,3.044051033069111,0,1,2.4003698696647677,0,0
0.7852579133644084,1.850353947858126,94779.46726604838,23420.050583486853,2.2245934658655964,405.8114349924735,0,2.941962595206711,0,1,2.38764264344436,0,0
5.360577559275198,3.712565685585173,160494.9370610008,3307.3545386055875,2.538643316135319,353.5720092721712,0,3.0152306081122777,0,1,2.1060951958498606,0,0
1.5560768190343626,3.7167331323318225,54478.39771643242,26705.130677984347,0.4532558508140091,14.777816861985974,0,3.9036014833197146,0,1,2.8819175305018163,0,0
2.290387433590058,0.0,112109.05673855581,15265.577014988332,0.8606520981961681,238.24929671353505,0,2.9876509622595453,0,1,1.5468346471544374,0,0
0.5105375260209937,0.0,11474.601265680914,11725.217487903068,0.9114264696903639,249.19838774048765,0,2.8657749439928955,0,1,0.2586063658382579,0,0
2.1862031793847474,0.9411367708712972,108023.41804165085,20141.64940000467,2.4302015267020494,36.64495255203114,0,3.9791628215822197,0,1,0.6798170132765502,0,0
0.1884166013605313,0.0,0.0,13133.923138703994,0.5047444755212509,0.0,0,4.049918139213186,0,1,2.436929640378025,0,0
2.7691189983145965,0.03856514932632603,74113.92143463188,24662.062668500806,1.7672180459709501,126.34619801460906,0,3.029286508212715,0,1,1.1645989930412977,0,0
0.6874549000344985,3.7308689037295957,107819.3920871699,34677.25227462181,2.816274775025355,0.0,0,5.055522428371685,0,1,0.9742487399487773,0,0
5.427120956752921,0.0,81309.1644097214,15225.48201351495,0.8451439891990038,617.9122949367971,0,3.922470083847586,0,1,2.2484251177200614,0,0
0.5615314597301582,0.5337253656096689,91194.81591606644,3281.8454576932363,2.230959602914292,224.90365135159107,0,2.9778885907748247,0,1,0.0,0,0
0.0,0.6381557236228187,42736.915075935445,21194.92929244491,1.2272545238416328,209.81274324151576,0,4.881957330989955,0,1,2.282541810198883,0,0
3.9620492434704486,1.6474588544728523,69735.92779576842,22831.255037730283,1.6180134707069365,464.3207360465209,0,3.0697775725672707,0,1,2.7976723204108387,0,0
0.0,0.0,74000.00135547362,41151.358154394155,2.5556960517898633,41.50661780857341,0,3.2321862282300886,0,1,2.518851776844246,0,0
3.5854888908889913,2.1711218411710616,116505.27234767775,33747.784267826624,1.9712542796393837,603.586876933877,0,2.982949159201536,0,1,2.8705775958902415,0,0
0.0,0.42292014227319574,84316.39565213866,29458.47611315807,2.2129663813435787,0.0,0,3.945025793363517,0,1,1.32378925936312,0,0
3.04802426842271,0.0,84283.37415893847,10678.914228118814,0.33776782628175217,0.0,0,3.7533262109725096,0,1,1.8960009596206135,0,0
1.0619487812433286,0.0,138137.75861605853,24627.671451875576,2.6123351725495256,409.29612555217034,0,3.932225679314931,0,1,2.0806148134985074,0,0
4.018860626862827,1.4856827953030172,47488.367274523465,17448.42057932717,1.290029976020488,0.0,0,4.079389210960226,0,1,1.3782760246574148,0,0
2.8443523619332387,3.182752251612672,160484.10833328404,21675.577946997182,1.9637474900364302,0.0,0,5.033847782964163,0,1,0.6703048060960104,0,0
0.0,0.0,39893.845001838956,25159.592260033285,1.4328170209043267,164.51979732653433,0,3.0973785259361657,0,1,1.940978786962072,0,0
0.0,3.167879413884772,140546.39036357927,19478.225896644675,2.068981943163518,176.08817407842415,0,4.181482805630498,0,1,1.4206668475724802,0,0
2.4045151353391487,1.9161745097782572,110466.33721718915,36383.154170161404,0.7277517618924099,0.0,0,4.957016402832122,0,1,2.4733725347633984,0,0
1.7003603635538165,0.0,89698.43821149397,24650.991288160258,1.5760953648174834,434.30278076515077,0,3.900203737183678,0,1,2.6123427163856254,0,0
0.0,0.9251236020513822,93003.54494733176,14015.568085634048,2.1944455506800464,0.0,0,4.076602860834319,0,1,1.6595402106836277,0,0
3.116187351627441,1.4090149783678823,52590.662462115295,25576.005565735322,1.4814136490235117,86.8366053993678,0,5.0085220037173706,0,1,1.2284915915947276,0,0
2.0276404602038953,0.0,132032.82956966083,27806.036962566628,1.742723646629324,0.0,0,4.889769901319902,0,1,1.2117613064966346,0,0
0.4323822800574453,0.0,71204.34792775015,44801.12250422944,3.0576694835832097,0.0,0,3.867201828897099,0,1,1.252707910887528,0,0
1.9360525208855424,0.013441989542661154,78683.05926752064,23792.880837439738,1.7077826370776017,0.0,0,3.0913022748121097,0,1,0.8186847185004414,0,0
2.792154535988609,0.0,139479.0589235629,42143.77492233364,1.2083000497046419,0.0,0,5.020457795722393,0,1,0.4870053276782883,0,0
0.0,0.6114443016183919,152417.29576969132,21904.843555218322,1.6976900238644221,0.0,0,4.865345990925177,0,1,1.9865817083170838,0,0
7.1898510220546825,3.288335488584062,47784.92605044215,18054.62344901061,1.0162303090421347,363.48502796879,0,3.017866204262265,0,1,0.4764123835125179,0,0
3.0758015240941377,0.7663504229683573,105687.8873682545,31990.669759257868,0.7396217122097812,90.94761399547544,0,3.883370374365745,0,1,1.7613342665711123,0,0
2.327003919121121,2.9047942655336803,87405.62173214833,48947.01156141487,1.1264461408301245,112.9222717613506,0,3.070919722854903,0,1,2.6922991491980106,0,0
7.848429866977792,0.9307110561358254,70651.420395732,31173.060787632316,1.95451192508128,0.0,0,4.099920524340263,0,1,1.9768169702865825,0,0
1.8936824856273704,4.313704387272369,120163.08059332207,16434.87427105731,2.2129127446212324,8.280254092824478,0,5.102161318681177,0,1,3.5919936813554294,0,0
4.689695317770122,0.0,44876.03250142147,20718.812677454007,1.899672012466305,211.52353526004933,0,5.037074999133759,0,1,0.3233224071273869,0,0
1.1845723691894938,0.0,104682.65333246661,7189.452261836911,2.631261315761015,0.0,0,4.025725856520957,0,1,0.4410873577132224,0,0
1.125726969853521,0.5582100838066146,49815.855322613126,25942.84086296957,0.0,0.0,0,3.985477127696016,0,1,0.8325061207425284,0,0
0.0,0.5889983118196972,51701.7436488302,41736.579039328826,1.3455068389885707,0.0,0,2.9101340792204584,0,1,1.6053513689375523,0,0
3.958145886616668,2.339231394494712,64003.345893795085,27216.017247392927,2.964358278991787,132.85090415005004,0,5.125264881822934,0,1,1.0533071251259414,0,0
4.618478398816706,2.9643859380119335,83509.68975058004,14420.908461192408,1.5646745315523367,0.0,0,5.068445614242295,0,1,2.3860173097048367,0,0
4.827848219422182,0.0,103036.99757955322,20228.581970999534,1.4821752112789555,781.5694570046628,0,2.914054431771974,0,1,2.1351910917226524,0,0
0.25974494171789253,0.0,128753.99371403284,14692.841836912796,1.72363753048098,248.08361360485543,0,4.833853826164548,0,1,0.4917082623452016,0,0
5.779092092681459,0.3262636869713404,77319.15182314182,33572.07088693192,0.12058718735210194,104.94838318923173,0,3.9433388953780226,0,1,0.8137870659961592,0,0
0.6735568351920964,0.0,83057.07454508531,26440.51475351092,0.1172216117124113,0.0,0,4.139801732209305,0,1,0.5557279090963866,0,0
0.05605908446376251,0.0,128536.99384690452,13820.86699182239,0.7718469377238277,0.0,0,3.0522249013358183,0,1,1.8853795723462092,0,0
0.3335841071427039,1.706922176241243,127346.33523822163,28472.118372071043,1.9249185327028662,337.2502915172528,0,4.024780486411298,0,1,1.0716856177732899,0,0
0.23463777899107008,1.8492023654070404,78169.17318322776,22198.95040865006,1.1346546272760285,88.80010806970805,0,3.1386531526513832,0,1,2.9253037494996983,0,0
0.0,0.7080436125948877,68572.90151115994,29678.663164675912,0.12349180331637777,0.0,0,4.784359372829319,0,1,1.088544709657088,0,0
1.7836802912692555,2.631740852783394,116399.36009590923,9606.629995006653,0.8097721151822909,0.0,0,4.99157953814401,0,1,1.9021836338543885,0,0
0.49196103050280704,0.5662124366717397,173495.46937514225,4297.080202484433,1.70030070053234,174.0033231558587,0,5.128761700810619,0,1,1.9270898259149303,0,0
2.1229533652627226,1.9620882124128942,103432.84137347848,7915.521044684155,1.740554608086778,0.0,0,3.8948123484229003,0,1,1.9261371259185367,0,0
0.34617988471764916,0.0,188726.61040953864,6118.449011609981,0.0,0.0,0,4.90827992977518,0,1,1.2748363627982737,0,0
0.0,0.0,160681.17832922284,27297.0558307362,0.8532222003962573,0.0,0,2.9778570960773894,0,1,1.9808604097835638,0,0
1.7714585162059344,3.133155836810857,121276.45115333024,21597.720414718624,2.7228705036023846,412.79570090352456,0,2.944117709353062,0,1,2.8168559859014186,0,0
4.9111354339997675,0.0,183086.17713163377,29868.054640022867,3.0746990710857722,0.0,0,2.9597214222881427,0,1,1.4017480914826002,0,0
0.7958568251781899,1.5356580707543679,108199.35421821495,30416.75976987365,1.4363446646173306,417.54965154652484,0,5.016969289057827,0,1,1.4524707826499612,0,0
0.0,0.0,47364.7019192524,26740.72041619357,2.6237301604793117,0.0,0,4.940712319840023,0,1,1.6705689508134496,0,0
3.442832061779562,0.6425986646450061,84456.28079548464,25855.137143932643,1.45816539156932,0.0,0,3.965546323150793,0,1,1.3428152884032674,0,0
2.1228441205516084,0.0,135685.0196734678,35983.30042104786,0.9630535670826261,0.0,0,2.913483493440529,0,1,1.5715945252930754,0,0
2.141081258573481,1.1061283527752444,56208.43121739033,29517.892760669554,1.3646243320040543,24.76780529344443,0,3.9796752940017597,0,1,1.3317300595570567,0,0
3.108607023024203,1.1021310804625453,177726.28670163744,10264.42676147287,1.5049247358098357,0.0,0,3.020445519333324,0,1,0.24766911824337223,0,0
0.5374711181202139,0.0,101584.7894150388,9898.832339691586,0.7897035418970604,0.0,0,5.011753158965056,0,1,1.8398215610730384,0,0
1.2667490018091314,1.130834792849229,101034.65240978329,4747.17206533888,1.7056564420319182,166.91516879866953,0,4.936303443749066,0,1,0.45035377679060873,0,0
0.0,0.0,146079.11904670324,16754.58297804518,2.166993166979288,0.0,0,2.921429036323221,0,1,0.3223717051207565,0,0
0.0,2.706956912104522,19522.270793442316,8642.451607317364,0.4320298462991887,268.1323453890673,0,3.9599734580255705,0,1,2.6133007475107055,0,0
2.341328153706425,0.5951221306398513,135471.51382163598,32673.807317652576,2.850623396033048,0.0,0,4.956480653884193,0,1,2.045063061472789,0,0
3.3942224517778463,0.0,0.0,6129.459795202631,0.9892477906479205,0.0,0,3.8823586339192495,0,1,2.73954894580402,0,0
3.851461579601838,0.0,127986.53474261722,15403.55928926676,1.6848839621890326,216.26498537869816,0,2.898699211884629,0,1,0.7581600506421928,0,0
0.06179130535602395,1.1643001960560817,128338.83469723222,28928.48246199703,1.8944637347688016,38.81961475631846,0,5.05352245272869,0,1,2.7123976228710034,0,0
1.8613099773475952,1.4694665420388355,128673.2508765896,15104.136225049353,2.7270757161209676,0.0,0,3.753597728849308,0,1,2.49578279758804,0,0
0.0,0.0,115845.1301972236,27473.836869424893,1.8936804144571084,87.27943521216305,0,3.0605000574647256,0,1,0.45080095749628535,0,0
1.3505451803649897,0.2689974615056835,54999.767500243586,37241.11784470544,1.6718480566676364,437.1100064649909,0,5.035802953320255,0,1,2.7277238100012373,0,0
3.8504239891103675,1.287564961807118,76194.73423434759,30891.25582546434,0.8457550764046406,0.0,0,5.09232237085757,0,1,0.462331811313045,0,0
2.3074911326183782,2.0246356191677592,73351.43825323321,32214.322168896568,2.1246334425299964,0.0,0,3.9908302358050145,0,1,2.952694154634372,0,0
0.06670162893761855,1.407317918548009,58674.79260281517,32188.011706504603,0.793259031712256,333.9829219683854,0,4.121223791545271,0,1,3.0470571244190623,0,0
0.14691421849559683,0.0,72367.47406490169,16665.745769333178,1.1307279755698962,0.0,0,3.0951938339778517,0,1,2.2064052027594925,0,0
3.1286032595865296,2.113489315858895,99971.88457828911,22410.745918150405,2.3152207852246653,177.88447043329086,0,3.250648153911462,0,1,1.9296416369073393,0,0
6.4712024559199275,0.0,78671.63879402212,24810.020500298626,0.20693236411254323,0.0,0,4.240108042814323,0,1,1.2751350793307936,0,0
2.3301478256009847,0.0,28047.926619450598,25987.24761871024,1.5318963606692217,0.0,0,4.915913144199382,0,1,2.532060232166806,0,0
3.1132446938153886,0.941677444520141,95713.95815844185,20031.879218403792,2.340708057553581,0.0,0,3.3351337681683484,0,1,0.014274496815134596,0,0
0.0,0.0,80409.97615545288,14871.769042478163,1.3366111584790572,0.0,0,3.158948080133252,0,1,1.036408701167388,0,0
0.0,0.11679760983092552,129741.93175995792,16069.601128850618,1.057317207878071,241.9363153926223,0,3.9761939611934403,0,1,0.4782204155000601,0,0
3.71413294064663,0.9441626982621654,178533.61893451025,10611.763348832988,0.8028776378952224,198.38226597943526,0,3.866554209103793,0,1,1.3081068112519774,0,0
0.0,0.0,124731.06114876647,22441.34541606401,0.6528833237761724,86.94761931102761,0,2.9488913457766133,0,1,0.3037982345263788,0,0
4.388290122047438,0.4473510070529857,38354.189840732375,30456.52822306623,0.3635962842041065,0.0,0,4.958451082149273,0,1,0.38756190434278703,0,0
0.7881884202420808,0.0,68973.88905179105,19916.377570619028,1.7915523198359726,257.5746409642678,0,5.0588140463757965,0,1,0.9036717841352239,0,0
5.797289714223465,1.5890976096851874,139889.7173894463,20756.06191072415,1.7709182887746084,219.9212108663748,0,2.9050497653286076,0,1,2.2351687263499214,0,0
0.19881602567226941,0.876816766063179,149640.4627689923,37873.37192344515,0.19529563915018044,269.4572691267916,0,3.995800776842992,0,1,1.758039038703135,0,0
4.5849590958169815,1.169258691191055,141807.8426703327,18646.947893141805,0.0,135.62089877299974,0,3.0728038298619245,0,1,1.8289955035005985,0,0
5.0394375916696115,0.0,103038.60743982664,6969.761972263274,0.4583165866794926,0.0,0,4.898278379969405,0,1,1.905052569571538,0,0
2.657716714556284,0.0,132963.63563905933,30005.650685123914,3.1097351281744747,0.0,0,2.986568528974358,0,1,0.8430525529583494,0,0
1.7211275644623156,0.0,118768.74501806563,18656.228806944142,0.7091132702892152,0.0,0,3.9159861992338114,0,1,0.0,0,0
0.056387491340976315,2.6748521435634913,100978.86236941227,22408.488372468757,1.0102421780758977,0.0,0,4.187220869293863,0,1,1.3119918705251625,0,0
4.805394575896845,1.5473299735093344,70228.50395036823,30827.809034435446,2.0567627598473797,115.54658756094084,0,2.9269813327432392,0,1,0.7298228461481544,0,0
5.288491113077122,2.6426781437019553,91623.56712657865,27621.248988184627,0.5025044333951929,451.8524177700269,0,5.033165323158168,0,1,1.0315411445106446,0,0
1.1735254337813972,0.19615032485258221,14859.90997484155,10575.259239397668,2.9819914094133204,271.88862278030393,0,3.8837734294855415,0,1,2.6454547996552638,0,0
1.9308000054922423,0.0,54740.44621171834,17573.33691783848,1.827302605519248,0.0,0,4.91308028350433,0,1,1.6979523022606466,0,0
2.272014969955294,0.9608045585054925,2371.9920654798734,28615.409159409173,1.7817037761923924,0.0,0,2.959301302933278,0,1,0.6151270499833601,0,0
2.9845388040319243,0.0,84765.07506032308,10964.940849893186,1.0372814695946864,212.53345356046347,0,3.8672124145636366,0,1,2.7237512994047046,0,0
5.2792601562603805,0.0,50789.39922952175,14537.013431813408,2.066618962859715,81.90346932990165,0,3.0156231878789304,0,1,1.9183288364902586,0,0
0.9151214778940562,0.0,63634.45103714489,38583.54194485702,0.2487646641674417,0.0,0,3.841150896250376,0,1,1.6669772462564705,0,0
4.164536522450233,0.517132096440724,32722.310483288416,19049.10434988039,2.7425660485327525,74.0871807267931,0,5.005875697194102,0,1,1.1125643233547755,0,0
1.16953332998306,1.4254729890645506,163460.4750740541,28578.739218775143,1.8664636453371497,216.74060683722297,0,3.0071053660785734,0,1,3.1071866954063463,0,0
0.0,0.0,131372.41486495602,14335.955381778525,2.100185434402322,0.0,0,5.015187134231463,0,1,1.539754407047087,0,0
0.0,2.2655529847183873,74195.45339923816,24174.857114548053,3.2357173675731032,4.837817697305109,0,5.085391030462461,0,1,1.9401458947340346,0,0
2.662383494456535,0.465348326837394,123605.60997884357,31962.50263189523,2.1996250886393907,387.6285377183323,0,3.106154221090963,0,1,0.0,0,0
4.46965001020479,0.32695076933974365,41588.231051719114,20379.81069224012,1.1296291363165376,312.89084160875603,0,2.9090953999155005,0,1,1.8415894683322716,0,0
3.9812417653104477,0.0,91518.83603470301,13477.409947175385,1.7138849020146174,29.24351541817073,0,3.041664806633607,0,1,1.4256189081171233,0,0
3.4272783870922914,0.9017896596699589,121174.3112115835,10042.34473551504,2.4841333117241153,0.0,0,4.00096173293215,0,1,2.1985806745947127,0,0
0.6340091811043207,0.0,13173.334556412672,29157.64949165093,1.6646121153860995,0.0,0,3.1004128879603883,0,1,3.150513281469193,0,0
0.0,0.0,135748.7834983765,18688.78392671659,0.5813174756969054,259.658711252251,0,2.947018587165747,0,1,2.109308930043107,0,0
1.8231151776857883,0.0,94464.12981326871,16942.712023344317,1.3238664550504176,0.0,0,3.8193494212168972,0,1,1.9484219797893885,0,0
3.5785159863892724,4.032693197584663,57288.86363054106,27402.985863089358,1.5990082613057348,201.07152482317343,0,2.9782947940934217,0,1,2.7570991724302027,0,0
2.9011650519490746,0.0,44198.31628220446,7347.597637663195,1.0327772469813394,331.0848024795983,0,2.99547813730401,0,1,2.2806360498495355,0,0
1.3286603062721665,0.0,0.0,31965.584118502942,0.0878606592676121,0.0,0,5.122536973635879,0,1,0.4163793024524054,0,0
0.25203967800404814,0.0966922605390014,76805.25896357145,27304.173640462875,2.22537289785145,0.0,0,4.09020252645187,0,1,0.0,0,0
2.2497324939908143,0.0,102263.78188672,5027.345088542316,0.5408761179349112,362.5537835650555,0,2.8690046579561232,0,1,1.908049451606585,0,0
1.8429859319678321,0.0,59025.947747028724,24727.988683723142,1.4343616145472857,0.0,0,3.1209419475725237,0,1,1.271760041530773,0,0
0.0,0.679335809587664,98906.44752134322,20134.40132091157,1.4590205347493055,169.01290040070336,0,3.9029526214014703,0,1,1.2357230902330558,0,0
3.477234346419305,0.0,60199.216859387416,9631.694013319624,3.267345579384772,0.0,0,3.911179668316628,0,1,1.6759759175185098,0,0
4.049173476022704,0.22992306045034072,52429.10453162836,24600.351644252754,2.231925009674602,0.0,0,5.015779626851712,0,1,1.715810115655401,0,0
3.038676545865371,3.5166291778488534,158357.08543158838,31993.12085541236,1.7130043136983268,165.94954740364963,0,5.019792516033361,0,1,1.864028191708259,0,0
3.649384228821571,0.0,92523.52298764713,20187.201046274167,1.9719168546355654,458.0510343480556,0,2.984575451510254,0,1,0.6850548702916135,0,0
3.4318438723923443,0.0,107510.38072839125,42082.1734331578,1.3684936932032539,170.79399828491307,0,3.9853247661098647,0,1,1.2593138181920924,0,0
5.373005337431154,0.8669957482188116,58855.183951395426,21192.90981211637,2.961858885964486,167.70062228973936,0,4.864217852344929,0,1,1.4841967276565278,0,0
1.273161687686458,2.0366109080172707,65915.41648449645,34152.705619831686,0.769313502995002,194.801392024886,0,2.989247182776456,0,1,1.3265809745521329,0,0
0.0,4.547067326071544,102731.95357544639,35659.484763396016,3.278648084103176,538.8294173235483,0,4.127060500397348,0,1,1.558813054868905,0,0
2.6857221388869377,0.6288921606673411,141069.0965347326,49343.93129476819,0.523362858359737,0.0,0,2.991116493352221,0,1,2.085746635241978,0,0
3.3919739517101233,0.0,176464.99222781815,10313.331384870811,3.8725622923776646,0.0,0,3.1875277551607337,0,1,0.9279532661366474,0,0
2.697269461019647,2.252129952587542,95767.89237296756,13350.09993012893,1.5036850577571594,408.1274599331662,0,3.99992835762877,0,1,2.1759492512931407,0,0
0.0,0.26975413311785884,95621.36850035602,15731.074673423445,0.4657183891795216,0.0,0,4.911877479738483,0,1,0.2509533721983569,0,0
3.035324005804025,0.1629697725172699,7022.222727203596,25496.419311869213,0.5350073917434348,0.0,0,2.9059643850764507,0,1,1.5463201438201917,0,0
3.2591300580137452,0.0,19082.325711797188,18273.984618210987,0.5142245614052238,0.0,0,4.113744916112877,0,1,0.0,0,0
1.0288213896838978,1.7724641207296146,119691.0364181856,11349.996269699464,2.2699998069392953,0.0,0,4.030268036530408,0,1,1.2378549830062036,0,0
1.373468806983388,0.0,86181.85818030914,23967.834353688395,1.4013514253557964,280.26619881119797,0,4.852643840989236,0,1,1.975365442664659,0,0
2.2876956875133523,0.9538745731832536,21818.870454843254,17591.297764402927,1.1643143344576306,216.364298687823,0,3.0151938518682653,0,1,0.8861788352128418,0,0
0.4758401902863577,0.16464237912235202,99924.7433139152,24957.044894714658,1.3402964771374402,0.0,0,3.0563438718451446,0,1,0.8631008577732228,0,0
0.4164280198911219,0.41271867891572667,53656.94038332461,27112.039988691904,2.473177782057265,412.2019165697642,0,3.864133040302707,0,1,2.287570749103685,0,0
2.86325616427198,0.14702677334591208,43893.18842674243,20697.913588817566,0.17849858719059541,0.0,0,3.975813459027078,0,1,1.5202876136630197,0,0
4.554085895729803,0.0,141180.4158296405,33666.854221296686,2.136375753024489,599.8597518055367,0,4.910761018246978,0,1,1.1757051921782686,0,0
6.440781470019369,0.0,91657.94542938402,14028.826133145934,0.3329834033562711,0.0,0,2.9529895466098104,0,1,2.737605815678458,0,0
0.0,1.4032256754910395,112456.56009043635,31352.67944238586,1.334866647110088,0.0,0,4.895696971451659,0,1,0.6739362344750139,0,0
3.54603952763793,0.013189544135933373,138534.60139916642,22595.47470052902,2.115315669464912,0.0,0,3.796686080292278,0,1,1.8193737367448524,0,0
1.9065441274755965,0.0,144594.2230508374,13029.58788680559,3.2095646194495977,0.0,0,2.854251988616698,0,1,0.41806317745638566,0,0
3.7107375554938264,0.0,111280.24704726317,33548.8168177994,0.6790878724047347,176.31721025930426,0,4.103821155450876,0,1,2.7763940647253933,0,0
4.618030442272353,1.0517525086919417,60739.566629068206,10861.960719834959,2.310005873151053,0.0,0,2.939960944446354,0,1,1.2800244073762057,0,0
3.3345096328703576,0.0,144428.81312435862,33229.14679928886,2.7600012102249867,0.0,0,3.189646381437242,0,1,1.5121257577471718,0,0
0.7995001114571983,2.4588596466631505,80935.12275846934,36588.12070437777,0.7316572937072472,169.34201792704644,0,4.889761847497605,0,1,2.5117274842794948,0,0
0.5370081562601199,0.0,59501.46777847051,0.0,2.153601147816516,599.1980054280974,0,4.026229604382668,0,1,2.2059682035914925,0,0
0.02120047168015793,0.0,0.0,15592.18676693865,0.9057303049232035,0.0,0,3.0246556681942063,0,1,2.2279985352959644,0,0
0.8445917397853031,0.9321726379826077,75583.46312949205,15132.523094816643,1.3241988073281061,0.0,0,3.99817725619643,0,1,0.39687537792824346,0,0
2.018143373447528,0.0,133433.85784003732,22124.36160753656,1.1323465576173843,0.0,0,5.1215731377332165,0,1,1.3083004437332093,0,0
1.883005118657864,0.7129457089683564,39005.082412674376,13012.682659037799,0.44752102095724633,174.92485734439322,0,2.8667837236712645,0,1,0.7031446454558303,0,0
0.5456604463064517,0.06057127015061202,48297.95602982542,34698.04793751755,1.101640791222131,0.0,0,4.115959282046146,0,1,1.2707226918433019,0,0
1.4602812580120945,0.0,61435.75615377992,23611.69040988062,1.8000338293132854,0.0,0,2.963242412537875,0,1,1.0182697083710586,0,0
5.143405947179811,0.0,202549.33116601384,18512.664965126423,0.13482785990966717,62.99570933797367,0,5.04639333052965,0,1,0.3885230164643628,0,0
2.5124266445797465,0.5510290028444496,31256.178586442926,37768.793449998404,1.0716766727392546,191.5613456259388,0,4.983812303822029,0,1,1.846512466962628,0,0
2.6024721599396887,0.0,54126.45593567683,26713.133901187277,1.4507285906410516,0.0,0,4.154149833444005,0,1,0.7949309666063595,0,0
2.6720999740987113,3.1615479458637603,0.0,39006.71590263202,0.0,40.521467435107596,0,2.9064030638412164,0,1,1.748711130001628,0,0
3.298740272307774,0.0,119801.42470483467,29170.33810792121,1.3889739512606254,116.83727130761328,0,2.843504726529812,0,1,1.8806911833259752,0,0
3.576087611618166,0.0,83481.14023807083,11478.797705872714,3.1690833372170335,15.304384239598747,0,4.07406867937663,0,1,1.0962839888509601,0,0
4.53762212715813,0.1725139250543053,96400.99614781523,20144.7348154632,2.443933214068339,126.65206663107222,0,5.015205247894337,0,1,1.6761422352528317,0,0
3.582577741508345,0.450309141039523,133865.73495352524,55952.91046830347,0.9688136527350084,0.0,0,3.0363266983729207,0,1,2.3451518496648354,0,0
2.7755975660578738,1.3864827295304116,99766.19971427943,0.0,0.6428165943084792,0.0,0,5.13133527471396,0,1,1.3672096268865275,0,0
0.0,0.0,126590.30083037006,7408.1004291315585,0.0,0.0,0,4.024383047664713,0,1,0.07708702429706638,0,0
1.7974485760185361,2.3095613369440273,100699.54304143703,2419.4255279999743,2.831947913186983,0.0,0,4.971153629984936,0,1,0.7051111473488818,0,0
0.8233356645871631,0.0,79971.98006729157,25192.470527852314,0.9886332703119446,0.0,0,2.9971063839288954,0,1,0.2713168518277914,0,0
5.977481191069211,1.7055865868293252,50732.219627527724,19367.08498868077,1.0953068706682934,231.79914780541955,0,4.2057256328964625,0,1,1.5973680756628421,0,0
4.1243924079915715,2.9923940001879137,8491.25921597279,12011.106159995044,2.8675266194834674,202.59801729423415,0,3.0344318026976334,0,1,1.422986365106643,0,0
1.9873655504428975,1.138060929977723,118407.60433852163,23294.357229782385,0.8325825669573685,0.0,0,5.080788989630761,0,1,1.6538104574864807,0,0
0.0,0.0,118508.56866518673,35124.48253857782,2.199273678331108,0.0,0,3.9163732627687065,0,1,1.680020484303121,0,0
3.284948092253171,0.0,30889.130445219344,20543.649905971044,2.791851933089703,18.515551537976144,0,4.088689284244347,0,1,1.231942454067949,0,0
0.6756798782217253,1.155812146691753,9894.550161293504,35795.84725048191,0.40540793067844505,169.6072572486581,0,2.9582038258738854,0,1,1.8796055710871984,0,0
6.546764820506471,0.17974683751646825,76095.22083628003,24059.024505963593,1.0930579197743386,0.0,0,3.8175754905179113,0,1,1.0207596226306614,0,0
1.8865135688534418,0.0,217851.26016397247,32128.368740490452,2.304586267463443,0.0,0,3.0222326825480086,0,1,0.4917308074128057,0,0
2.614453428324747,0.29904734026432456,91627.24942582703,22729.93209443027,0.46230424814963367,252.5877497988402,0,5.013097317273808,0,1,2.085896092930404,0,0
4.289410408464708,0.0,86403.41339538191,21309.743959335818,0.28267540989525175,510.5034565144124,0,3.0374233156464823,0,1,0.27064455929919795,0,0
4.420381374014385,0.9749826807319345,134709.79278396443,44913.79951162241,0.47550901063588413,0.0,0,4.97220524902544,0,1,2.286597469233737,0,0
2.5160401608515723,0.0,134669.91344320372,26988.413469592186,0.508152612050048,170.7445319708311,0,3.1100357930755314,0,1,2.423713789018232,0,0
3.9335079433665108,0.0,95841.11359619867,30724.4903925904,2.468867754281549,16.788795041394824,0,5.032298617812934,0,1,2.1479016356129157,0,0
2.2938540418427382,0.0,91597.43632956823,31960.703914770605,1.4001159961889225,340.290048681414,0,3.9652093778796034,0,1,1.877429548959011,0,0
4.0548850439193345,0.0,8048.491978102293,17431.173454565935,0.8454595177353886,0.0,0,4.1125704751609975,0,1,1.2616766605270482,0,0
4.558285440313563,0.0,89629.87206998051,30709.58986266326,0.49824026738608806,47.57105405267584,0,4.038490857366475,0,1,2.249221478128362,0,0
5.4361780836552605,1.1053981834413975,59530.53883499607,8368.054857796802,2.4967340951307886,0.0,0,5.015352499339698,0,1,0.370938555467211,0,0
4.004486492188011,0.0,85037.31437850761,214.30276307070443,1.7649444305541517,0.0,0,2.949689265275296,0,1,0.49264916256843816,0,0
1.8944607340125086,0.04411433357998423,15980.811401911878,12668.09114382167,1.361569323935858,287.15055508942436,0,5.207281322154864,0,1,1.0612263870238885,0,0
6.9387407156706065,0.0,40462.87020672455,22587.484895386442,2.6698191233055955,0.0,0,3.8961773317453168,0,1,1.429240735169922,0,0
4.071375637095866,0.0748355587746927,44770.49069505383,13277.661959202906,2.1274269140474207,0.0,0,4.962731094730225,0,1,1.8395610747784445,0,0
3.0276258460193244,0.0,56794.010310376696,17284.324659020014,2.068242752708417,272.73961256601945,0,2.9631401577051446,0,1,0.25268332042191355,0,0
3.110576604400548,0.0,156880.55329267192,29123.597139226647,1.6309335483053522,173.09459599977205,0,3.980646108793241,0,1,1.6102969196469539,0,0
0.0827667840520736,0.0,83392.26598671719,12938.992566021072,0.6875942234711657,106.07508314764914,0,4.062801324917128,0,1,1.4759023060525334,0,0
1.877587464977737,0.0,99266.63171159719,29156.447758052993,1.9112376369357729,0.0,0,3.044910625334149,0,1,1.1928857445568328,0,0
3.3273779563070707,0.0,141647.2333053475,7590.420144324884,2.5306981532004293,152.5459757678526,0,3.0583751333409745,0,1,1.5770668620494088,0,0
4.313312454097812,0.0,99168.08688183372,15226.441351846024,2.1082321276330447,0.0,0,4.990758486178659,0,1,1.518136651423398,0,0
0.0,0.0,112280.01593094046,37608.30693647813,1.6064419016590903,0.0,0,5.121096137520622,0,1,2.123016944652499,0,0
1.6569530443821519,0.0,132973.29590058888,26246.81567594954,0.41203013597197946,0.0,0,2.9188850215803748,0,1,1.7830135879469342,0,0
1.5611316564474509,2.1610976903420993,0.0,38260.56471297167,2.0004558613759174,200.5760427994497,0,4.911497342971786,0,1,1.9814958906666367,0,0
0.0,1.3370172829461335,112377.41234553422,32697.17654423385,1.2737606217778734,179.12339565234876,0,2.8721423502952588,0,1,1.4874382559804191,0,0
3.8167192111145667,0.6321534628452297,217383.66538492558,12264.17264851941,0.8344907761908302,11.276331684357688,0,2.953887029643015,0,1,0.23783694794017207,0,0
4.536170393995754,0.19030257540173806,60601.4131951506,28514.02994210676,2.8677448590072396,0.0,0,3.010488899871606,0,1,1.596468738757875,0,0
5.076588569863276,0.9916029413621098,101518.82214971886,19800.74602060284,1.9048707949973884,336.0916600749494,0,3.941222566415391,0,1,2.522076532960191,0,0
0.0,0.0,55565.191563315595,5742.263279885206,0.8269457964819282,264.7237194197928,0,3.9474831668133783,0,1,2.250477968675622,0,0
3.308068233073309,0.24550456738663895,40130.44977440774,15751.640106032904,2.103719051632844,0.0,0,5.116277831350468,0,1,1.8586504949485407,0,0
0.0,0.0,36192.06289460202,40069.43740822216,1.7026617072026107,447.4110247173777,0,2.9279144195661515,0,1,1.173517071912428,0,0
1.4784648812656473,0.3028588000934401,134005.19693659272,25646.253632043154,2.3114525502767185,0.0,0,3.9668370042318015,0,1,1.6350661093129433,0,0
2.9962670602991612,0.4983803933114967,78384.95547855477,12327.408334517295,1.158311248145775,34.88261263528621,0,3.039765168034609,0,1,0.13756028612327953,0,0
0.0,0.40474505430760854,82120.4228950784,25487.6269400641,1.8749193000070217,59.19524734823193,0,3.8252442049812516,0,1,0.8882032957820482,0,0
0.0,0.0,38009.932143940576,31124.067424393503,1.582902015457032,93.12287849320494,0,3.874391216684655,0,1,1.8520956984053347,0,0
1.166754376603934,1.124128765941351,87651.24710846026,31395.063613929196,0.1023621315176001,0.0,0,3.0795575761664336,0,1,1.0959890027238208,0,0
1.484831727300447,0.0,100190.2027431506,25562.3685563716,0.289440333729571,0.0,0,2.806520128434855,0,1,2.5431455138410812,0,0
0.6175918143100774,0.0,95523.04604587889,30142.22116539142,1.6958450952181097,0.0,0,3.8452068709315643,0,1,2.1888383357907166,0,0
0.0,0.0,85507.45024526295,26418.203149942412,2.4029599553934946,0.0,0,2.826136879256527,0,1,1.8595505177346583,0,0
0.20912024366589244,0.0,76432.49549612687,28014.68897701346,0.7389482330757702,121.65617503085981,0,4.963177893275116,0,1,1.1298315576249456,0,0
4.010186870319771,1.2928949143651816,82535.67751673807,30729.631193686408,0.3956387320056506,56.01793305583243,0,4.866141050782123,0,1,2.7937943299324126,0,0
1.4527033064412778,1.2499626145060294,110113.24050457696,17095.03239527417,1.3878152852389833,430.34954380673963,0,4.911123046125249,0,1,1.2723797155646077,0,0
0.020869086371250956,0.12025941040298554,90511.7299529797,10655.422916921694,2.6753020685995166,417.564646698189,0,3.1211185996080166,0,1,1.764950417770457,0,0
3.4645078813630814,0.0,144093.49429850493,24567.11372033192,2.2898718226804475,52.06085206295351,0,2.9785130856359907,0,1,0.16745895002059097,0,0
1.9273116216966322,0.25936152704962545,115477.20823881327,30017.741908945023,0.4713004384759121,451.24275904018805,0,5.022981070618272,0,1,2.5026684572047238,0,0
2.8951030733899024,0.0,180525.9349634976,20265.247304602948,1.4759489930430716,133.66896672078713,0,5.037162414610697,0,1,1.2426765632724184,0,0
1.9020352607911033,0.26808876783410945,100442.1824309578,1807.8221033109285,0.28837072207976977,1.3404671762323996,0,4.111272995788248,0,1,1.3055822612617058,0,0
0.660067000630987,0.0,152937.5959867992,7044.6476903687035,2.5033787957880937,528.7429869986439,0,2.9494320045911744,0,1,1.2206930669987734,0,0
0.7184007698599977,0.0,120245.06561670084,39073.554390979145,1.6607340481491513,0.0,0,4.991706685180937,0,1,1.2001169360642738,0,0
0.9789265584882991,0.41638467596357054,34057.03713678302,5932.329932097731,1.3884521177824225,0.0,0,4.975808079336224,0,1,2.4548170892961694,0,0
0.0,0.0,123430.73869662092,16198.38308027668,2.124852102595806,0.0,0,4.894636425322321,0,1,3.0985089138031277,0,0
3.2524517751136783,1.2157773281019952,94456.78211977927,28529.128403952276,0.14978150440861737,64.68290696573435,0,4.983241973268982,0,1,2.3467508795723746,0,0
1.6048595516536837,0.0,141142.30343656059,16277.395353878548,1.6419254606229456,179.50597589022934,0,5.031872416210827,0,1,2.4190413818737344,0,0
3.3992964471351996,0.0,48551.518374962194,22224.2526739733,2.8470651096127284,0.0,0,3.0907240766429203,0,1,2.0071660540342657,0,0
0.4487101804342667,1.048466381001791,49571.7392732625,28782.4538167722,1.6791512104230213,0.0,0,3.9077795005466816,0,1,1.072434953480058,0,0
1.8890502614956932,0.0,64627.51411169973,12408.148778392899,1.1575481144384914,0.0,0,3.113816715922256,0,1,2.5229872369292727,0,0
0.7511594944856719,2.042761965643005,100651.34735353498,38110.12300737452,0.9319509666450817,0.0,0,3.9585821007933433,0,1,1.0328486109383708,0,0
3.1492345953789225,0.12647914116863562,74938.61883008212,44587.215146172806,0.5554924314028038,389.509942863322,0,3.1288689166962755,0,1,1.973337293420474,0,0
5.6040345691487,0.8883190781628569,85192.28580944956,41196.403560520455,2.9206867860101906,109.53218601349414,0,2.9969837357511677,0,1,0.502020446149068,0,0
0.950766251238036,1.4550574248769002,70934.72332471017,25702.457843932458,3.176994718420171,0.0,0,3.028982636931099,0,1,2.423467153062734,0,0
0.0,0.0,82831.20354821444,9600.86328219173,1.5208450609367485,0.0,0,2.9599048306143407,0,1,0.8802724713892114,0,0
0.6301824374968841,0.0,50574.459654624705,41085.78168767957,1.2082402958513074,0.0,0,5.163723770209741,0,1,2.9358576560582597,0,0
2.5436567438682833,1.0539332163798916,139316.25901655617,19131.570462474123,1.2417547136146156,12.91136051392398,0,4.90637727437494,0,1,1.5713286887874327,0,0
3.214535970193668,1.9096485543530228,63660.29081584538,52072.97399003394,1.2997931255025268,28.602887107181612,0,5.107795018913059,0,1,1.120124787386743,0,0
1.5452213140764852,0.0,76690.93292200036,19479.864179818323,2.239488356733131,0.0,0,3.883808363138092,0,1,0.8824636933877489,0,0
4.341418908400163,1.5655737960737426,125866.25766411884,37171.758348249845,1.042208909900658,81.32809576718745,0,2.9291568730791715,0,1,2.8432651454407156,0,0
1.6819748067533578,0.0,0.0,33877.48769232014,0.5925977844095333,0.0,0,5.177500512758821,0,1,2.33018830987159,0,0
3.2634234758530707,0.29434386819112957,6958.856468324651,17854.553426378807,1.6130745600233407,32.220483275644874,0,3.066246042349563,0,1,0.7258267613667109,0,0
3.114654387322922,0.0,106966.20777832689,14507.593827446255,2.1263272589990345,0.0,0,3.0282358764961343,0,1,0.3198167089216123,0,0
0.3816576287294984,0.0,72390.48137414637,6917.073460260866,0.8507843446890817,234.81810735497942,0,5.021095199454326,0,1,0.0,0,0
4.578537011825701,0.6653849536872488,42269.620005391065,19839.700144544335,1.325668298289853,347.99084459368396,0,4.116524332895679,0,1,1.4755472250687418,0,0
2.257835680477074,0.0,92426.73417827534,16317.701310968969,0.9159054144653853,0.0,0,4.038497218634348,0,1,0.0,0,0
2.7977418665843476,0.6958957685512558,138750.17944038275,1848.3675835508045,2.145824184895836,201.86538387126794,0,5.003477705545858,0,1,1.39311721280549,0,0
8.079282502099005,0.0,114296.88062315455,37296.62463921951,3.4054509105760453,334.1160676979553,0,5.048425850122574,0,1,0.792367238432782,0,0
0.24123313132839863,0.0,108146.57788651885,27409.346129946898,2.099289976609851,209.37982616272305,0,4.979286004108682,0,1,1.8594270177403285,0,0
5.769804626390942,0.0,66179.8188742682,38265.87495779884,1.1953761941737266,0.0,0,3.9582839903010276,0,1,0.34775387962957593,0,0
4.2623484182681945,1.533891839280855,84816.94140009224,18013.38351359624,2.7614166608211637,326.7755634145287,0,4.925000926806844,0,1,0.6539461905072225,0,0
6.034149531728353,0.0,100016.3454138549,7342.1052661631575,1.8907972311177421,0.0,0,2.889740607145747,0,1,1.105874972242734,0,0
3.647666431546524,0.18329863964446252,71726.90991110181,28629.247535622475,3.0678713575638263,0.0,0,3.048253362852602,0,1,0.23702245759820884,0,0
6.50319877880903,0.33941343513608113,113194.44579034008,8830.949257775665,2.8941176809542832,14.248888212292051,0,4.982981132811415,0,1,1.9594077207030978,0,0
0.0,0.26483708150983437,104343.31679952188,4960.273141899359,0.3176280540114098,0.0,0,4.829379734662838,0,1,0.31927092776854726,0,0
0.0,2.7691288035842465,136729.87955834795,32032.133844112814,1.1079065560395611,281.711980483376,0,4.95851146154321,0,1,2.4052588394698753,0,0
0.7268456214977945,0.0,33579.022896736366,13021.47724888377,2.4653971696318253,0.0,0,5.030446036028691,0,1,1.496226040178465,0,0
0.6930049476549827,0.0,168092.48986742838,38262.92938980322,2.684560160137706,67.45509115500633,0,4.927386666573718,0,1,1.7044736497720974,0,0
5.178019744814884,0.0,85275.10999585835,35171.73593305448,1.4261903924123804,0.0,0,5.030349083546335,0,1,1.2676491707462767,0,0
6.120521479647708,0.16244971372340944,32297.116900447803,19932.18038559414,0.423933584695232,386.6043646817327,0,2.765709423530941,0,1,2.626128826330709,0,0
1.5707939343820145,0.0,151891.36991418336,24737.172168868758,2.647202287648625,205.75285707517114,0,4.163260660655047,0,1,0.9362265895628301,0,0
3.772850105896008,0.0,57030.85209766717,32140.939635952767,0.26458466278885284,0.0,0,4.0283705585319645,0,1,1.1146435282431453,0,0
0.13319879204148988,0.0,0.0,30687.524985041135,1.763700194295482,354.81679140221,0,3.7984081603738056,0,1,1.1995072768566553,0,0
1.4431914009914049,2.676698593738686,103551.12610682362,10091.834169992535,0.0,79.86751591090396,0,4.641043573334388,0,1,0.0716402818065397,0,0
2.158503763006418,0.0,141097.3093628117,5100.219927442644,0.3957653082160787,51.45418412336886,0,5.025408330661428,0,1,2.8139915489827447,0,0
2.09954680669839,1.518356986560782,97626.08634073887,17624.722620026532,1.8223490734697552,555.8567148210691,0,2.901384310494306,0,1,2.588651305386425,0,0
5.5435810210289365,0.0,38762.73189057414,29214.87244972379,1.8980922525840596,0.0,0,5.0317575575796,0,1,2.581277907737774,0,0
1.7923399079187323,1.3605833710983533,106953.60820428625,32631.96660927215,1.1038750080217108,139.77956781966137,0,4.088090212200485,0,1,0.6967845251282584,0,0
0.0,2.0283236358291377,37558.047717358764,13878.400945472307,1.9042234814440944,0.0,0,4.918584479386046,0,1,1.3627607822518897,0,0
0.0,0.7043251339664167,27190.48366855557,21344.52205030031,1.6602419158651225,0.0,0,4.076965752544664,0,1,1.071622973267417,0,0
2.0803860552914086,0.0,20152.2415313349,18279.199274254606,1.9058684950629607,410.13332123910243,0,4.0942422495224555,0,1,1.9296505538276585,0,0
1.5565336568847243,1.756902078252212,50902.21555573538,10694.814943423537,1.4924279206085882,0.0,0,5.04692866978964,0,1,2.0275343701336355,0,0
4.827624490243245,0.0,0.0,31941.525833477943,0.0,0.0,0,3.1388070853595846,0,1,1.7978262352705832,0,0
2.985273561708565,0.25585878968921677,88491.7304041327,23518.68937960527,1.3047026353064028,111.05383240433511,0,2.903836531936374,0,1,1.0381212289247277,0,0
0.0,0.0,72798.44465099307,9143.127643049831,2.742903949892363,371.88949726205817,0,2.857292436804579,0,1,1.3952311893476959,0,0
1.6667905191859294,1.1992061617500651,67052.42827504399,20594.768801762675,0.4354994724666499,0.0,0,4.827764190074439,0,1,1.6804611097516697,0,0
2.265632649998206,0.2309787586914416,119029.98962088628,28741.158692916404,1.7770029033279766,263.3435596213602,0,3.0065363881519502,0,1,1.5390339100781056,0,0
1.6161044249624261,0.07526503235335458,68059.33153540357,24649.88721089455,2.7052880864854587,531.2990434373585,0,4.046235086625075,0,1,1.7309993246398268,0,0
3.0935502507849737,0.0,64045.057911394855,19545.424388911564,1.8062698863821467,556.1090968109951,0,4.066147629427366,0,1,2.490690150156957,0,0
0.0,1.0576033123962805,91128.32531232214,17131.413230494592,1.341522453637296,391.4726684154926,0,2.9941869734972406,0,1,1.0510176953851604,0,0
0.0,0.0,59830.68086272435,17450.38999634418,2.0273139759869876,404.0320100072034,0,3.032926589375073,0,1,0.738222900343955,0,0
4.555693604147722,2.858399485706233,88854.18928402376,18820.72220952825,1.6473803533868472,305.92353211826673,0,5.034405510177233,0,1,2.9886089743583537,0,0
0.0,0.0,142469.20969599247,27818.59667594001,1.1617453880197943,0.0,0,3.045701188042292,0,1,2.964165762990892,0,0
3.492553290616784,0.0,20911.024198103503,40344.2274894685,2.0629709517022032,150.83429622668947,0,5.053724361837871,0,1,1.3365286584186222,0,0
7.000147824811646,0.0,90990.87751449208,31104.904762824342,1.4826373955802559,170.62998829894258,0,5.09478237813277,0,1,0.03720363335760357,0,0
3.9498656484122687,0.0,46506.69355010001,17824.986958197696,2.293599872441115,197.72073810761887,0,3.86983914893638,0,1,2.0221521699541394,0,0
4.742342135394331,0.4440916585816975,134131.2932746294,10991.524836067567,0.0,0.0,0,2.923266248306311,0,1,0.17880356894879434,0,0
0.7644605391745245,0.5146643672932755,25775.727815552345,13580.529123590017,0.8964016773655475,204.50437690462408,0,3.0510489722019893,0,1,1.514028466712927,0,0
4.647644289986638,0.0,159488.01622739492,26652.46381633536,2.9500059060090473,336.2339712411304,0,2.826481581877519,0,1,1.185042351947966,0,0
3.5858258872994995,0.0,139851.27965774498,27943.74377491768,0.0,85.35945444000811,0,2.985623174115411,0,1,2.689810298810785,0,0
3.8753661946964924,2.1313501947625366,26922.155223213525,26439.711398457308,1.021205758703891,0.0,0,5.107196056933381,0,1,0.474647790377415,0,0
2.3003927712737537,0.0,76342.63896355778,17253.96454269122,0.26974016389484645,0.0,0,5.158902277648665,0,1,0.73767444368141,0,0
1.7405004524094911,0.23614556195076725,111140.01586151082,9288.540341272686,2.4821994203790796,156.22593471617188,0,4.067182599774516,0,1,1.4908337138151533,0,0
3.82304171092186,0.0,146226.45136234062,13705.595150262247,1.637009857406531,56.42916855902983,0,4.041299593191913,0,1,1.8180144205491873,0,0
1.6774002777585715,0.0,108704.54850837449,10868.018599207357,2.0849230385933244,0.0,0,5.098813578995349,0,1,0.6799517787237286,0,0
1.6996597140108478,0.0,40818.23574079956,34407.03818050629,1.359431650446596,123.91089435601242,0,5.043694627403661,0,1,1.5632168861458617,0,0
3.6641299573915322,0.0,102118.78745498887,41740.257294622555,1.354766596063051,0.0,0,3.067842413918081,0,1,1.6989162748496416,0,0
2.3813190800452504,0.0,94100.59667692159,8512.131095560402,1.5186883123295907,0.0,0,4.197444145724419,0,1,1.275903461738881,0,0
2.7424658447671737,1.5812366774492062,0.0,27376.385246781898,0.7705300691187387,0.0,0,4.005494307502684,0,1,1.7420769942844054,0,0
4.867366227674411,0.0,68791.68712758439,24088.852676465667,0.8552509295712344,0.0,0,3.9753175308003237,0,1,2.4438463163554998,0,0
3.8847694575978107,0.0,39684.947919785285,9734.887638689814,3.2039859894238663,0.0,0,4.138611173345741,0,1,1.2114902516062704,0,0
0.0,0.08894457605845135,71650.34718404758,8001.923544085989,1.8453217012285412,0.0,0,3.9869223630550414,0,1,1.1816152509325961,0,0
0.0,0.0,29278.418315757306,22571.378756204303,2.4486435377437843,60.566736441649,0,5.050512454702823,0,1,1.192678079149814,0,0
4.5699146914617845,0.0,87470.28722438536,20006.61090033104,2.5206071574732567,86.61295597459085,0,5.0816491362382,0,1,1.587026311272073,0,0
1.0252829909826686,2.2733560524623577,183508.7176024594,26247.716101609465,2.796737785086856,0.0,0,4.881541506063986,0,1,0.7793633038804295,0,0
2.640203336421817,0.0,70973.92517456668,19876.8731882064,1.6416230581191646,0.0,0,4.9970558700699135,0,1,1.6492471566609894,0,0
3.887067339868277,0.0,77039.51882143221,21894.90299264714,1.0410645453965999,27.95957802736693,0,2.9457939529311634,0,1,1.1743092372812454,0,0
4.704048701481847,0.0,77525.36043526212,25995.180909411858,2.359306396562512,0.0,0,3.9598822340809203,0,1,2.2644828467481743,0,0
3.3055247665769274,0.15955588200391613,86506.04367015987,35639.43731231827,2.8117344187588293,0.0,0,4.088412891863832,0,1,0.5930302165362457,0,0
3.9128388025637397,0.0,122239.67449981524,15282.196816480891,1.4629510305284001,79.05936408096967,0,3.8794077542528953,0,1,0.869211505201879,0,0
4.064321863554515,0.0,13793.72429449396,29953.81492361451,1.632842732389441,372.00220325169266,0,2.9716482851817636,0,1,0.9688638965112202,0,0
0.0,0.0,90779.90723776609,10978.176234042148,1.1635868483831926,0.0,0,3.0279883420241114,0,1,1.3327625633267342,0,0
2.6681469304956393,0.0,103680.16583478077,10456.327838792578,2.135858192557143,59.97626067458985,0,2.9907445524696636,0,1,2.1986977175921956,0,0
3.0409488900818413,0.0,131522.5001507907,27155.017803193656,0.663132810348355,0.0,0,3.0376310622255045,0,1,2.6287667758163353,0,0
0.5051884606069093,0.0,90704.10460452733,39005.868058357475,0.22898376548864496,147.6803456607884,0,4.059182122488572,0,1,1.531140773442468,0,0
2.1371346250907677,0.7356624628101096,98562.59869927334,27396.850474594157,1.0054871425942205,780.1307564080762,0,4.068134576536582,0,1,0.5429146616817346,0,0
1.7656448379758265,2.67857153674558,20103.718429869376,18263.31324958211,0.005368618652727641,233.169274731746,0,4.115155678249747,0,1,1.5163029192723498,0,0
0.010056783044997797,1.2830544664007282,113842.34946674028,17315.932163775044,1.9146274500356286,141.15375857794973,0,4.245828357702265,0,1,3.542540138500816,0,0
3.9903211722792498,0.0,94171.42751974659,32980.23203794503,1.756793018045956,140.06640728485158,0,5.095772638029923,0,1,2.0800963514324287,0,0
3.8604564102099497,0.435447275260462,65360.62691027925,29281.74650387771,2.284201196651505,101.00850771561932,0,4.995049778247057,0,1,3.037038919757167,0,0
4.604805787116643,2.35380288863517,154652.8584897653,14555.354704836824,3.93098211558451,0.0,0,3.0478375225014367,0,1,1.0083661269771504,0,0
0.0,0.0,68725.73104286412,18184.203389219314,0.8155715916248107,0.0,0,4.966065105536271,0,1,1.7647228276026863,0,0
6.741107885882485,2.4001004933648233,135883.88582394389,32186.77377827784,1.882880484585619,43.05003407525762,0,4.115726297794157,0,1,0.22280230535037482,0,0
0.0,0.0,98580.52258043525,25199.77185817782,1.939962165948534,0.0,0,5.030138683627772,0,1,1.1369469437615594,0,0
3.6795347260850604,0.0,82404.26779578796,24056.40171868174,2.923283288530336,0.0,0,3.1680154672867364,0,1,0.6537213308165514,0,0
4.59515183434129,0.0,0.0,18694.003577444633,1.6253820332807054,111.73744592205364,0,2.9649748026607075,0,1,1.5365875244187932,0,0
5.026347375886851,0.0,150173.6963289979,41137.17406571271,0.23859049671539656,195.80866764770172,0,3.971512172328802,0,1,1.8239682642048514,0,0
0.31973885274361025,1.3363613137686838,105659.51383796899,27697.538647638416,2.203838990208487,163.98147226142245,0,4.978443676033464,0,1,0.35988821775955226,0,0
0.5548221102326452,0.09310572363090382,75843.78858982625,25103.980853942845,1.7705195628850592,0.0,0,4.946605971878967,0,1,1.4277882005825018,0,0
5.2660846478654575,0.0,90228.51588938346,10400.1953882156,1.7494158392255428,127.51697749852806,0,5.058633943780031,0,1,2.0017347536935546,0,0
4.229374520924497,3.7768195121212624,132888.23559702397,9453.417220273166,1.4451840555254545,0.0,0,5.02674308760649,0,1,1.6793659013991886,0,0
4.51078216194691,0.0,66109.80716690219,12499.035444697636,1.7996975842788656,0.0,0,5.035837964902466,0,1,1.934329020312406,0,0
3.697821427695972,1.9367793577421846,113256.51689661147,9109.317751196895,0.5879880282744215,0.0,0,3.7925579380125396,0,1,1.0692425268089025,0,0
1.150738003431457,0.6272592779179466,146618.34937729375,32991.17238950497,2.198014413948246,9.77193475437304,0,2.8972214888802927,0,1,2.111687022216012,0,0
1.222966600174843,0.0,157579.3169892974,32498.127376174485,0.9558781809106893,0.0,0,4.991806795878399,0,1,2.4710794654171626,0,0
4.159338725206412,0.42380144394670305,50520.96425736212,15762.806861179151,3.1939315216188504,51.36054442423347,0,3.0125392968665747,0,1,3.0030153152924495,0,0
0.0,0.0,58974.62685478956,2648.751565917035,0.5900800662693937,76.01071543314592,0,4.168478192600948,0,1,1.3460666740174965,0,0
3.5132920426045393,0.19412010787162107,147251.93362751105,40599.97472432546,1.2628947170882774,275.38401304662045,0,4.900273711254275,0,1,1.4502621036765002,0,0
3.3455710006002266,0.1213581268238031,92337.5130161003,22866.673233229216,0.7076215837475099,143.43717105697897,0,4.881994307399175,0,1,3.060850147344901,0,0
0.0,0.7497199402431683,48079.02029166319,22567.21608763669,1.1963437479756047,0.0,0,4.889026441938782,0,1,0.9683810970897984,0,0
0.9425916963807506,0.0,94380.819521047,23481.85388054502,0.8679281999907271,112.57452709091281,0,5.0109495272219435,0,1,2.030170214069866,0,0
0.0,2.564471889129392,81699.05239189576,26035.61830084325,1.5831955089119596,33.971620110496474,0,4.075462828382434,0,1,1.7448445062921283,0,0
3.662875170953953,0.0,125377.76241955499,16469.290695585205,1.954304496816027,140.8497438530095,0,2.9415083708979113,0,1,2.218378012437443,0,0
1.818071004869128,0.0,95559.20096224637,25053.797153835832,0.5098342513726241,302.98721419394536,0,3.0165260087836705,0,1,0.0,0,0
0.4712591043874932,0.4457397446095973,144305.56290749012,8987.145210754265,0.3005395877999405,0.0,0,2.875989276278771,0,1,1.4135195650896617,0,0
0.0,0.0,64793.302364720505,30555.45107395746,1.689095430506348,0.0,0,4.866825900012347,0,1,1.9944886777310151,0,0
1.701097520433839,1.1099836307368094,87721.52046145433,10370.950885971353,1.67394126374416,0.0,0,4.9527833556628185,0,1,0.8625046851844405,0,0
3.998405174646635,2.123147211419802,82270.07171688181,14823.404187816537,2.662607941781959,0.0,0,4.089584756665327,0,1,2.501403524635563,0,0
1.9875363467265195,0.0,89811.90133228296,14747.67073512863,2.4119436078283076,0.0,0,4.926733664021332,0,1,1.888470856842396,0,0
1.0008490467189255,0.23692890780516168,71835.66941540546,25701.29215154192,0.13531865162334256,282.2844498351327,0,3.981105219218301,0,1,1.8987227886681937,0,0
0.0,1.053190867468308,79410.76824199336,30435.156099805787,1.9828987921183874,0.0,0,2.9024371030203047,0,1,1.0505234267604884,0,0
1.1029482612752273,1.3045429169363918,118085.50715467102,36315.93715034776,2.9853468485691033,95.4570472187241,0,4.887599794726413,0,1,1.0358988220640404,0,0
0.0,5.134317919713701,64135.13619697171,23038.923084570404,1.1188481134566874,0.0,0,5.047161395988466,0,1,0.12184417752163734,0,0
0.1043905256617681,0.0,0.0,15869.851576036206,0.2830955220835085,0.0,0,3.93971747572507,0,1,2.156115989051026,0,0
5.056721152156624,2.388164889145846,86452.20059991382,38477.50004461699,1.1962080504855377,195.31007539086136,0,3.853402825345125,0,1,0.0,0,0
0.0,0.0,0.0,19349.033781164195,1.5530521617866462,422.1692304677356,0,2.8481147457177265,0,1,1.521345240782492,0,0
0.7213424844772764,0.0,101696.36582344057,19486.500516969267,1.4953701283800827,120.15248853288557,0,5.104942938352586,0,1,0.0733744866804501,0,0
1.8465647243562662,0.3245542950352823,25583.66067360653,15384.230568574205,2.2338285792587413,0.0,0,4.825148411904762,0,1,1.708088299013549,0,0
2.7716735863213993,0.1946504962740467,54435.77937532161,33069.98763850128,0.2705359648404325,0.0,0,5.117731014991763,0,1,1.5952971801144527,0,0
2.3206226356730655,1.9796829111763945,116716.38796665074,22067.51626506892,1.3566187737394684,386.13758479022056,0,5.067354281102295,0,1,0.8939000865397126,0,0
2.864451630231822,0.0,103837.3495032627,10305.300294625831,0.5495425305628026,385.0213492030082,0,2.9540653577722646,0,1,1.622176222746232,0,0
4.58367147420986,0.0,59111.23825650138,14088.020711621642,1.2479259381397005,151.69328858289097,0,4.075655305637792,0,1,1.891987316070172,0,0
0.431856575599305,2.9247526884544524,73292.96506145035,26015.702180139317,1.9112535809193858,377.4754268025378,0,3.9788381753368025,0,1,1.6012836955947374,0,0
1.0269304844980796,0.0,81571.25296206932,13645.87716126271,0.7710537445915688,0.0,0,4.043296815322092,0,1,0.637857854131032,0,0
2.70306185145458,1.6936609441735841,151379.24678972058,16620.624435072612,2.694821237633777,230.22621463384584,0,3.803648846858237,0,1,1.9790658037298603,0,0
2.253498153983577,2.112884823572663,104934.5324777418,26353.05185919183,0.13823009724541613,0.0,0,3.015264112172618,0,1,1.6315403620337632,0,0
2.258905788206161,1.7564621518373325,56459.67121652248,31525.19714033646,1.4637410325245908,0.0,0,4.962202021708616,0,1,2.0993242955109377,0,0
4.0931631249592595,0.7865554170596669,131300.3600012155,27951.306612710167,1.7771991396788445,0.0,0,3.9479539690155936,0,1,0.8429707911082915,0,0
0.0,1.2050914567865592,12947.082259384882,28618.10427091323,3.266949400032507,369.942972279526,0,3.0934460660577074,0,1,2.622362635107309,0,0
4.8328904330802605,0.0,36476.48429489662,17471.328738594173,2.4867557849994215,0.0,0,3.220901370092197,0,1,0.0,0,0
1.1476964224982706,0.0,106379.32205199792,11214.198021934548,0.8344528339428037,288.4503356965998,0,4.13609545942936,0,1,2.6216765771226522,0,0
3.649933860908336,0.0,83440.69732855592,10101.024305624742,1.4251305105078047,0.0,0,4.121899549080256,0,1,0.579935049995304,0,0
2.8643238531870887,0.0,42035.8794869951,16470.840303077865,2.6272722303021503,236.57793920413798,0,2.9131259943973538,0,1,1.1642796566467923,0,0
1.5322440949327962,0.0,89677.51307403909,10927.490591503922,0.994242090927652,194.1461777146352,0,5.069921992683517,0,1,1.0922957643508764,0,0
2.7372235682445187,0.28667085900483624,68198.53934850499,2732.65115009533,1.6202960920227514,0.0,0,2.9599173953261624,0,1,1.33277156898485,0,0
3.442764982031471,0.0,100785.20843283553,27060.63324173149,1.7782724678059618,322.4067040188781,0,4.950441189539127,0,1,1.483315367147577,0,0
4.021591692569752,1.8898861132078393,70846.95267720528,13739.541380369616,1.8908849024124124,0.0,0,5.225521665570202,0,1,1.7142422894049214,0,0
2.997717642655812,0.0,62563.232280171214,20236.29027511044,1.0449816157745149,0.0,0,2.790344326366147,0,1,0.9406227565409678,0,0
1.98340211486902,0.0,166689.27545239855,32856.15519278443,1.086629181126815,0.0,0,4.050443803329314,0,1,0.8138721382059655,0,0
3.4545431065641594,0.0,126477.76658988884,20778.477701845928,1.7482825556017634,0.0,0,5.043362501484396,0,1,0.9128643358933493,0,0
1.5065825868963802,0.0,121542.7423073359,21767.59672518601,1.2749862248844357,0.0,0,5.087721837892169,0,1,1.2036063952692786,0,0
2.3497282876332246,0.0,82472.61599235632,53124.005113361185,2.223158121812999,0.0,0,4.085194957339406,0,1,1.6513451341772318,0,0
0.49314429562285067,0.0,92766.10734706715,25932.750602744978,2.3288334605969436,0.0,0,4.053673029146136,0,1,1.479290369257051,0,0
3.1721756144343565,0.0,112631.93342113752,30701.1827685017,0.1673727639918321,133.10361181858002,0,3.043358760218461,0,1,1.8385531699574638,0,0
0.0,0.0,29749.394698089418,20742.489821910458,1.7937254659385429,356.6106590233501,0,2.9191799185226777,0,1,2.3100028541197872,0,0
1.649926320927436,0.0,44129.52086881125,23859.49759543052,2.730771491602913,470.0411233535206,0,4.006605607485382,0,1,0.20866907623944675,0,0
2.0345466889909036,0.0,8781.41140670703,36412.52762006761,0.9160243235940271,673.9634661155316,0,4.088386028552656,0,1,0.6972550147369958,0,0
3.2336598301834543,1.7880095849060984,46503.50907911049,21493.18608342774,1.4252964155906769,99.40545969857894,0,4.9296957412835125,0,1,2.504942807336399,0,0
1.7015892461766238,0.0,114582.49908569016,8402.841784599053,1.393601346958904,0.0,0,4.039452073609458,0,1,0.6433149964342086,0,0
3.5458777521195453,1.4937241382274276,51104.287621052405,38561.0439788159,2.0018744826074775,234.4262730707625,0,3.0896165941614218,0,1,1.5424988882293489,0,0
0.0,0.0,96323.6638071601,42905.68836389004,0.6131123254173874,0.0,0,4.966092601746957,0,1,0.5130338423181193,0,0
1.8892302149886655,0.2777891081961591,82273.0207532733,0.0,0.6290240008287505,0.0,0,4.163804389178017,0,1,2.695621340188321,0,0
3.6046182036188585,0.0,35135.2278891709,31502.739824559023,2.1291046915430347,172.09272048142202,0,5.060138099085143,0,1,1.9902709334230266,0,0
4.722934079600101,0.0,53760.145688375356,24445.142102654234,2.9656515144578903,0.0,0,3.8345939585087723,0,1,0.42032663586622243,0,0
2.850083799939223,0.5296136680239167,8440.509072194442,37741.44279791907,1.043221117000594,325.66022446739026,0,3.009959894561684,0,1,1.0388443333139328,0,0
7.009330494671012,0.6108621857163309,55995.50445035604,39220.54325360323,1.2258459640566721,173.10899794396613,0,4.9183689897685126,0,1,1.2426546618126055,0,0
4.298220560200124,1.1783841280960299,76218.3756466481,31713.843194025158,0.35459446487455315,0.0,0,3.8930638865488563,0,1,1.7861527119818286,0,0
3.457251245874374,0.0,0.0,11094.916763765654,2.2313489761892997,160.56047542889917,0,3.8998959436993883,0,1,2.180721967632778,0,0
1.6212897987437425,1.468582094624877,133908.08802130836,17346.69113524009,1.4189212058630185,0.0,0,4.200268961456265,0,1,2.2304539435150534,0,0
5.555430873192161,2.353846421250396,106967.85888896257,20698.5650876385,1.1022976118806471,0.0,0,3.916526739927811,0,1,0.3969388846781603,0,0
2.5804305995227397,0.3929582071397426,0.0,38766.396068281356,1.4161926097521924,333.742259021952,0,3.984694793422034,0,1,2.1021343941405464,0,0
0.9137019091055127,0.0,133785.86215907586,41751.294155330725,2.1879745097902097,0.0,0,3.0342996084536065,0,1,2.245697869028059,0,0
1.4407116778510645,0.0,45303.967080522096,44413.27061829558,1.9484165187679743,122.03903486734288,0,2.926330516390775,0,1,0.0,0,0
0.3714141019398378,0.2984245838940166,92110.69164465221,0.0,1.0160273695607671,223.92766828567625,0,3.9136433852515586,0,1,2.628496412269387,0,0
3.1397416096275848,0.0,59525.99389600359,19935.02138921321,2.2077809112425086,0.0,0,2.9348012327402087,0,1,2.1576538612173,0,0
0.0,0.0,84634.31945456091,0.0,2.310962732148008,0.0,0,3.9390960098773085,0,1,2.18380889158264,0,0
0.16865493179172053,0.0,131118.60656547852,30813.218448068954,3.031951771781088,0.0,0,4.05560950932186,0,1,0.8748586213368619,0,0
5.215892425538718,0.0,76626.09044031905,26285.86731470793,0.0,436.37989471948435,0,3.910604245918583,0,1,1.6384251082738686,0,0
1.5648062366238302,0.0,70357.92108931912,864.9778447623681,0.8688861310259777,18.37039351676938,0,5.160831403294862,0,1,0.8182615188481502,0,0
0.9320135231061528,0.0,80655.97444401009,22459.025715961267,1.9253322817443774,0.0,0,2.9775580768811234,0,1,1.6752457227394961,0,0
4.568339568384467,3.0122090453268493,160570.49345539184,26522.67077922015,1.2642204369975154,0.0,0,5.169931408736385,0,1,0.9278422830681466,0,0
3.238957120351703,0.0,68224.78583725041,20483.098401602994,0.0,460.9772339397649,0,2.9934827839017872,0,1,1.2286984020684313,0,0
1.8690253888853312,0.0,116356.47759852523,22479.375076077176,1.9542935192764306,0.0,0,4.844305137260126,0,1,1.1295278364730277,0,0
0.0,0.0,52271.22637985942,13319.780394721001,0.4518557547768637,0.0,0,3.9337724933891605,0,1,1.2005345654887838,0,0
5.112427463053925,0.0,81983.74424647259,21530.106972219342,0.059370592541832745,0.0,0,3.0560074233153967,0,1,0.8423861122680396,0,0
3.38505441275555,0.0,110639.11168268036,32270.260825709905,0.8738860455085552,0.0,0,3.8908129961514613,0,1,1.587596775304032,0,0
2.551822936342325,0.0,145500.3280291135,30692.626713621736,2.517778652530713,0.0,0,2.995850353600113,0,1,1.7090693270410755,0,0
4.177447763834505,0.0,39905.93701476015,27345.859926305428,2.345626600422656,236.15466163773922,0,4.036677348751538,0,1,0.5260824595630391,0,0
0.0,0.0,190187.46275521023,0.0,3.5378540499548077,0.0,0,3.0394241926998937,0,1,0.8605643075045457,0,0
1.09600748513576,0.0,53381.79353471921,30543.004247430606,2.905291110652093,434.5199250440697,0,4.059870760763856,0,1,3.406059207962187,0,0
1.4519866010879725,0.4448752099588176,127977.02516824595,8495.625092377297,1.2352058704285032,151.69934150428378,0,5.02472470521203,0,1,2.353641949252598,0,0
4.8354005736851535,0.46059811786024657,100733.59544029494,17892.796559273243,1.9212636639659402,0.0,0,2.8947783664425906,0,1,1.9367868010529623,0,0
1.3066708860579253,0.0,159564.4326078542,16311.353563298318,2.1084593617360503,0.0,0,4.971394602997499,0,1,0.9600981463876822,0,0
2.5126323346069985,1.6729980550779064,49129.147476079816,26488.787516679116,1.1077256604329508,54.62076379009145,0,4.001282195173153,0,1,1.3690632947492707,0,0
0.0,0.4492945881527687,73262.47643688566,36941.72068324371,1.813912379416983,0.0,0,4.046641032554923,0,1,1.400398043107745,0,0
7.887966402026862,0.0,0.0,17075.95993441579,3.163501686255967,0.0,0,4.923201507516413,0,1,0.6973835970610196,0,0
3.0421087018032105,1.3610112062668018,114287.85013819819,6618.468864725755,1.1529673888966159,0.0,0,4.995689876614865,0,1,0.3940717003099349,0,0
0.08539820555230238,1.585645083328293,101276.3679680205,37977.811041376604,1.783826265073144,0.0,0,3.200629338805013,0,1,1.498178326320294,0,0
0.0,0.0,32266.03801159605,18344.45968292432,2.696405228316351,76.61180838481906,0,3.097551159650943,0,1,4.323439317773888,0,0
5.007410594837303,0.0,2334.6102554670215,21475.71162652641,1.9077500825361489,168.5728941700004,0,3.0924079911176054,0,1,1.8686518067708122,0,0
2.204843779820092,0.47279855318306024,60083.1769108445,11682.149121852883,0.6998257706949453,0.0,0,3.9939630085643416,0,1,2.722204688032469,0,0
2.2443198915669536,1.7267502021198748,127670.98578909379,25009.869627615466,2.843009780681173,85.42485452808951,0,4.019838096239553,0,1,1.8486310849313732,0,0
0.0,0.7343927800900454,104125.07880690218,34095.05034252267,0.6300986646737226,0.0,0,4.001710636476728,0,1,1.2433211961728126,0,0
4.829470373895905,0.0,79083.39598728444,16587.24686996141,2.478308523001274,0.0,0,3.050478390177922,0,1,1.488815890765369,0,0
1.1603015977542461,0.0,174111.66521744186,12561.665764815749,0.7688769538928915,77.12664110068428,0,4.870652601404064,0,1,2.217907241169984,0,0
3.5783900161461966,0.0,88435.13402039702,25748.444226445183,2.6122465321309827,47.32780508686339,0,2.916486887792059,0,1,2.7078883615421523,0,0
4.403780787763385,0.0,9207.312067462948,36797.72481629407,1.9102535476722513,257.9472355852194,0,3.852811733693993,0,1,0.0,0,0
1.2275952684630622,0.9380750548233316,95359.15097651044,15354.619362748586,0.7597876880566016,14.476768883037286,0,3.078303210390776,0,1,2.2058062427554157,0,0
3.5553821331070337,1.5496452496732862,106878.89453040564,25670.508847684025,2.2018116971137025,0.0,0,5.076239869805584,0,1,1.0284712053140894,0,0
0.7836585956427342,0.0,108748.80620505317,28085.11572397799,1.4268070996651032,0.0,0,4.932030875915633,0,1,0.9417189978255011,0,0
3.0976489926024002,1.8023388004731697,64776.32945605471,13840.223409796934,0.6954632965420697,507.9031062459498,0,3.9262414528750216,0,1,0.5203445496626253,0,0
5.899641556263069,0.7355716973940811,44218.130625292746,5585.757308202829,0.7706525918839446,0.0,0,3.076841507463788,0,1,3.0145265369434258,0,0
4.074647191738044,3.7717509547839434,124371.46715117418,12922.10467877841,1.6101698695092606,0.0,0,4.0743671792919836,0,1,2.1593049124359602,0,0
3.807468473097328,0.0,79287.51020049777,12917.770276198005,1.9960211954106113,0.0,0,3.170194617913886,0,1,1.8218634129210693,0,0
3.0742607247159386,0.0,134581.51746942193,17342.113492324006,0.0,0.0,0,2.9137813441941254,0,1,2.1716543355971307,0,0
3.132576286948902,0.5214606985569135,92763.56072792495,14142.678679752516,1.4105713791167434,0.0,0,3.9880493246161874,0,1,2.8052122741818595,0,0
2.7077905133971707,2.7867391852914567,120299.12446993552,27864.741737836877,1.701284514403056,593.3386815291638,0,3.013093164106382,0,1,1.4503325540494103,0,0
2.992129083150937,0.0,75814.22009474921,17716.041329881144,1.7623750681533148,30.297436739992275,0,3.059283614795572,0,1,0.907673912728726,0,0
2.8012327484875277,0.0,83511.18197615888,27259.51937877675,1.4377746113577863,0.0,0,3.101334482736794,0,1,1.9281839736811102,0,0
4.9656143655156715,0.13809362593311733,195380.68726704197,25898.731363640272,1.966194271453646,0.0,0,2.9875535801290862,0,1,1.443177344857806,0,0
0.0,0.0,77961.82058057783,17492.125312780106,2.112207398083975,0.0,0,4.023011594772423,0,1,1.932801189677002,0,0
0.0,0.0,124661.63103540313,17532.316148757105,0.9419529967672543,318.01756341905747,0,4.967102885920242,0,1,0.0,0,0
0.7618010928759198,0.0,72070.98380020702,8468.710799169225,1.940335085664187,0.0,0,2.849112265312772,0,1,1.4553202451730773,0,0
0.0,1.8618316296434156,15600.636946234888,9074.052462753256,3.0583456655762413,0.0,0,4.911366772204527,0,1,2.42868542394583,0,0
0.8642065237112155,2.5486575069033353,30225.40304456826,21045.97104892081,2.1905346641866776,0.0,0,2.9509477503550077,0,1,1.5931047193837564,0,0
5.793867098497316,2.69773811081649,7578.10711917694,3713.3259092904223,1.3220629409977407,0.0,0,5.058678959977905,0,1,1.227401873802271,0,0
0.09203060033753419,0.3346085878687142,144060.09894717686,11019.410005339181,0.8864585192920695,0.0,0,2.779440078439735,0,1,0.47913417068595887,0,0
0.9541182777140946,0.3877073316403088,23159.605865656966,18458.704643167326,1.0110255844311242,0.0,0,4.060399069001527,0,1,0.8326887211290293,0,0
2.6593233812252106,0.1096812429067374,131875.13368773702,28522.53362411481,0.7695234282538703,289.3939125217259,0,3.0609878420269623,0,1,1.6734949694006147,0,0
1.7813418255735463,1.3521553373050281,7222.059413439523,24441.799801516863,1.3559818864324944,0.0,0,3.952136840458965,0,1,1.2606508302577164,0,0
4.247953159359232,1.961804775944108,71076.53200214905,17606.905351657664,1.1920822685063328,0.0,0,4.19947474659608,0,1,1.2050348307794883,0,0
1.9354495026747442,1.1221846348618896,60862.16367222503,30449.07067906718,1.169988256237268,291.6705448607246,0,3.0265839454737273,0,1,0.7776930700877629,0,0
1.2282507701649459,0.4905424337567418,149574.75626457878,19853.727862887383,1.7336788132464276,648.7366121372604,0,5.025214527433708,0,1,0.786655260431698,0,0
2.6944980130559415,1.1327471281915382,88939.28978151802,31884.307610255775,0.6263854682485674,84.41920607958693,0,3.982993085567225,0,1,1.3633171514611537,0,0
5.337765428448937,0.09737887605459797,26437.080316043503,19813.79591701116,2.3245425175181675,0.0,0,4.80846390725191,0,1,2.0407586511650466,0,0
3.216002817908536,0.0,35937.745129822026,14300.209809571748,2.0004570658954015,0.0,0,3.9318135064974005,0,1,1.7800411394744249,0,0
1.3633737636493435,0.0,19090.018576084098,22517.859796091183,0.2776062984467361,0.0,0,4.917063365687618,0,1,3.340910516075219,0,0
1.2151650299332486,0.3956000656410737,35686.10203772275,8870.804996263427,0.3564657786486344,0.0,0,3.0691271390519725,0,1,2.315286781836344,0,0
2.3023732159856873,0.0,64220.41917195475,20084.144841212626,2.146076167455442,872.9745770045679,0,3.944806434509067,0,1,0.5290504286955326,0,0
2.61833170119708,0.0,99375.14154047814,48556.28419940789,1.4308346447344995,278.36716203789763,0,4.031560531440241,0,1,2.5549680175262566,0,0
0.0,1.0298987667591828,29788.889258970787,16316.465419856966,0.0,180.6373413292972,0,3.8301933682426847,0,1,2.5176475863265075,0,0
3.8525920423876276,1.161812763395047,85622.58138746813,7008.940918678505,2.599112683964025,116.08528744138246,0,3.1429488423020606,0,1,1.5969179986088933,0,0
1.6046874203791694,0.5781901777144401,151764.57096108436,19613.04871867171,1.099755667675232,80.66447249445775,0,3.074924149515573,0,1,3.0591257500514253,0,0
1.4365150849117962,0.0,66825.67638679915,32706.222669757713,0.7408525726957038,78.93967407538943,0,2.997395139399244,0,1,1.845052240742704,0,0
1.9538123520405706,0.0,84125.57600484959,25463.358318431383,0.33356297200855545,512.9072110210443,0,4.949412728034791,0,1,1.2686090857804326,0,0
2.431338009807722,1.0700232352192482,27684.701033700076,36038.01199602114,0.31435375731387005,70.16910824736654,0,3.0872904689092837,0,1,0.6264567916590942,0,0
1.7642609100175866,0.0,19669.826815251727,22746.47283493562,1.247383315826649,0.0,0,2.945794319145744,0,1,2.4416917908565687,0,0
1.2130596012201673,0.0,91863.54942285975,3951.545810933878,1.5232313165774873,0.0,0,3.9449894612591954,0,1,1.6428825347187537,0,0
0.34775576635885264,0.7771815377317559,74980.64021168198,13676.03030986002,1.8375354775561876,58.41607457780634,0,2.9759919342598855,0,1,2.2414289508920877,0,0
0.024733222693302803,0.0,62336.79551535891,9568.972564450067,0.0,0.0,0,3.1533148281982895,0,1,1.9651289530350757,0,0
3.9084904975203685,2.0430946170959086,67119.95212404268,6309.725355777093,3.272580063892735,0.0,0,2.9342244648153186,0,1,2.944381244309926,0,0
0.16106845966547434,0.0,77968.88836916689,31678.650380053754,1.2604736477109766,0.0,0,3.0712968574503683,0,1,0.5001239218294045,0,0
2.5225908977577634,1.619330748585883,40760.29974338875,14983.086673648064,3.0155521954892617,56.684002504925004,0,4.919396379724685,0,1,2.1299111211459696,0,0
2.3980830770897335,0.0,85674.27596255956,21612.940255443988,1.9291455170405825,0.0,0,4.778906763590328,0,1,0.6251682102157754,0,0
4.87385554102421,1.238448644226101,116076.77990546927,25139.339903393582,2.8637271706517673,0.0,0,3.041312499984292,0,1,0.35163649436330746,0,0
3.5261771562643696,0.0,148409.20251561247,24963.11043503713,0.8199018740017174,407.64884387781785,0,2.909256696702777,0,1,1.2064540952636404,0,0
0.0,0.0,141773.23015034688,27833.33274692118,2.0333500187577638,0.0,0,2.968972816813522,0,1,1.774454231363435,0,0
1.7796456998759738,0.6075171085037209,147682.16708551568,13601.805946848031,1.2753371979078096,0.0,0,4.088078388532724,0,1,1.8606724037145599,0,0
2.620791453536311,0.0,67859.32353973169,17800.877690732304,2.0639762155275214,127.41897905365165,0,4.904686156381263,0,1,2.0688661260935453,0,0
3.1977816332809916,0.41664092544211506,61143.41508296067,0.0,1.0950170642975305,314.3729339844991,0,3.9564817819624127,0,1,0.12270542061294765,0,0
2.877475286227388,0.0,119304.11164183014,0.0,3.027390846032351,17.796667896212195,0,4.067346079031749,0,1,2.6635072236617043,0,0
3.780381485434094,0.6036939678323541,59909.2372149173,23638.681169387128,1.652227275202421,0.0,0,3.952104869429831,0,1,3.183485066879263,0,0
0.8561718545848167,1.969038702081359,103225.17622308503,37807.556432371275,2.4529982431702853,0.0,0,3.009127596656873,0,1,2.2596340250891775,0,0
0.0,1.7606154195725026,31792.528565854576,13154.258354976213,1.5916935727928556,0.0,0,4.984675693988982,0,1,1.1696617504541875,0,0
0.0,0.0,75614.2091773552,18769.335516182815,2.8495574777218593,0.0,0,4.984929935929984,0,1,2.690942920408569,0,0
0.0,0.0,98649.36886662502,4903.132293012972,0.8502293793694418,0.0,0,3.978203175572119,0,1,2.2304881941759804,0,0
1.02130689659395,0.05156860470530701,126852.45149191427,35178.70466712193,1.9232164448357632,144.91972239740878,0,5.046824820880867,0,1,1.6829715025935363,0,0
7.07589884448896,1.3479747034365903,100657.7669708398,19046.8373919518,1.1113809208611696,171.14912466094097,0,3.799980470905954,0,1,2.0078153563796732,0,0
2.4711532019320632,0.0,116131.7500307679,23175.043353342513,2.184831159908236,0.0,0,3.9720319889011013,0,1,1.008920360568325,0,0
1.3734366695610736,1.065020276186345,100446.40084228157,13327.133850107306,0.057469973744674885,177.97206602521695,0,2.9175487379028797,0,1,1.6664395282282904,0,0
1.2308279325091964,3.072317551960819,65933.70247672994,41830.072172694156,2.9860999906150996,386.9463123137606,0,4.071156490573659,0,1,0.7013025980978476,0,0
0.10951804155749834,1.051723091409079,12795.214721797616,12134.607834373755,2.8418648389816767,0.0,0,5.1248640621117545,0,1,1.9036756562118882,0,0
0.0,0.0,100507.82937156604,19671.50697414168,2.881094236306936,508.48626864559117,0,2.997905092351913,0,1,1.7677732161110302,0,0
0.1507964490478071,0.0,31247.076392728693,0.0,1.582948647314745,0.0,0,4.982581519368277,0,1,0.8313433348115071,0,0
2.1890993618690677,0.0,94383.95059766335,21193.654435315842,1.3269944115827963,0.0,0,5.0523565791625105,0,1,2.626448027448262,0,0
4.639440982138645,0.0,151593.36878963406,12786.548349867116,1.6565211570400622,0.0,0,4.0132779559317395,0,1,1.589271329416016,0,0
0.8312560208266474,0.5853472248281673,78030.62649505935,42467.87043947951,2.2139551106096444,0.0,0,3.9834487951579733,0,1,1.7125432021472893,0,0
3.5929147666137125,1.0778972998574947,70581.63689976218,25108.50602808449,1.2595417767650496,354.32152304252304,0,4.025253918059644,0,1,1.4948455782663408,0,0
0.1168072264683051,0.0,118935.40447469435,17082.76138283326,2.3535186380919253,0.0,0,2.964802997633117,0,1,3.010662794847398,0,0
4.231755978770671,0.4735099650327971,129230.73548297168,46809.413555625404,0.5363822459043186,120.29650385953379,0,5.075264975887802,0,1,1.9177783412447238,0,0
0.0,0.0,71499.45042221503,35514.58551463533,1.5249311659178064,0.0,0,5.183396423833301,0,1,1.6138016409718317,0,0
0.8561592818844921,0.0,93748.04841039127,21033.173302813302,2.5646044165743125,0.0,0,2.981864960731069,0,1,0.8574012270651398,0,0
1.4142908509540604,1.4337846777207792,99267.44339809804,11187.226747326104,1.5622653410867062,0.0,0,5.044875304861899,0,1,2.5080261062470903,0,0
2.7931294067190833,0.7480044035134922,34787.5040548257,12003.045412598265,1.241284139155836,0.0,0,2.7936298574029577,0,1,3.508945059465424,0,0
0.0,0.9732714432474867,40954.99049008381,16968.313904247694,1.0678513360013229,0.0,0,2.8176622579004835,0,1,1.573258933185333,0,0
3.7395296482796816,0.0,102700.72317018842,24919.80573645215,1.8445810199391937,0.0,0,3.023053696882589,0,1,1.8039585620573002,0,0
0.0,0.08745630201885148,95716.41558135369,33433.44118410915,2.095589601664063,22.9878945553884,0,3.9611465307017757,0,1,2.031391208486106,0,0
3.0323163558839257,0.15870232130925072,139823.20733147665,24986.785228961377,1.1580290268776725,330.6470259767774,0,2.9243727776787884,0,1,0.6140097223724732,0,0
1.2260285142044696,0.623950713149632,118408.05910358699,29604.906938878103,1.867071976667918,0.0,0,3.046931800011701,0,1,1.0296763882696784,0,0
0.0,1.557870818786642,70459.330847076,17425.5665805364,2.2236249227726046,0.0,0,4.969515384984336,0,1,0.5803058138139388,0,0
0.16949002647058964,0.15608199877868273,118336.05063811081,34781.46434411842,2.658420744366422,673.3412252890129,0,3.046505054047254,0,1,0.9548021093054061,0,0
0.0,2.4024025483661657,107258.33622228072,19747.280552526812,2.318958209608306,0.0,0,5.013072504661803,0,1,0.6884243096149201,0,0
1.0422477564926258,0.0,24893.300706424026,21797.782193915984,1.9259805533606997,0.0,0,4.078439284927748,0,1,0.7001198934155288,0,0
1.5689955693728102,0.0,85791.06349511101,20791.15721179748,1.8449573511649446,0.0,0,4.986211409231801,0,1,0.9171913794219452,0,0
4.273816216851547,1.6094370531199416,121764.04047939306,30675.956866926455,1.7665629492312087,0.0,0,3.9979102249566316,0,1,3.085385606717655,0,0
0.0,0.0,106818.64947883337,18252.909055779717,2.8009933435299406,0.0,0,3.969698897726851,0,1,1.6496981284749843,0,0
4.19155003044797,1.2829580728087,83395.94185523131,0.0,1.1587553438276585,360.26476654064123,0,4.950992607760873,0,1,2.0194656911566904,0,0
0.9065194626196365,0.306500408390599,0.0,22665.353279673513,2.623891297168034,332.45853808844015,0,3.0465210050062,0,1,1.1412160384697156,0,0
6.128862387767191,2.88318458605471,33275.354202916074,20191.2252692902,3.1991659595365234,178.08753194596733,0,2.901918532887045,0,1,0.9557612286107053,0,0
2.226544549176101,0.0,155646.90816657405,17955.490890844554,3.40602967894195,372.54476896601153,0,3.1103643666703737,0,1,1.761624632395081,0,0
6.217459356910399,0.0,110478.95654281176,21901.876830674908,1.5089335063250393,0.0,0,2.8973827084906416,0,1,1.5243948488659913,0,0
1.7531705611681638,2.6829853897914018,33324.0097880277,42180.14904319561,1.5057087591781673,28.327514834598215,0,2.9655022468359578,0,1,2.548128170249126,0,0
0.7307354979947972,0.0,169557.61761432965,24350.502469470208,0.854595302229276,66.23271272347984,0,2.956772065860103,0,1,0.5962154510921285,0,0
1.2400662312127708,1.5689142805933434,0.0,28093.607383799183,2.6849066541699127,388.15762587249355,0,3.059754735033115,0,1,1.8322496894633267,0,0
2.3341966165073624,0.5667723127820701,79888.43718919432,28328.636205791718,0.38354384499315475,0.0,0,5.128109136168867,0,1,1.0198747381220512,0,0
0.0,1.6999514756542526,76147.79396550824,9390.4353157779,2.0728801521833646,399.28870948202814,0,4.03255666280757,0,1,1.0626838640455065,0,0
2.1287131403314694,0.0,43574.01896317239,26512.1402566363,0.26065101435274174,502.24343225964185,0,5.162355058673817,0,1,2.6214821549854084,0,0
2.361280043620984,0.0,162798.2893446156,17434.91301954058,0.06118244194665712,118.38218595269487,0,3.9273057417111445,0,1,0.5694117476860433,0,0
1.4329355192607642,0.0,60209.59221514368,15094.197543275608,1.2343367364832545,253.48173794515057,0,3.9718772605948645,0,1,2.753798381249812,0,0
5.7077801799073615,0.0,45973.81673209829,7893.277536467897,0.289075591262845,0.0,0,4.854599897322793,0,1,2.696996774556493,0,0
2.796302511363557,0.0,148971.1483603163,12311.444671404866,0.610083031960406,196.29217921625593,0,2.8835020712938353,0,1,1.756465575461582,0,0
0.36329866635945995,4.900099456552789,105347.9864982073,20882.665109954123,1.3172131513532148,200.89999123680724,0,3.097472842501363,0,1,1.9099496959627043,0,0
4.415903518539437,0.0,22286.70472813215,22718.53212709568,2.696274995553497,104.43662377545938,0,3.978813471128239,0,1,2.8018027522288715,0,0
2.8634290419103943,0.26870251351747776,63156.530469129124,27662.356069132667,2.4350901775038687,292.87243778521866,0,3.9502526191986678,0,1,2.4443960665285407,0,0
0.0,1.888843186387157,99949.4701896806,30486.926249575634,0.6268030836207088,63.58489368088392,0,4.906727752815046,0,1,3.501058493065665,0,0
0.0,0.9103999898064763,79431.59876576535,15646.063417117952,0.37462106912150017,0.0,0,4.071318026898385,0,1,2.6995461161158127,0,0
1.2492343859529174,0.0,144306.7179593952,25445.459249937863,0.6313190287035666,8.516646076612403,0,3.9568446438967104,0,1,1.8281246806793408,0,0
1.185957619872573,0.0,114390.75259721997,39942.510431021605,0.07772085567523246,0.0,0,3.8790513039327865,0,1,1.978514346985,0,0
3.247006202972422,2.2930756038546627,57027.88170148291,17350.385629096567,2.3815804393896953,36.225742729337156,0,5.002611442518964,0,1,0.39712183326895867,0,0
1.4716985454336455,1.6475473048988556,50056.48459223003,21167.732183811404,0.9788566216929874,0.0,0,5.05329956028377,0,1,0.5342518311867079,0,0
0.987553926993779,2.120771983004374,81033.817588468,5934.477089460434,0.0,0.0,0,3.9828557745719126,0,1,0.995849282656773,0,0
2.511635467270798,1.9441060920496136,104753.54667154403,26463.666221676496,2.241241704821369,199.3793856541159,0,2.9448357079596628,0,1,1.6156371158799865,0,0
0.8878383307271418,0.0,38468.28174604599,17163.713976651357,2.124934076539928,50.35804990289649,0,5.006130944339507,0,1,0.8858177239853552,0,0
3.731437647533595,0.0,104678.09888255745,30763.039886996237,0.23460179519293034,0.0,0,3.856907125840993,0,1,1.6540813337424374,0,0
5.224902068105248,0.4900283616905018,0.0,21054.794664315443,2.3067229467873744,159.74201516729397,0,5.068150682836716,0,1,0.0,0,0
10.608576648107636,0.0,58727.46050669815,23705.99602460863,2.1622613676272637,0.0,0,4.039278992238511,0,1,0.3497809411505032,0,0
0.0,0.0,32966.831727140736,23008.777909418222,1.358060044680217,564.256268332992,0,5.106258295100565,0,1,0.6110144278155004,0,0
0.0,1.0542105800776629,123718.13788207795,26221.871171430637,1.939399667809381,0.0,0,2.912205338445856,0,1,0.4030830532650739,0,0
6.715702907165863,1.0576561843595156,97485.057528313,28128.031484022966,0.0,576.613036771072,0,4.83505643506896,0,1,2.464753988682987,0,0
7.3300134844360425,2.6904966115706777,40.70927701191249,16068.780366458228,2.9844065491527205,147.00379356293425,0,3.844024975583022,0,1,0.9198158306830697,0,0
0.5629561712257172,0.0,162942.57607148078,25008.028941972905,1.3036573803004126,0.0,0,4.895290732284127,0,1,0.4711994747055501,0,0
2.148324835485252,0.0,134829.6853901741,3416.7386787214,1.5574603453563813,0.0,0,2.8740754944579474,0,1,1.4512683034359297,0,0
1.844773711566252,3.2021553740948088,101910.61925989442,32133.848475000024,1.8648067468289082,199.187054605253,0,5.0548255261269555,0,1,2.1781398199327766,0,0
0.0,0.0,20547.90275351842,33761.691047039334,2.6814363679922026,0.0,0,2.9487555736720976,0,1,2.4948611656294895,0,0
0.0,0.0,53256.83387760524,29046.395650233477,0.0,0.0,0,4.974315006223798,0,1,0.6019433921723196,0,0
2.350204723228732,0.7277508608357587,81073.88300523591,17924.081827958085,1.40454614580863,0.0,0,3.9366166197009442,0,1,1.2002622984278388,0,0
1.3542137593987076,0.0,136436.08287465642,10406.749569427717,1.1605300451695413,0.0,0,2.981962948971482,0,1,0.5262529401656695,0,0
0.0,0.0,0.0,20987.16493087391,1.6488602546538411,54.09050458896925,0,5.069413374827581,0,1,2.594363473077004,0,0
1.8371437572896347,0.0,78427.61873487802,14520.99853323489,2.3318283745035604,379.9673458043816,0,3.162000984540187,0,1,1.1589420679046012,0,0
0.0,1.6165623547885515,122273.02137687022,15671.950822609966,0.9477566910935384,0.0,0,4.093564364000609,0,1,2.935986797448282,0,0
2.76686889922652,0.6889402406862938,120651.3761046313,41440.17993366984,2.726275065092535,178.9723874365264,0,3.0031797287534197,0,1,2.079010139565389,0,0
1.734849630250238,0.0,96656.13177900213,0.0,1.8584455659075192,0.0,0,3.9687962436908384,0,1,2.164073864279581,0,0
3.121922505935117,0.3784918560645631,95443.76620610312,26554.06274355347,1.7309827778252334,0.0,0,3.126608899922468,0,1,0.9691653404046638,0,0
2.029570617907852,1.0862394304993264,0.0,24511.840530260873,1.0147818444555914,0.0,0,4.901434076332695,0,1,0.0,0,0
5.544250053196706,0.0,140663.83458224553,12857.017632105995,1.5859266908553056,0.0,0,3.9982864270698584,0,1,1.2078249531615526,0,0
2.976097136679053,2.5927446732670902,92107.2550584944,14552.726128207494,2.050450100419031,55.108687254307284,0,3.8779578764074882,0,1,0.8834680055098718,0,0
4.447330127281158,1.6678646422686714,98046.8529958772,14390.119733241261,0.6598588872081532,0.0,0,3.12247980490787,0,1,0.42289409239471887,0,0
5.084608465753263,0.0,118190.95041962981,28359.35831730891,2.0982587357764486,0.0,0,4.1455508481351115,0,1,1.2810582665731394,0,0
2.8918485518419788,0.0,95080.3757685111,21861.801036956418,2.6733492571799657,0.0,0,4.864247937676285,0,1,0.755547368182622,0,0
2.879191901028307,0.0,0.0,31986.015088736473,1.9232722561050237,21.173658945066297,0,4.856599704883,0,1,0.2366595545865826,0,0
3.3836374703998118,0.0,76962.1560230455,9555.839337637964,1.4759399857976483,406.1357990096673,0,3.9470205590491307,0,1,0.5716596993641296,0,0
0.21830910086990518,0.0,94878.81382049517,17221.084381220313,1.9471375810240272,216.05394666748788,0,3.058481625264134,0,1,2.058134046779521,0,0
0.0,0.0,90860.2090669026,8412.03058779105,1.60530643639477,0.0,0,4.915624229314514,0,1,2.0880603210116297,0,0
1.2771215213595437,2.0943311287605977,107619.6554235503,48802.342463822104,1.5834516633134639,446.16165109175176,0,3.921130067360164,0,1,2.3328531541217474,0,0
1.6519552675762137,0.0,81395.58249638503,34679.97875839373,2.4812396968312935,722.8823963194407,0,4.064947846846181,0,1,1.074111237057986,0,0
5.42970641756942,0.18066972190743186,41250.61827506136,18992.79315553688,1.0509492826163331,25.980323010601374,0,5.025998694843794,0,1,2.0534576895414753,0,0
3.9296789806341184,0.451340101841681,71352.67029095233,25678.495506331044,0.006253693222429524,0.0,0,3.9896944588441534,0,1,2.2558510377575254,0,0
1.9570330081463188,0.0,41136.272231869596,24245.23150673482,1.2668037196214246,269.23311289133875,0,3.0047074383247643,0,1,2.422461098785076,0,0
4.88059350643395,1.5869863001744724,75532.24368312096,21975.64682478225,2.722551206173305,223.9755642530584,0,3.026720623987397,0,1,0.0,0,0
3.3889646813644183,0.0,33318.1135965293,31182.35363014132,2.3356874009703428,0.0,0,5.084403694364999,0,1,1.925062811902366,0,0
1.1551544999104766,0.0,102270.90663350074,38149.29789512779,2.406252591350978,0.0,0,3.087359000687109,0,1,1.8626791491947652,0,0
3.957754442644196,2.506381011873645,38838.86550305028,16880.17379165309,1.797204614559172,0.0,0,2.9437871450513633,0,1,1.2139004264896465,0,0
3.4140609579025667,0.0,42658.85035577702,27111.94114886217,0.7267493691310378,349.4402273717255,0,2.986999196779984,0,1,0.010516704540066701,0,0
4.401909349137894,1.2317080084520045,113714.29974506097,27605.830389859293,2.342056184481299,0.0,0,3.9356177389087166,0,1,1.7896173388005048,0,0
0.0,0.0,98201.2692992817,34932.09434053975,1.7626456569628521,8.636280712665915,0,5.042547851598872,0,1,2.9001161637668833,0,0
1.0987819948207955,0.0,86078.98000013804,24054.04990659456,2.332745338941829,305.25957633896354,0,3.8942833314651986,0,1,0.2822742221938136,0,0
2.7672763792718036,0.0,109669.91559610677,39070.12039036334,1.1462462037619223,411.52367519584396,0,3.8799293435231794,0,1,1.1636687511256545,0,0
3.5328472592733084,3.5547624468545576,20997.707608637167,31306.859909490144,2.0632755088460324,0.0,0,3.949682796152581,0,1,1.918877707638646,0,0
2.701994702676161,0.0,65429.96516391776,7908.758732039184,1.4756647343990263,0.0,0,4.778738957287782,0,1,1.4191507077911483,0,0
2.3659797009107706,0.0,112973.68649324052,0.0,2.166866503715453,119.11509856104287,0,2.615021469652696,0,1,2.3478235215908922,0,0
3.889274660513472,1.9837380605462824,82147.95506658102,29793.428810207424,1.2070675857564481,40.06162101660942,0,3.037635393490737,0,1,0.5499826316846483,0,0
1.77708473781638,0.0,31974.499450109695,15766.805236626613,1.9452834344848715,244.50338244434133,0,3.0467321677249535,0,1,0.3439179437829558,0,0
5.213627052662456,0.0,108068.79901285974,25414.86169915239,0.0,0.0,0,3.894116933619739,0,1,3.083349682839044,0,0
3.1331657720058774,0.26758782631554856,176413.5689740587,18878.078244716795,1.7660275961145695,0.0,0,2.9799632085093943,0,1,1.266856773988248,0,0
0.11218212362178859,0.0,69916.53955455933,18951.4636145763,1.7717739272744626,101.3361903823704,0,5.151994358515089,0,1,1.6636496927096525,0,0
3.887961114187236,0.9531244839576377,49152.91727563401,12178.027209302893,2.4530709469688734,0.0,0,3.9790780012336384,0,1,0.7251763597307188,0,0
0.0,0.0,98869.44496447753,35584.63917472083,2.3377673258405145,163.2030463992558,0,5.126981061434098,0,1,0.8482353243015412,0,0
1.5625571730615693,0.0,39570.25026690977,32676.129284051345,0.6215220873750947,365.92576564941106,0,2.923308463999968,0,1,2.2454367769908,0,0
3.413709847819319,0.0,0.0,13253.37273147692,0.7004502112979935,0.0,0,4.012172103470443,0,1,1.069790938602123,0,0
4.283103472439166,0.0,26062.433280507794,28919.705475184517,1.7631809157871823,247.67385784176156,0,5.044028053080178,0,1,2.014904132586498,0,0
4.102751458550555,0.0,114753.21695079975,25817.229934392246,1.117362732935952,0.0,0,3.9418377735282335,0,1,1.6315701829347211,0,0
0.0,2.9287235175687614,136462.55457224164,18513.514939095916,0.80161383359228,0.0,0,3.961672974119519,0,1,1.1613737728728222,0,0
0.06007642581842365,0.0,96461.86425670735,14051.203891596928,1.7097204437263938,0.0,0,2.9763350850673502,0,1,0.35393339400583124,0,0
8.072999407681124,0.0,97704.51387543831,25450.762387194565,0.8303734251431925,259.16049494131425,0,4.908693410319741,0,1,0.5658808738067596,0,0
2.670839723384588,0.35665760235242416,51369.23232855993,20674.686555482873,2.204648183509752,0.0,0,5.015363202585753,0,1,1.2556446632846452,0,0
0.0,0.0,103477.48344282486,26239.966995370443,2.0941585043797857,0.0,0,3.120030619920149,0,1,0.7137538995594416,0,0
0.0,1.484180941930684,120159.99187314545,13604.885660862368,2.2337852328728367,325.55204721767035,0,4.116794338189137,0,1,2.0468806693787176,0,0
1.950302235995777,0.44577933720275,139110.9932150908,20184.683623948007,2.2004685394527472,237.63945084884833,0,5.198958067088118,0,1,0.7155940396882566,0,0
2.3674829345861994,0.0,94639.42836495314,5091.11396117945,0.48850786618497466,0.0,0,3.9497246548913765,0,1,1.3332687113473787,0,0
4.950463248834566,0.0,82782.09479217714,14506.489892850645,1.0513527033307455,567.141888873239,0,3.940182292242839,0,1,1.6358999465024944,0,0
4.1980311364925065,0.0,77345.27559636222,16961.298259199786,0.5654789547993151,272.71776013899074,0,3.059233840825697,0,1,2.214399700866111,0,0
0.0,0.5737161461300707,32193.721423821324,37708.02143700156,2.650885069060882,464.34153288949517,0,3.1402651122331116,0,1,2.544672528961525,0,0
1.1765201006422192,0.3548806208212853,74480.79619074496,16513.76858742946,1.8850514132292935,559.1873160682983,0,4.109043866475284,0,1,0.965007958472128,0,0
2.0906919194143287,0.0,138057.39497495297,12405.279843215232,0.6913798419196584,0.0,0,3.065259708795507,0,1,0.8541060235053369,0,0
1.6845578546282975,0.8619828725123493,41277.882707369856,5673.739098185944,0.7145172244100961,0.0,0,3.9121107441470717,0,1,0.6966156654531376,0,0
3.741028298372067,2.4705709807544443,64655.8215557171,32698.416387063924,0.46425020748848256,0.0,0,2.9199743015634527,0,1,1.8644201366020536,0,0
7.9949285654763305,0.25929247776106484,74124.28068778309,29853.322874111218,1.5141925811880732,443.7334776921651,0,4.051260378064187,0,1,3.0459071340793655,0,0
2.4244763145407857,0.0,62585.20621736406,23789.26745757059,2.3878655634154935,0.0,0,5.041601905365539,0,1,1.76796487676309,0,0
1.642837252082232,0.0,87698.65632708301,43423.29089167995,1.4870207082394509,128.24386601323496,0,4.982782914584691,0,1,1.369948004515031,0,0
0.0,0.0,76465.29766064559,16247.138524771537,2.661382928042973,0.0,0,4.046530131949471,0,1,0.6555803017759143,0,0
2.3996089785798165,0.0,63421.72517260542,31725.595005315558,2.2395680962033024,0.0,0,3.007822915496817,0,1,2.9350662002275785,0,0
0.0,0.0,112791.46174753463,29461.423998109163,0.30383431484944323,35.2250720931003,0,5.078921553453009,0,1,2.279975108929926,0,0
0.0,0.7120758269233508,37417.66893211338,7957.059685520178,1.2407444264043148,549.4911103117624,0,2.9394960338152294,0,1,0.0,0,0
0.0,0.5125353301800846,103714.23613100228,30676.08391643854,1.3313017981487043,208.73159980980174,0,4.850196839293824,0,1,1.9405835740621165,0,0
4.461655223658942,0.14057049109364886,108631.17522055573,19556.043038037795,1.6672858789703104,869.5018583139064,0,4.865295792408334,0,1,1.1211418209060084,0,0
4.768874096099766,0.0,42271.4482996321,18954.67532758042,2.0770209379451794,64.48290846311653,0,2.923820386218003,0,1,1.6873435721152346,0,0
4.6161383435449865,1.4195048367894103,51400.1678650287,34569.836713064295,0.0,128.0298189210141,0,3.939058014501202,0,1,0.9287352776427784,0,0
3.3501765993291865,0.0,0.0,13379.667513287646,0.1319349569146825,0.0,0,3.996272608070644,0,1,0.41928316393685205,0,0
1.7275876954018545,0.0,40595.78507099433,24302.535932956405,2.9437506783936715,0.0,0,4.910379729852737,0,1,1.9736080958021762,0,0
2.4683083197364053,0.390982783574568,138582.55011838645,19516.611774066656,1.791429907921042,0.0,0,3.884042007915981,0,1,1.3357731541354148,0,0
0.0,1.9616134107439545,78666.89983121624,24108.102643890372,2.7652056124072937,0.0,0,2.83898093268136,0,1,0.554206167052412,0,0
2.8416663604516454,0.31581800740115895,71981.12909885598,39051.6478031022,2.058898064188184,0.0,0,4.019034824657661,0,1,1.1049772844369135,0,0
5.019897413892081,0.30842951873134494,60972.059300663735,33164.04777709351,1.2275821259862951,0.0,0,4.99734114959737,0,1,0.9918106762857547,0,0
0.0,0.0,90186.22264403736,25776.4614256971,1.7986813942889721,0.0,0,4.0198598086923685,0,1,1.6265182962909386,0,0
0.0,0.0,36314.173615988955,15209.476702069142,1.9804003605800005,0.0,0,3.950064977141857,0,1,1.5410879768860577,0,0
0.0,0.0,97396.34918602937,2474.254844199577,0.3865599399318397,11.711102233312328,0,4.18711189824185,0,1,1.5240112470773688,0,0
1.1285035833660848,0.9986672896484712,124438.27131875593,11541.088068871944,2.4175846588710033,0.0,0,2.8762772086069934,0,1,1.3821522063459852,0,0
2.0062470773997587,0.0,92978.36325063562,19908.14702353454,1.706110173545583,547.5870242103974,0,5.005993435373474,0,1,1.0785926170388223,0,0
1.1300655526344972,0.0,12200.402498674288,38434.262679699525,2.6564454823783095,403.34365263526274,0,3.7683415786818637,0,1,2.310293740434317,0,0
1.0563047677748654,0.0,127277.02158535154,36874.18889608327,1.8869782155484265,704.0675446742018,0,5.041924024360157,0,1,0.947396449174132,0,0
0.0,0.0,34033.35875935638,20965.691340922738,1.3842413726652032,0.0,0,4.919009726502559,0,1,2.3243725252619445,0,0
1.5400208292542645,1.7933721825240116,74740.67497210618,17044.648995372827,2.6723807775042547,0.0,0,3.859307289364399,0,1,0.9651725917302856,0,0
3.5184343645397216,0.0,124889.66459206196,34313.179550548644,1.8796445829970714,645.8476233389243,0,3.04683157958496,0,1,1.6336883778111342,0,0
1.7986463310678371,1.4913584551134358,39005.29878208457,3956.996710701967,1.8555423805642277,540.9698837678865,0,2.8723503242647093,0,1,0.8609506131917849,0,0
3.283628869662457,0.0,106643.06084613461,12452.022708644019,2.8550050615267546,0.0,0,2.912097398701362,0,1,1.9447071056859506,0,0
1.092594157800211,2.207593497606766,38190.0707779665,19724.332953487152,0.9307683099284012,0.0,0,4.101607457735676,0,1,1.5172279536577837,0,0
0.6249933469983469,0.6070844391958072,106480.95596925252,11344.004665565211,2.5781137464653363,572.5465492516962,0,4.015706605406724,0,1,0.853409567110758,0,0
2.8507825934389466,0.0,152069.86842280565,24747.28758943344,0.0,0.0,0,3.9591455538762337,0,1,1.0447007487396396,0,0
0.5764945830838184,0.0,36217.80217178285,25246.978783218496,2.472554500918574,190.26238509813984,0,3.0142478683231397,0,1,0.0,0,0
0.0,0.0,229144.73544269646,28550.231946098997,1.508689732259905,173.115156687434,0,2.9567552698465143,0,1,0.1305671130857593,0,0
0.0,0.0,40606.64007664668,14732.113301404406,1.6129012970855805,0.0,0,5.066895383102604,0,1,0.7316494833435179,0,0
3.5282332506765486,2.3364913193630263,113230.67983227845,12159.260049488832,2.64651344718737,0.0,0,2.982693772050912,0,1,1.1570148458943428,0,0
0.0,0.5898731956122218,97782.67210802138,32154.38549017494,1.6563606521692522,359.6559796833128,0,4.900011659776779,0,1,2.317173157778853,0,0
2.2873375400395073,0.0,119815.81786545368,14126.435293167557,1.755695361017445,0.0,0,2.8436297249526667,0,1,2.478411361749712,0,0
3.382683091383111,0.0,113118.77664525578,17923.57513746244,0.8225417383101042,0.0,0,4.117309310830487,0,1,0.1262690353323882,0,0
2.573493417100258,0.38246757717326896,97762.52929163662,34054.161042613174,2.510047363934663,53.582614731437246,0,2.8516487211640635,0,1,0.129984041194815,0,0
4.035794550425811,1.2208865643831297,36897.74414803316,23345.89513351537,0.0,0.0,0,3.0778237771465955,0,1,0.9131149530381714,0,0
3.3168839059767072,0.0,53299.13118800285,20663.18059764322,0.0,131.75027724481902,0,4.9082192874983575,0,1,3.611604592260938,0,0
0.3183822559368843,0.0,129297.433564304,10876.0607611024,0.5754759080088686,465.9948968369867,0,4.93036091972094,0,1,0.5100777602935325,0,0
5.129344249910906,1.522688017567631,71130.27686648093,3076.7064831496004,1.704577130207068,353.472800935166,0,4.129677652730702,0,1,0.788609182906501,0,0
0.0,0.0,82491.54928838609,23088.981740906638,2.218347719504844,554.243919681289,0,3.9285375693037916,0,1,2.9000317974086447,0,0
1.4641196060737238,0.0,79166.8721685677,16350.978452523415,3.5275196264665167,249.76466890133304,0,4.970695689521929,0,1,2.8085086896688174,0,0
1.7770443207349753,1.3376416679080783,90432.29933187006,30181.816424332872,1.6757869988990417,0.0,0,4.12114030547825,0,1,2.5206778911912773,0,0
1.852695951691698,1.3488359481465353,75552.47948310242,3649.123601590755,2.340788105718388,0.0,0,3.0632253203831556,0,1,2.7075372504619106,0,0
6.284119647036036,0.0,87041.29754078343,14638.789930808114,0.0,0.0,0,3.068852677345884,0,1,2.8706745624707812,0,0
2.307237441612556,0.5342165648758888,98620.30422701228,17010.23400855483,0.6809053562309273,201.2799462502296,0,4.913103336537029,0,1,1.6313133604693189,0,0
2.9660868640405234,0.0,73618.05568015529,27267.106843749243,2.517460577751223,237.73766633047893,0,2.9076669960364816,0,1,1.3551704073257402,0,0
1.5357136375596423,0.6079884338514944,86049.28145027655,17344.750412977784,1.7274308237208458,0.0,0,5.0577066220216915,0,1,0.7198866868256344,0,0
4.14639508595798,1.4895914935749064,78065.0135294875,31600.94036628364,0.563909099564794,0.0,0,4.999874721118927,0,1,1.4181334083533381,0,0
4.732232722476996,1.0008619724003616,57171.449085056505,35457.475675098176,0.4959854763442497,232.44922332351067,0,3.9945437530177474,0,1,2.383847376654118,0,0
5.025190969906811,1.1532696164907374,116936.07639212199,24491.39931156528,0.45301424643927557,0.0,0,4.870672555247762,0,1,0.8422385237706487,0,0
2.082858748762508,0.0,116068.81355302733,20349.723563747615,2.8277742983462826,543.9927814161323,0,2.92643235120501,0,1,1.9064644672572628,0,0
1.2160889664840722,0.0,79932.05266096893,14914.095182412591,0.6889009075887031,87.38090240746692,0,2.8202865946707747,0,1,2.8230870417496714,0,0
2.229082870728039,0.9646873685067514,103330.40457586931,15418.991647252671,2.0672134126506214,241.22818581259045,0,5.012738532517868,0,1,1.260095260934942,0,0
4.5970348691079845,0.21138483059567265,92134.9182473846,26106.548371359844,0.4600872087831547,9.24145205796312,0,3.0442490769264965,0,1,1.8932276555374798,0,0
4.307683466684868,0.0,65237.68216287143,28706.286248386976,0.7860347871404013,136.85280907120392,0,5.096206883743836,0,1,0.9284992306553049,0,0
4.3787246924044965,1.377040701799597,110386.2906357776,35945.11599656688,2.8721538157317537,0.0,0,2.8483126977380233,0,1,1.0385003826107648,0,0
4.2859749692693825,0.0,82183.62417291079,35136.56210839851,0.6786621748182126,43.8908269333393,0,4.070473248048147,0,1,2.4819846494004882,0,0
2.6719929500909494,0.5737517153955857,3511.9398801940006,26146.9453660102,0.4693240944116248,0.0,0,3.9923947768044767,0,1,1.909671325264808,0,0
3.15868149412661,0.4453874092493937,71857.2000912616,0.0,1.8906820042677666,744.6740040171269,0,5.108445305553443,0,1,1.8380427383601674,0,0
1.2218625188106227,1.7924673411460748,40621.39127034049,25172.028585231066,0.9790166481216549,49.38679808030913,0,3.811087971664593,0,1,3.131253080817028,0,0
0.0,0.0,113240.65184696362,13627.41392887536,0.7819099641572658,0.0,0,3.1644440007603203,0,1,2.5628352213706864,0,0
2.4698738317179605,0.0,113877.82239067892,29659.758352222012,2.130195492903964,139.44187106197455,0,3.9774785879105043,0,1,2.1478525938009962,0,0
2.57103749758531,0.2724505980866635,49619.62006093058,31965.777119375874,1.7735360374360816,111.16566310947526,0,5.020253202835108,0,1,1.2756474952063899,0,0
0.0,0.5696590795728091,199076.7184602796,28642.81206497301,2.0958890657729374,17.405297342507986,0,2.912489670151752,0,1,1.7908147803627275,0,0
0.7019964039857158,1.7945059181912695,248.22911877595834,33596.43804471291,0.4963529701078264,178.00261370166842,0,3.8963198589047545,0,1,0.8513113139104728,0,0
2.0725490090854084,0.0,103454.14635570606,23533.28791791365,1.0892661343510956,178.9973965073488,0,4.052263317277797,0,1,1.5158432395998966,0,0
1.923751843938837,1.104688720126392,65178.44131412049,6064.855609198241,0.8611909056296476,34.67921686550712,0,3.9643696441460166,0,1,0.2555995571521319,0,0
1.2272958544531551,1.4730669603999589,122318.49250383463,18217.246521092726,1.335349446454565,462.6563204038068,0,4.169331023055872,0,1,2.170143599123006,0,0
3.3816458204246524,0.0,98747.36157318711,8613.731554542186,2.243928791784792,0.0,0,2.9690915396313575,0,1,0.0,0,0
0.0,0.6490485940032958,46466.30681375861,24685.102576350953,2.021844098672171,0.0,0,5.087054293030922,0,1,2.11026052285764,0,0
2.0739386517229064,0.0,126256.40369536531,28081.42645459736,1.2885359810027301,0.0,0,2.9765875717855756,0,1,2.8833794075292807,0,0
0.0,1.0205973465929177,3530.992912183172,8887.160347999183,2.313032525902534,12.826232691520099,0,3.701559953576082,0,1,0.6392371106120369,0,0
4.247871735722251,0.33946832975026414,22479.997492615952,14169.880477484974,2.5994409010077844,0.0,0,4.955295806170614,0,1,2.0413282383583593,0,0
2.03977850385481,0.0,107466.31944491145,18178.646885477236,2.080445856746746,0.0,0,3.0776378265543594,0,1,0.5122625482804414,0,0
0.0,0.0,97384.99662894435,7246.891384828666,2.736566244481084,392.77066767324584,0,5.015147870286775,0,1,1.1610539136017093,0,0
0.3189066437357999,1.689880387426241,85186.0001393786,0.0,2.3343984088760155,0.0,0,2.9465953280034896,0,1,0.21909256462475812,0,0
0.4220915544950188,0.36316137023723066,72241.1623686449,38417.687932192595,2.374812738564481,162.2606415451657,0,4.02294540595222,0,1,0.2095680147589739,0,0
3.5377185717541186,0.0,15042.85229453192,4347.37087647204,1.3929675894506062,0.0,0,5.132841913607637,0,1,1.33215365896559,0,0
2.221493378723883,0.0,148437.68367094678,19582.195866342157,0.4791886081549529,118.22848882142655,0,3.1110223103647474,0,1,1.3269733936772967,0,0
3.1998328184016165,1.4246568571822966,83274.5472959691,14676.668146866241,0.6181616085984164,401.11549025671303,0,2.8472366649364913,0,1,3.064330804371887,0,0
0.8554225024721769,0.0,45511.475454259366,12516.557081072222,2.3834005270110015,0.0,0,3.0025981137049804,0,1,2.0329175081989277,0,0
5.083309597589406,0.3476542868554511,90918.06552072243,20654.04398237249,2.996165890195361,0.0,0,3.0172292241463583,0,1,1.3158128156646698,0,0
1.089518689964106,0.0,60415.68698898684,30963.281046821106,1.3564347067103193,0.0,0,2.8848660541313,0,1,3.599636111695565,0,0
4.686547372806432,0.0,50945.95171630696,1099.5389002572315,0.9853074135478566,0.0,0,4.917019683612208,0,1,1.9665381882874156,0,0
2.917658683430353,0.0,67365.57348720887,11752.871011729816,0.41945930660557096,279.2784403520054,0,3.898892649521196,0,1,1.009653610257431,0,0
1.6999853197867085,1.8780916340545633,158536.13319401728,47202.129499927076,1.439863632401909,567.5729089568313,0,3.906144950863694,0,1,2.589738051529172,0,0
2.1321746217815827,3.2618432762793677,0.0,14438.843291801404,2.734132073375567,268.4376638812179,0,2.839209955897386,0,1,1.9672874453352758,0,0
2.8599012933895547,0.0,150708.03814725758,13625.253802732595,0.0,0.0,0,2.979721440237312,0,1,2.9556685181884936,0,0
1.3234393472447752,0.6060060930721499,137739.7640481102,23095.818259559073,2.343150657158195,0.0,0,5.072738947721306,0,1,2.437148034469941,0,0
5.128162556145952,3.4797212494659746,59812.463131220444,14777.17207667411,0.9545679223748081,466.0153031170622,0,3.9340359412660693,0,1,2.3032648956735464,0,0
0.0,1.7944201897662924,128027.83070603879,29928.031147327558,2.7250934233895543,0.0,0,4.171151090323792,0,1,1.2943843306295255,0,0
4.39320326913451,0.0,125436.99115612681,9716.25693348567,2.1403155197503776,136.26835832646069,0,4.134382008185325,0,1,2.319740301480523,0,0
3.477775468426226,0.0,216292.08243532374,0.0,2.088257799494075,383.1745434343547,0,3.967022320841612,0,1,2.115679785728627,0,0
4.905146090370438,0.4788765888657465,42899.6524794835,28724.286135882023,1.0277263231289016,0.0,0,2.97272067091929,0,1,1.0280013060110518,0,0
3.7221401289959886,1.9127610140950952,37979.50271620644,26726.96687845255,2.6935042101010174,138.2927463823529,0,4.132278188379412,0,1,0.5616628806601147,0,0
3.2531635593714565,0.0,155254.55689077225,32097.613772991906,1.1589023280595827,0.0,0,2.925645444628763,0,1,0.29737055232331144,0,0
3.1283725483011993,1.2192740114426828,0.0,7736.422299758547,1.053825121312533,182.09246320990718,0,4.025006989265389,0,1,1.594185755749836,0,0
0.9330373073999378,1.1425650640101253,125596.91164584589,120.65392151887227,1.8842588608988713,43.60335708649022,0,3.0975407758449487,0,1,1.862378431443139,0,0
4.581866962818248,0.0,79479.66519888988,4526.5697474997105,1.058367427436524,156.8199322385869,0,4.946403872578133,0,1,0.25754444902425155,0,0
4.424436904272847,3.174118353222581,76484.18493686209,41901.212575224214,1.125864212645818,0.0,0,2.9912004217310897,0,1,1.8407257331771492,0,0
3.4087876535592407,0.0,117981.20721530642,20500.67163550587,0.4935380393042549,0.0,0,4.868017088281378,0,1,0.5835787087510523,0,0
2.7376672118664946,0.476740676654138,151270.03554544682,26832.515991452,1.027625044861857,353.9290440243327,0,3.8794864983035753,0,1,0.0,0,0
0.0,0.30338587453626553,71027.56979529362,15583.549408511059,0.050561263903216025,370.58102518544325,0,5.158432024044149,0,1,1.1429848782945229,0,0
0.8131834890865357,0.6851713166744854,60020.207543410754,18373.05756740327,0.6831414583253045,203.7973842572684,0,3.039805848822612,0,1,1.6066489709300105,0,0
3.37983476372347,1.7608820602194424,50084.690115384314,17990.181057328926,2.2415230276195293,141.35254534702725,0,4.072877921692538,0,1,0.4412031742438749,0,0
2.5837356121560076,0.0,109462.82310829304,24080.92535657157,1.893798170041245,0.0,0,5.041589029687746,0,1,0.9140781364517474,0,0
7.2539291995625925,0.40955732488400687,130443.89781201958,12988.422637539285,1.8418853597748959,364.88380996896285,0,4.0127116950257955,0,1,1.188156400311266,0,0
0.9285017495641819,2.9810427263157613,51022.788143630314,25867.718608419524,2.4136628275896572,149.79584105799634,0,3.9451412820213823,0,1,2.2052712720528764,0,0
3.6446693022811325,1.2401154790367086,88825.8265105365,31408.878809432314,3.1401545889728357,389.03083822336026,0,4.183511900787611,0,1,1.9069501229969286,0,0
2.2875907179500112,0.0,65600.60750944755,0.0,0.709155202711415,0.0,0,2.8653341486054016,0,1,2.6742199327630027,0,0
2.6517413883801026,0.0,18222.130522380412,12327.364999045743,2.6293261958707252,213.36544751101113,0,2.874931348552639,0,1,2.7703607164482715,0,0
0.21024005295624093,0.8651452077074345,87799.91311662133,14577.7063125372,1.9860242087380815,188.36326062929368,0,3.9336640063850394,0,1,1.3758177665911964,0,0
2.21356458073047,0.0,170667.64234650394,31439.726489096945,1.381508068428217,0.0,0,5.041102632532883,0,1,2.728249119526926,0,0
4.067269159170674,0.0,93231.51474897856,31870.79686068822,3.4614145384549757,0.0,0,3.017580018846058,0,1,0.9891626732808989,0,0
2.4670359431935416,0.0,116141.1667205421,16472.419486598483,1.6767622617490763,6.561338235196295,0,3.914320977553647,0,1,0.5766663680031545,0,0
4.83940933233613,3.144708231531446,126454.73616097783,29365.302708681396,1.9140975196433168,0.0,0,4.964196743948904,0,1,0.303851431402844,0,0
0.0,0.5483354756525671,11240.344076437628,7175.202523022264,0.7057461666319546,140.75847484734254,0,4.9526713165586695,0,1,1.240103394230715,0,0
0.0,0.1438901324253038,55678.038015880345,14948.915520523284,1.9357241838398531,99.84191435253183,0,5.024175438386608,0,1,1.6956171221660492,0,0
3.239055102808707,0.0,48098.61892570751,34455.55383771047,0.21587092983767908,0.0,0,2.9508219263078033,0,1,0.2563049177147473,0,0
3.130392424283665,0.0,91621.01681085561,3361.758483735078,1.55840230440148,0.0,0,4.174442483026554,0,1,1.2674408446817593,0,0
1.384619520437308,0.003754488475021925,114143.01198554136,4830.380787357347,1.1473103715736666,0.0,0,3.969347268444712,0,1,1.6915039864124357,0,0
2.788330403756848,0.0850415981893503,40996.35551782036,34414.1395829448,0.4948029768265255,149.79953208224563,0,2.9700219848264946,0,1,0.6898048051728047,0,0
2.8778047339027766,2.5204697481761795,137383.27466511633,18736.609606660037,2.1694739507346785,118.2665922759259,0,4.073747708750985,0,1,0.6299524194375616,0,0
0.0,0.28288373128012545,102351.28870173408,34377.862048760275,1.6688990376735338,0.0,0,5.055759119925644,0,1,1.5284754133864198,0,0
2.414889407002447,1.541471627503963,105559.97868545438,20311.966084248994,1.106367536083701,0.0,0,4.118948626506118,0,1,0.4439906765372239,0,0
1.6475326920328643,0.3948482391756241,71476.87308932681,22667.752517941553,1.4881650745416568,253.59233191023787,0,5.09997890950606,0,1,1.4534353337298769,0,0
1.1689448185699085,1.4364910112447402,184841.93824051556,18685.297388641036,2.431292593452081,74.43527343953389,0,3.9753891836846096,0,1,0.7828441007391052,0,0
4.983687075179514,0.0,91383.49557057861,17536.042010139652,2.3042752457644515,260.52473020419603,0,5.119923789313208,0,1,0.8487099935819372,0,0
2.9231851655349783,0.0,106741.15498455183,26826.019597694172,2.964138928684595,78.5046691986413,0,2.9573872228539297,0,1,1.7206634489428336,0,0
2.076247753329836,1.4779034643608147,87316.79323711814,10049.188902678326,0.0,301.8775955450604,0,3.884617015289086,0,1,0.0,0,0
0.14863558729011772,2.2229101347655598,96586.58412635048,17586.36700147251,1.9781590598878829,275.8261413193646,0,3.9957182570937095,0,1,2.0827136231969,0,0
3.745798094748333,0.0,96405.72353309153,7695.929778092597,2.56568327937491,299.2151380128112,0,5.039839579717934,0,1,3.051110173810789,0,0
5.936151329456314,0.09509425233014693,74588.22940802513,9882.55069383947,0.5081937884502132,0.0,0,3.0225360589411507,0,1,1.8599560957707175,0,0
5.178717549829074,0.0,82748.21905446514,37191.65760536874,3.2568918472563824,240.52043416690702,0,4.04711988629771,0,1,1.2851826816556282,0,0
0.7079924908832789,0.0,72482.516965853,25774.02840643342,0.7812084331180797,33.19238243272608,0,4.917357589010056,0,1,2.504171671232429,0,0
3.6720058614417015,0.0,90399.3840962699,11726.938742724893,1.507873977163737,0.0,0,4.063423402275652,0,1,1.7291359661966195,0,0
3.0507420968067644,0.0,136064.7793655078,33158.34290603709,1.5582679321735096,0.0,0,4.144547039420704,0,1,1.5144019396831558,0,0
3.3603606849670147,0.0,68277.1946468925,14891.696308871879,0.4372021559875785,134.7481416879231,0,4.91834875615342,0,1,2.6790968076301103,0,0
0.0,0.0,67341.51162247435,6528.16520809654,1.9817182301716507,0.0,0,3.0937075754869565,0,1,0.6577374346390837,0,0
0.0,0.0,100765.07685954186,20076.592508382026,2.0148560405359683,111.47926814347336,0,5.040202136073563,0,1,1.1718991082884558,0,0
4.928936084734375,0.8530739485688867,87548.46234576701,19274.427628860412,2.031470300309717,107.09162462803923,0,5.07077816869533,0,1,2.754797066878772,0,0
2.2925462474573663,2.6565652726143822,57933.13222936305,29501.274599780012,2.895931798406437,338.75352844933417,0,3.917335726445803,0,1,1.0874767314620783,0,0
0.0,0.0,136619.79287604144,13532.260727558305,2.0888006159989017,55.29158041092912,0,3.014415354859008,0,1,0.7118471226026017,0,0
3.5241483110571963,0.0,90992.55301280835,38742.80640851342,1.5050408801673782,389.2172863730872,0,4.003918619713795,0,1,2.332141366317216,0,0
0.2402641597617483,0.28827007948466726,69594.5368834643,20406.13656263957,2.2642529148164368,0.0,0,2.9969615030982344,0,1,0.0,0,0
2.3249978623738587,0.0,102288.0631372377,37712.98766351381,0.0,0.0,0,4.024435824085366,0,1,2.54259560247806,0,0
0.566429142038078,0.0,85446.31255570776,20336.450445373343,0.7533920725454875,507.6350399012463,0,4.056093822603511,0,1,1.4561657677409825,0,0
2.4514937876158718,0.0,169798.36104493632,19342.223893367416,1.6309777321049297,0.0,0,4.147731961454768,0,1,2.077884791827461,0,0
3.808190206304441,0.0,36099.063145003354,6785.420051107234,0.933638807023158,0.0,0,3.106774533372771,0,1,1.0315358901182408,0,0
5.621803688330514,0.0,132061.07633452505,23389.662864310485,1.1117878673465067,497.50768817057667,0,3.0962550319745517,0,1,1.2390004377104764,0,0
0.0,0.45454288970105095,99657.64914992967,25410.999736879574,0.8674739413735535,498.8713485870078,0,4.139634369064554,0,1,1.2241401571938262,0,0
1.8831267182092077,0.0,37448.75110768406,35321.31636304947,2.2016788763982333,0.0,0,3.0210464488671476,0,1,1.400200859686389,0,0
0.0,1.3345605839789219,62652.36473967538,25656.556341121337,0.6275244196424401,0.0,0,2.907684870630826,0,1,1.6015424273716126,0,0
5.523651399264212,0.0,33550.26829538526,13838.594192703717,2.823655363183738,0.0,0,4.019530107476447,0,1,1.4418918967196892,0,0
1.307494792680515,2.4752845946628805,0.0,53514.14570431785,0.8895091977019536,579.9572212335157,0,4.046600588726203,0,1,1.7216596074058295,0,0
2.7363576467251884,0.0,121216.49824700046,25478.425812844856,2.514595427507111,458.64630962871905,0,3.0868054475162605,0,1,0.0,0,0
2.418987977830804,2.2475505592911067,19784.41215217438,14740.270496242703,0.4570109696949123,0.0,0,5.056912120495094,0,1,0.0,0,0
0.810011740534063,0.0,83189.1977909029,23271.041821486844,0.7214240887629488,48.553563136450315,0,4.9814023953111395,0,1,2.3193476216736175,0,0
0.7442283979588227,1.3387826271404697,82359.48394966402,16003.152922940768,2.2200661131226216,533.9835572714935,0,4.12613545258702,0,1,3.047396613802769,0,0
3.422404673916634,0.0,96993.80287831272,30675.17105369295,1.114352126145207,606.6280060221711,0,3.031803821387293,0,1,1.223647363270437,0,0
4.2039601121957615,0.1999955893717245,202341.28892151802,18844.72774684547,1.4901078842555295,148.9730644200408,0,3.9781358557041084,0,1,2.481629172646261,0,0
0.6842874078210626,0.9487847124814471,6638.743438277657,8965.653030429245,2.5259849899778017,176.090372777393,0,4.818111398826726,0,1,1.051627225943336,0,0
5.856364549397807,0.0,98420.88063149495,14011.840058079766,1.15733595515795,44.97744855662785,0,4.048265378085918,0,1,1.9741481038590194,0,0
4.2567458198329,0.0,94850.69718217016,36457.75978481523,1.1381630969780696,0.0,0,2.8781552622240865,0,1,2.4182450528067245,0,0
1.5354943842888025,0.0,65263.80279353817,21637.006349254345,0.8792647933747105,216.66690632036355,0,2.8948953147325445,0,1,2.2430805472425686,0,0
5.222599109889766,0.0,19667.558024879847,48823.122099598884,1.2879744334613497,530.6573092797089,0,5.047763607061904,0,1,2.060976089571227,0,0
3.4590001773292007,2.6214917526619197,90884.51212199409,14104.78886215203,0.7674755991857681,0.0,0,3.05002264427759,0,1,1.1809311952755077,0,0
0.0,0.0,107144.99660309404,12535.061682407046,1.0381619308991277,130.55703768923314,0,3.8827717857915034,0,1,2.0170114825752883,0,0
2.4723064750403134,0.22680941566437632,62152.89438514353,20279.680424428203,2.4165745056636596,93.57852253849211,0,2.95871705471391,0,1,2.136316848008487,0,0
5.2039780830006395,0.0,81129.41744746434,12264.159487611318,0.1413469620354777,0.0,0,2.9931597244659356,0,1,3.720042444419766,0,0
0.0,0.4942331768862286,98475.23924986803,26771.28309067606,0.6729920136230481,82.86430327869128,0,5.085663677578686,0,1,2.5926326609267263,0,0
0.0,0.0,147320.0042366446,30681.222686906898,0.0,0.0,0,2.9394117125259136,0,1,1.4967092107691824,0,0
2.3303444060646,0.0,89470.35302096127,23722.434650393374,1.6086445768822029,0.0,0,3.0812567047174526,0,1,1.5897007342602456,0,0
4.089885381784644,1.129992770232215,161471.89810254035,32463.651989868897,1.1952928265806892,464.7452737680734,0,4.910935955886883,0,1,2.111725190921192,0,0
0.0,0.0,109247.61135602098,27291.998208975816,3.4162986193506972,0.0,0,3.867489018048549,0,1,0.16828684349947642,0,0
0.0,0.0,0.0,38145.38891879339,0.7623858850136568,0.0,0,3.113767701155354,0,1,1.3969626187973962,0,0
2.3700788151360603,0.09072520336808092,84093.13945489885,13029.321125456416,0.705812976528293,256.30280639135816,0,3.150800612257309,0,1,1.8082237318661014,0,0
0.0675276310635069,1.1634988221274423,68982.11372666323,21798.87084752302,2.4711454466497247,155.70577189500568,0,4.122005795566872,0,1,1.6179363117061445,0,0
0.0,0.0,7340.270443414611,13016.953140705435,1.2206641982649944,67.63462358921547,0,3.0739051161292537,0,1,1.3857396203829273,0,0
1.1132292054758257,0.305418573763392,101444.16439372586,11037.454044798515,2.559119288694286,258.31413401270675,0,3.010976136777749,0,1,0.6560777204134837,0,0
3.867636814402876,0.0,124063.54115520671,23361.294083005614,2.534497262588527,43.903164757096356,0,3.0589931193443625,0,1,0.7887822536639251,0,0
4.6332871654713355,0.0,118239.359640804,17757.29503835352,2.1406278928153184,0.0,0,3.0548196797700915,0,1,0.9235263248814208,0,0
2.9537770139639523,0.0,84488.3744672141,21232.81848066576,2.3981537714049423,0.0,0,3.186916561939187,0,1,0.25746624578569344,0,0
2.5779122900390528,0.0,77650.60060792598,15072.361733910937,0.662005799759869,325.4069867776063,0,4.924678537585699,0,1,0.3711900203702574,0,0
0.0,1.5704212139503564,74357.30436655483,46275.9911397853,1.828392711885503,493.6102174136008,0,4.939603723922762,0,1,1.436975238941365,0,0
0.8151108492620189,0.0,4124.985113653416,6271.7933378885855,3.310981495598182,766.0676841590382,0,4.906273639498571,0,1,2.6862016182388526,0,0
1.4602409293697964,0.0,44182.36109831072,22270.7871069093,1.9790731062106968,249.80339606432682,0,5.141807031082592,0,1,1.9271565891621483,0,0
1.6380065983108327,1.2980540972409986,91381.35860913974,31045.87459764832,1.000727445563164,601.1340303045803,0,4.001084924137716,0,1,1.1412153570680397,0,0
4.3584296807352665,0.8734773863677973,0.0,18186.311026499825,1.6447177561037725,0.0,0,2.9254245693174497,0,1,1.2709177123723783,0,0
5.61121444691616,0.0,78760.57764651973,30852.58470343671,0.8109805201926243,0.0,0,2.797941202249378,0,1,0.40981170206416684,0,0
1.5873085736341601,0.0,130127.40963642596,14723.64090017566,1.2669056391263238,0.0,0,2.9141277393672915,0,1,0.9202283509932502,0,0
1.495170111887716,0.7810745836385161,118068.92450565234,12039.053832795886,1.6007127567422064,73.54342136913081,0,5.025380829231655,0,1,0.20665428736274327,0,0
4.816944579393315,1.3447149971476409,137862.537592565,19975.046166160166,2.242570509210869,0.0,0,2.817864886005842,0,1,1.270661376804834,0,0
2.839963695460577,2.2611522167771905,99097.73708859629,11527.480428912155,2.2647952345116282,576.7487715889984,0,3.905321122042326,0,1,2.4030059848514416,0,0
3.0625590953264856,1.3276543917646162,101481.40537235337,27560.7622661137,3.381165251850686,0.0,0,4.003858136546261,0,1,2.184995940761449,0,0
1.3452584068561593,1.1120625532520274,44206.41160722902,21935.887044158364,0.7076676378086764,0.0,0,2.977953051171701,0,1,2.292404067461034,0,0
4.531826300743818,0.7000054704087841,69020.21954418453,10406.42995044945,1.0965107198539608,307.66099836443783,0,4.876151538176678,0,1,0.4965473136748557,0,0
0.48755277573192535,0.3184192591794194,128588.44153134355,16720.44928135921,1.206739089341536,417.06462260892783,0,3.915924623180161,0,1,0.12424248348316103,0,0
4.491411963751909,0.0,27510.748145959828,6872.824857741707,1.9287099610961718,230.32380166498618,0,3.974034481362664,0,1,1.8260996643466958,0,0
2.738055901139802,0.8119786276205483,128294.12526731174,25928.491583807452,3.3610199353855386,310.63886539479654,0,5.0377024787183355,0,1,1.868164014024137,0,0
2.878931920031886,0.0,68321.03736626366,28637.790803562515,1.6053604079307155,317.73143084417825,0,4.059779020416814,0,1,0.43793192716091556,0,0
1.0482273380929101,1.0816199266340005,74713.15359390964,37862.63814340432,0.90374284325862,653.1609123792869,0,3.987428540821837,0,1,2.553997532280138,0,0
0.0,1.1848333060561131,130452.01695817188,22692.989792020016,1.7426928707798257,0.0,0,3.135106976544183,0,1,1.0660569434501268,0,0
2.8662480970879867,0.7608126594774238,92775.54588677335,20536.306943406707,2.811047057305715,0.0,0,4.949015660516919,0,1,1.5098023942349152,0,0
0.0,0.0,67846.0119829482,17493.55399345662,0.3154395760862907,509.36964420738286,0,4.889065077945886,0,1,0.7430795119208841,0,0
1.4368961283239963,0.0,26053.322156737864,23969.22024810384,1.3276897233557858,23.861227723975542,0,3.8107029597620268,0,1,3.5424537541678154,0,0
0.9034141979284731,1.6998982022530296,116074.1271028224,19232.13336918228,2.614140809513808,270.056620438531,0,5.0665639586906615,0,1,2.633160583832783,0,0
0.5528072285472783,0.0,42326.77305568112,23490.292159103552,0.9190546154848378,0.0,0,4.990730473099749,0,1,1.3185646765059245,0,0
0.0,0.3899563736701489,41811.64990183872,25604.49792992801,1.4532274942914638,0.0,0,2.8465502517129773,0,1,2.549626046163281,0,0
0.0,1.274777039486517,80161.45556516795,19660.570060110313,1.8525017278331593,0.0,0,3.027237285872712,0,1,2.16006006787249,0,0
5.3505531089128,0.7194291289046061,77976.77917226867,24490.410973999133,1.375455491621658,0.0,0,5.092404790933605,0,1,2.1879251861720723,0,0
0.0,3.2048304838892068,104537.9873971891,27350.152390476684,1.2372982186974812,0.0,0,4.026456778040735,0,1,1.853670389431215,0,0
1.8216969028546082,0.0,23075.115370861735,11657.187107729087,1.1514221043441917,139.92977692191258,0,3.932880516506117,0,1,1.8534462003560443,0,0
1.2074701799909517,0.0,69477.58517724577,6801.742697062787,1.8553287100456264,441.47907736426055,0,4.881987136299464,0,1,2.103761900898218,0,0
3.2359346322965683,0.2877102311067317,68684.47294777432,34221.12775865638,1.2277091061002374,274.54645246937696,0,3.0255373088949002,0,1,1.6724977749037053,0,0
5.3934513390630325,1.4979737614617934,84530.11231169003,15438.824849005005,3.0294145765349763,220.67390136317744,0,5.003745391511209,0,1,1.6799080024560404,0,0
0.781196433646725,0.14049100594706276,102637.76135207362,24436.408659085566,3.2435014169986474,0.0,0,5.252844943524185,0,1,0.8597244536820154,0,0
3.0632682633949746,2.0111355125908696,159158.3502585917,0.0,1.7884303898832792,0.0,0,3.896159942262017,0,1,0.977947057965665,0,0
2.0510165898560966,0.0,96897.69910083423,20970.0346706771,2.882979596584124,20.47825173931335,0,3.0405987431665626,0,1,0.8562437415896045,0,0
0.0,0.0,14037.875780987602,8390.844141118392,2.063494495914714,0.0,0,2.9426468181520407,0,1,2.125599621785277,0,0
0.0,1.2478965788489207,0.0,12267.869881059434,2.903326875571642,0.0,0,3.9289843066473984,0,1,1.9161702653304347,0,0
3.6950130897858884,0.0,145096.977873965,23289.177873257206,0.0,0.0,0,2.8843924304341892,0,1,2.1682773551987595,0,0
5.3480857345622805,1.4303545335064578,122471.51890978671,16653.283821530265,1.185206227040195,8.141210120558156,0,5.107167788143228,0,1,0.0,0,0
2.137967455235926,1.1575376681553113,96704.57917871236,4585.338751721553,2.550545197572252,66.10715856236277,0,3.1056057744035206,0,1,1.9183774500000728,0,0
2.355677909322597,0.0,28797.77433860076,5254.717784524648,1.0540886872431172,410.91415697040617,0,5.09064814177382,0,1,1.1240463263527924,0,0
4.852148961961988,0.5902528497932644,8279.280395197478,6756.243022702368,1.8103096731032575,396.28866051423176,0,3.953112569846921,0,1,3.016598648715778,0,0
0.9789985164699286,0.0,210576.32871634574,28212.638874583212,0.8861012992097224,210.09171133800578,0,5.051787548334219,0,1,2.4613501116635423,0,0
2.410863174207052,0.0,53113.33161606955,18685.434295593717,1.9386610552279158,845.3201931446367,0,5.131820646778445,0,1,1.9585731816544545,0,0
3.2457664206013987,0.0,5128.219356603728,4493.250664166208,1.0919045388617914,0.0,0,4.760256784975165,0,1,0.8640232879220675,0,0
6.667620839588698,0.0,155018.94771965386,34253.06646515573,1.7232224356201242,0.0,0,5.053190398578115,0,1,0.0,0,0
5.2967045479421655,0.22912585839016447,138438.64209086806,26333.64713634259,1.632294857614426,0.0,0,5.094893285420534,0,1,1.5439166384640126,0,0
1.594242950301562,0.0,100085.56146113468,34214.75366590337,2.210824831067845,0.0,0,5.070733869812271,0,1,1.055348105602453,0,0
0.24610981940860555,0.0,114459.22236049411,27876.156903796727,0.5703542907213615,0.0,0,2.913597121602946,0,1,0.0,0,0
1.7469891690683503,1.5556059735077676,52907.8175576213,7986.585478785434,0.0,0.0,0,2.909287541320196,0,1,2.2352306446663386,0,0
3.689563041056691,0.0,94784.29717218952,23675.902228021907,0.0,137.18510939381864,0,4.032146573031316,0,1,1.910658300561591,0,0
2.655696230355985,0.4271730042257729,125492.61927090689,31762.609894532507,1.6429934870332765,348.4163213698211,0,3.00460372155948,0,1,2.952645707736403,0,0
0.734521246925065,0.0,91216.19468984418,24921.021403826577,0.7510241055807714,0.0,0,5.0904317484017,0,1,1.4722348742848144,0,0
6.171128715205043,0.3042566668397888,91663.87091917201,12877.275023457601,1.9130331928793625,0.0,0,4.089414870111145,0,1,2.1057642565889854,0,0
3.648095101944234,0.0,109293.32173135909,8064.322316789713,2.257375896808497,0.0,0,2.9460335335534062,0,1,0.8988150740594523,0,0
0.7828281483308572,0.584431094384239,128883.53978557246,9323.643236759553,2.0992028936755878,177.8133860400513,0,3.836924295782574,0,1,0.3427832757122843,0,0
1.6193553868203758,0.805657887700419,92438.72253274,14595.947360794744,1.4654376041949182,0.0,0,3.864628951254836,0,1,1.7034460606345572,0,0
0.0,1.575522109719285,138897.13264074898,17925.440493569266,4.079079013560643,0.0,0,2.8921984180365206,0,1,2.0325710303964653,0,0
0.34870010370333415,1.2339376441093652,76702.2448465331,38585.94292002905,1.012755395309872,0.0,0,4.949047771766662,0,1,0.43975866902436755,0,0
1.6793940638499687,0.27685744632694825,44945.74851483258,32380.93677068955,2.6861073594527345,0.0,0,5.029427097571473,0,1,1.7336677448467084,0,0
1.4236013943346,1.3943557676138267,173435.5726787003,17974.969160544777,2.0190147563603604,26.823893162593606,0,4.967742511834954,0,1,0.653614159046096,0,0
3.8883149924622114,0.0,58751.017271780715,34162.66723392387,1.4281419127874326,267.2930265153233,0,4.876950144229161,0,1,0.8525165940382355,0,0
0.9429045339200348,2.537637906795408,59714.67974566082,31954.676516921983,0.9661658686677799,236.0532117433982,0,4.06172303158857,0,1,2.7299378385080026,0,0
3.404628371780107,0.0,122731.7255220582,15916.299086888012,2.2852702301701044,324.9495808321683,0,4.969813825202924,0,1,1.9849736928020902,0,0
1.6887722840468953,0.0,97932.10969793008,23839.63832505279,1.073149904961078,20.362256048432062,0,2.9332128942581273,0,1,1.3631991779675476,0,0
0.0,0.0,56557.051446419835,21874.51424113404,1.0846452168247722,0.0,0,4.92034254253431,0,1,1.9009201428217277,0,0
0.27158332444621347,0.0,169171.05584935917,2211.060019926927,2.7968218531480153,124.30554508773785,0,4.030091023251934,0,1,1.5776946518273043,0,0
1.528833086613559,0.0,52890.89255257434,40672.79022111376,0.8471892267596917,0.0,0,4.972968461195068,0,1,2.184938536144235,0,0
0.0,0.0,86425.83621617722,17336.102385191378,1.6583711643207857,174.5299021710746,0,4.9405158911184115,0,1,2.9462563777321904,0,0
0.0,2.6207558953541454,70505.30649041274,14411.856775127333,0.0,136.81037622997272,0,3.880188387545013,0,1,0.0,0,0
1.662103607147024,0.9784689426459422,72598.5176388097,7980.985836293627,0.8089317299971266,406.96567285740286,0,3.940299696335121,0,1,1.2874224336712268,0,0
3.359043319431229,1.4121143576682411,96262.5585445462,38301.693578611834,1.7987000206386183,317.62363960317083,0,4.02393158113065,0,1,2.406424753741905,0,0
3.529880993477607,0.08095367175264558,102020.92071489873,17278.515888934555,2.719923585814386,206.9574471877492,0,5.060512717364404,0,1,0.7470798858580001,0,0
1.0475112012459074,0.0,113479.33987463146,14879.660594123357,0.8404747471078631,0.0,0,4.092902976085484,0,1,0.5693230957281943,0,0
0.0,3.316857222148416,94253.39794821535,33375.67484516752,1.1515049247876277,0.0,0,3.9305823870271537,0,1,0.2632347435586877,0,0
0.11145576017553349,0.0,41818.30495385616,12842.34858028032,1.7344949394129416,246.47043709019653,0,3.846697196381769,0,1,1.0346035291733242,0,0
4.236569846819938,1.11189280158234,153130.7893434401,21010.253644761662,2.0327607032376083,462.14859567911395,0,5.056637569321709,0,1,0.7280490654775265,0,0
1.7045496634361106,0.0,33449.4464481388,9758.057412087835,1.808658270363996,245.43304282703207,0,5.015232115744041,0,1,3.380233390365319,0,0
4.770148874060718,0.0,107124.16171950678,13872.41885306382,2.2468009327079868,0.0,0,4.8580931027100815,0,1,2.7807951122525765,0,0
3.356609561639042,2.2665492973464003,59572.46453340877,14870.872333325893,1.5229112809779985,554.0728975269474,0,3.0742749137205814,0,1,2.2142297663618495,0,0
0.11131071386265523,0.7616896675295117,114300.95380226239,8300.232054791999,0.9515761159476783,47.60931149798575,0,4.703899182619261,0,1,0.9690464778958355,0,0
2.0796052904315063,0.0,47166.98625110121,0.0,3.2748804685950983,192.24805373924224,0,3.8971380545486927,0,1,0.0,0,0
2.4131053572817103,0.0,76579.50256472986,10455.039947497393,2.426667887629349,194.43183540665444,0,5.16987652587155,0,1,0.787517568317353,0,0
1.6309192784047082,0.0,26715.63350266825,19596.81534926413,0.8059277994239983,0.0,0,4.290790711303317,0,1,2.307170570467656,0,0
1.3696811623489924,0.0,145585.99611351776,19258.740348450763,1.9018265151745595,0.0,0,3.0950833566631397,0,1,1.1447217127882994,0,0
2.751221413907393,0.6200300363062586,131579.06224827832,50504.80726881356,1.6906874358517032,115.13999398962316,0,4.965235515785478,0,1,0.7573199747847266,0,0
2.3127072244695075,0.17504240647481573,88903.44115898511,23714.978999802268,1.5393644410869793,0.0,0,5.037529952597908,0,1,1.434755827043592,0,0
1.0448977317523618,1.158416614769718,56105.224856548,26905.8911254909,1.22964419559591,0.0,0,2.787131222652795,0,1,0.7077130277019952,0,0
0.7989711562298767,0.0,62199.63952108773,11088.538879714644,1.1571804536157095,0.0,0,3.9538301108476532,0,1,0.21975851721761452,0,0
0.0,0.4506214783510395,57905.957995768025,36478.61150659142,0.5789757680195703,0.0,0,4.830656367087315,0,1,1.1655839861921071,0,0
0.29878204979165324,1.33162893522182,63501.22177925999,27629.447615441644,3.439336030589823,229.11361842569698,0,3.1163851275836367,0,1,2.4001211658926427,0,0
0.0,0.0,50997.050429825395,29942.470916576807,1.9002596975808626,366.9601461262647,0,3.081872049401404,0,1,1.5269765167326663,0,0
2.1775248577420707,0.0,48334.577715615975,25587.977605165976,2.8393550426257637,171.22439810235443,0,3.064843488575609,0,1,2.447247989423545,0,0
5.4650502845118485,0.0,126288.87952125334,34750.374779637445,1.2718033926733048,0.0,0,3.0838448329051014,0,1,1.4605749658376694,0,0
3.5956858778365834,2.014205366631534,14989.602236805744,4581.2828011615775,2.390965575437665,163.80711581712433,0,4.942643489333947,0,1,0.6243523591926199,0,0
4.548712284020414,0.19447984756909298,102961.66303265581,29503.73668206916,0.5460898249079622,370.95470668046806,0,3.9958774769112004,0,1,0.24487575819463525,0,0
2.287518138063729,0.28954906134977354,142770.6582506239,26795.8834434479,1.3967485864111209,0.0,0,4.928940130192269,0,1,1.2366583714302153,0,0
0.0,1.674217612901223,63502.87298906602,24571.402583226514,1.4159963302516654,120.47748629037474,0,5.003912342929126,0,1,0.0,0,0
2.6389115695146597,0.0,63137.420409525555,34326.29724334539,0.14359499622370664,192.33827312229795,0,2.9898879997070424,0,1,1.3036055176706784,0,0
0.0,0.0,113270.6578270118,36923.48604354179,0.30374444724177907,0.0,0,5.038648029561443,0,1,0.6395451062696557,0,0
1.071549500942614,0.42088246476710345,70488.46470224271,37065.59849751157,0.8550198593185241,0.0,0,4.885270892153976,0,1,1.7741002930539962,0,0
0.8218745254625694,0.8039483429700092,83113.35465861173,24027.992779327073,0.4754567533569444,0.0,0,5.001137007731838,0,1,1.6081145795943133,0,0
5.378146970462398,0.0,71794.01780256972,30946.17808401639,2.587257239599106,0.0,0,2.9996967305054434,0,1,1.823397171301808,0,0
2.41737725384952,2.5031406658898288,0.0,37110.86686501321,1.4490189687569304,0.0,0,4.019278573885682,0,1,0.0,0,0
4.198086298605989,0.0,5463.8729625343385,6905.144075971686,0.5312488312967469,0.0,0,3.9027486534198323,0,1,2.343036339896195,0,0
4.715708312991471,0.5782841664840159,157.47162015890353,16097.961376932626,1.2393946891702083,282.09640426567626,0,2.936092239568512,0,1,2.596993825374981,0,0
3.5337387660032196,2.572728770047281,91242.76603209577,5200.049897517476,0.6126633414546689,245.13651568823013,0,4.913230683562655,0,1,1.9419723894600474,0,0
2.9107370702917086,0.23793638474068024,92018.88473329895,29632.71205237487,2.494042663609163,0.0,0,5.204226586571544,0,1,1.7533201227506496,0,0
5.284414968624748,0.0,149062.94327636357,48730.212952618356,0.9503505571310926,0.0,0,3.1252284221761926,0,1,0.7648239301852797,0,0
0.8814649966588046,2.171313695489067,118983.42347974161,18892.48545235249,1.31199933536507,69.52980312821138,0,2.993015323435473,0,1,1.0486969592606736,0,0
0.23155948295397466,0.0,119161.30220418397,22670.050847987954,1.9263369383543805,0.0,0,5.046597761746859,0,1,0.0,0,0
0.6147358918068162,1.2300302047762115,83064.69765069298,17392.945911945488,1.7988948768908877,6.502655530452124,0,4.160863096122146,0,1,0.6445187942778261,0,0
2.5861714389879897,0.7115673920433155,21132.795647000192,40732.381505034435,2.663578280102295,0.0,0,4.167924659121167,0,1,0.2056486358165075,0,0
3.5457474356503424,0.13155241333761505,88819.57079288883,26017.39381847659,0.9800209901969952,0.0,0,5.041744786137474,0,1,2.6557453581266457,0,0
2.2637246895967964,0.0,56622.83359569039,31012.38730249212,2.4451030953280757,115.44224029257259,0,4.913187180167659,0,1,1.58105672041566,0,0
4.054518915196203,0.6822454449051351,101454.15029618447,15068.963661269678,1.7287194338031915,0.0,0,5.126514753083135,0,1,2.8292444830002053,0,0
1.0228575161264724,1.2399924726557545,147751.74117758818,22755.76618114856,0.13251256116080468,168.4903533988101,0,5.024479719099209,0,1,0.34753086028671,0,0
3.310597656101664,0.0,107142.19716897364,23029.866133948253,1.4936070306327642,61.54518275851015,0,3.9644567121600023,0,1,2.1290582650220666,0,0
2.2949856704347664,2.5879625176975014,74247.23296264917,1303.0899519701306,0.3964618408424051,452.5706393738688,0,5.070980085889356,0,1,1.234316393428132,0,0
1.108660416950177,0.0,81398.95062782131,39423.616628486656,1.748005601367884,39.84297036362472,0,2.9325220719127465,0,1,0.0,0,0
3.7006335913051456,2.7696196624645135,58896.51845571689,15673.523209485624,2.120445370126959,452.1210496067236,0,4.839218653925866,0,1,0.0,0,0
1.6148340895971958,1.0635340542188194,32031.571746645917,3963.6458308393608,0.35277096976310496,462.6891986684042,0,3.1336733251599798,0,1,2.5134505299391092,0,0
1.4995698400225728,0.06469192766287199,83803.9023053031,11933.455429006195,1.412345223185822,159.26167983162608,0,5.0469976393036085,0,1,2.530590286370882,0,0
6.588750731889757,0.332574445136827,17385.511409159128,3836.5801887306493,0.7432627234191278,0.0,0,3.0866044295118695,0,1,1.7494041950969477,0,0
2.9199612634555225,1.5224777838857795,78480.30709161646,31715.235021964105,2.658456716075449,0.0,0,3.806587243623687,0,1,2.7727272555871423,0,0
1.468913646547763,2.3520916125895304,137213.20220528834,31241.474490893735,0.6221492930948211,98.61242825712773,0,4.043819751371169,0,1,0.1481841447543638,0,0
0.594928284023413,0.0,49247.38149606859,41548.17166469872,2.0687157894652164,550.0066407296861,0,4.030427614181722,0,1,1.1853689822034126,0,0
4.52273112378684,0.0,60347.12240499113,14632.128118699473,0.7828776595043674,138.0501742404654,0,2.9638893059121107,0,1,1.5110128186409986,0,0
1.1873006568646032,2.5804892792483862,122392.93380279701,20843.389759429287,0.9192558045200787,113.22584802896131,0,2.9647941778671103,0,1,1.0035932776463687,0,0
4.700096660205519,0.0,78581.0986106053,9858.378941205934,1.5161516555943098,458.04429862248594,0,2.9469912695778744,0,1,0.3412213465750591,0,0
3.406178834064047,0.12367621612363339,107286.24876651607,24990.08110559603,0.22573843358150514,566.9141831852717,0,3.165009636452149,0,1,0.9764742075121953,0,0
0.0,0.0,100848.52497878198,28516.477449513302,1.532570773056071,11.659312501267188,0,5.087840851828782,0,1,1.8277956709213947,0,0
3.9968304625047337,1.2661633969223183,5768.387256266949,24823.20575378294,2.1636534810425476,171.83384879044536,0,3.9725134430526716,0,1,3.158438196429489,0,0
0.0,0.0,133138.95443767073,12645.752858668871,2.0474674878265238,0.0,0,2.932706065606748,0,1,3.1231695847561642,0,0
1.1027282610950462,1.225783415547321,78745.31386124963,20116.87059723085,2.5058366870598006,123.41921415600211,0,2.9977055205442964,0,1,1.533411530471545,0,0
3.8509547294821704,1.8133403929906748,122737.63099470697,26032.466462827582,0.0,188.14436795185313,0,3.9991281490897044,0,1,1.0418018379660188,0,0
0.0,0.9392656194696091,95103.89642668472,19775.938911765774,2.270532634764303,0.0,0,4.89071952128368,0,1,3.9956411459559895,0,0
5.274511959543094,0.0,152210.95486604638,40400.865775583196,0.5992091260764862,0.0,0,3.1158994305132515,0,1,2.172453932175711,0,0
2.946566582454315,0.0,0.0,40482.85252961264,0.4414674439021459,0.0,0,3.973050154267486,0,1,2.41202207182492,0,0
0.8070151035059667,0.0,116358.23959766643,21648.514316494657,2.3798154516955905,307.57661910442863,0,4.007586737074905,0,1,1.83630233105864,0,0
6.667474710540736,0.9384205475027028,41163.62574361266,15708.848892623542,1.5758995030607998,158.3859217094457,0,5.084794434332254,0,1,0.35576435873512013,0,0
0.0,0.0880713350287816,67108.4931193852,21496.2927749445,1.834238815258384,22.147065004322766,0,4.165147503411012,0,1,1.7190981350414698,0,0
0.0,1.3654889518483784,114382.37804935547,14043.978446755427,2.4025784784310584,0.0,0,3.0116677237110263,0,1,0.39768630985565,0,0
0.0,0.0,41381.956738065855,43104.40534702034,0.9242670303104523,0.0,0,2.850699285140276,0,1,1.6834757702712002,0,0
0.0,0.0,52316.459575453584,29878.761775867457,0.0,0.0,0,5.0622087507097175,0,1,1.754971929397967,0,0
1.178562563055367,2.3879319005374557,42051.528772259655,21015.883316020532,1.90300785754083,0.0,0,5.016896338049927,0,1,2.4620686622041226,0,0
2.525549875963094,0.0,52311.06769085812,32067.792951749125,2.1653950801260984,323.0169979084894,0,4.944166706640148,0,1,2.162294651418406,0,0
3.0266903627193145,1.0691655751573153,81575.35393217091,26179.051064264575,1.3281571032641493,255.99716755162666,0,5.040234588285154,0,1,3.036201615742608,0,0
3.246149863748491,1.2334349202030404,69840.9601350661,39102.370179003796,2.1555984190746362,85.88350930895876,0,4.932288823946412,0,1,0.0,0,0
1.1029163848168324,3.591973018616382,60894.14022171503,24879.980531121117,0.0,0.0,0,4.8388002537452985,0,1,1.6479942919719446,0,0
0.0,2.515814304902654,100226.0550536576,13209.470410710856,2.9832537243820187,277.271634650754,0,5.0138567929635585,0,1,1.397745942293819,0,0
0.23703509474839368,0.9723757992221783,117367.67345377023,29346.147192865872,0.7111258145212156,81.19155932503445,0,3.9011969826158577,0,1,1.8788478907395503,0,0
0.0,1.1015327594079936,68293.55219095653,27627.32424668843,1.1980184717847628,58.92495712629217,0,4.971032277519207,0,1,0.9023744607433254,0,0
5.672441101072497,1.9558108677897301,71173.1393875135,13747.248616648225,1.9379617764280677,63.24502746209326,0,4.06090493119317,0,1,0.875917316570841,0,0
1.8179775786664698,0.0,47198.90732104028,17583.786360484693,0.03965809693931455,0.0,0,3.779380246780762,0,1,3.783968108705635,0,0
3.3441071602341967,2.7724934841277733,73615.17988078363,13953.028012794426,1.9807541693369972,23.61801818774412,0,3.9610194389497413,0,1,1.6365483921186068,0,0
4.622527232560478,0.028151380511274623,48689.07936568073,15205.858200096058,1.09703192274854,331.8842980581975,0,2.9001495657096834,0,1,1.9033567417630766,0,0
6.226123023833149,1.0781396601641835,87368.94637739443,28453.234385288284,0.04967940441914098,0.0,0,3.8431184130572285,0,1,3.362449563779654,0,0
0.7967808619125375,0.7152055648606376,40140.29279381302,16904.750881003318,0.7067846504745707,294.4194834998158,0,3.003639668097686,0,1,1.6121867296448007,0,0
1.7123827917322747,0.0,73088.34169868709,23334.208606037657,0.6252891132764862,118.2115853440765,0,3.9468338983458615,0,1,2.2785067471726252,0,0
4.815185967617184,0.0,118284.96139792528,18675.0134745195,1.6859017634197482,175.67461891763082,0,3.0642864055776164,0,1,2.040835117043315,0,0
1.7235207921179838,0.0,0.0,15315.350943975154,0.6414323865877836,0.0,0,4.0426599121746944,0,1,1.3042058846106792,0,0
4.805669808080369,0.36836726954327226,108693.60563576473,0.0,2.6480344175923927,0.0,0,5.057986526200788,0,1,2.856848975230228,0,0
0.31429539265561124,0.0,84130.2152987875,22393.38922166514,0.542973123128792,0.0,0,3.797933026574925,0,1,1.9950172606200764,0,0
0.0,0.0,67677.55436245252,27278.21715558821,0.121370411520906,0.0,0,4.0137601462470025,0,1,2.127056656443965,0,0
1.175218908658038,0.0,102356.15204193047,20433.219916545087,1.1500723100203434,164.92254542099232,0,3.018024112218127,0,1,2.416101810092644,0,0
0.29917315655212817,0.0,188501.3477138943,32931.93845261204,0.0,469.1944726368415,0,3.8691746090023997,0,1,1.7158785609540508,0,0
0.0,2.2602552148108903,122040.70155765419,17101.074256484528,1.461928067673201,104.03301210191424,0,2.9859768793678896,0,1,1.839014969964539,0,0
2.4952683538362224,1.5456856079786028,89567.30379865256,14332.63739053546,1.5276843293632512,0.0,0,5.024428999023241,0,1,0.13062812839099802,0,0
1.8698812884988132,0.0,78195.83880868256,23506.487497344544,0.9788124634653566,20.990622886277542,0,4.002908483408383,0,1,2.535000419466435,0,0
6.61362798269967,2.8114196172706563,62635.16459306289,15090.42516125663,1.7952598345474375,0.0,0,5.06392722288262,0,1,2.34343546629667,0,0
3.5182553235979315,0.5708481394104572,36997.80834773235,14554.979453744738,0.3916064174768934,3.505585320401714,0,3.047299512026175,0,1,2.2311334536339924,0,0
0.1708088971881747,1.0913054751473343,113003.25578711144,36058.35697845505,0.0,56.09649866077925,0,3.066179738232297,0,1,1.9614490671151352,0,0
1.315026874168753,0.0,109360.05797546369,44633.63631164717,1.1527083724413263,561.0058307843162,0,2.8593068214464057,0,1,2.1314082067435156,0,0
4.938716234122698,0.0,79918.40615899209,14298.410715984455,1.4873134431752226,159.4992173553922,0,3.9235565410345314,0,1,1.4079069369069466,0,0
4.39181283366132,1.6901012786890697,91734.06119261183,13201.885975672001,1.1721893411436102,125.18050968715596,0,4.956622865774674,0,1,2.6481508717174513,0,0
1.1822620632588245,1.0480254588411337,103289.67830479787,16170.41200538598,2.9994893006956533,153.2130418430784,0,3.9816646468956995,0,1,2.0776344240575364,0,0
1.9225719905143412,2.615349843868059,48765.475757118766,30415.74468114773,1.9830979499982684,0.0,0,2.8287124282130094,0,1,1.8262177167279678,0,0
1.783425141246693,2.6296282791250323,35618.09997862621,3576.866958116183,1.0771762157217135,466.1565328972048,0,2.9798566306549827,0,1,0.7657013821266538,0,0
2.4747174043218525,0.0,58141.194594410845,30783.885892105885,1.5476795768395206,149.1844112345696,0,4.076159409988945,0,1,1.1944610269042224,0,0
3.9338854923983493,1.7289900877376962,95131.46770497652,22374.915149538887,1.307307992280856,0.0,0,4.8558444267428404,0,1,1.649460296657438,0,0
5.250891704460258,0.0,82240.50499755892,25981.839910814604,0.511523350207937,183.3315396341858,0,3.839499817770682,0,1,1.5806517926528045,0,0
0.0,0.0,125553.94047206616,38106.15646288954,0.5782402109772322,412.2673927207187,0,5.127199316609599,0,1,0.0,0,0
2.4758784182595996,0.631917151817253,145250.5679239756,20328.687070787008,2.4115147920276376,122.26109981230414,0,5.039471200143422,0,1,2.0111788196742624,0,0
0.0,1.2657521745570885,0.0,30088.56385779071,1.3586406101504434,14.712207572231124,0,5.201776729786883,0,1,1.0494347177939747,0,0
0.9539401166603818,0.5972287202736634,0.0,25200.80967027408,1.14787064178021,48.824907562818055,0,3.0133677191323907,0,1,0.8051600050450205,0,0
0.0,1.5578084305322952,0.0,30529.804966291293,0.5444906139127883,279.89661187101837,0,3.9870048804480063,0,1,2.0318182226509767,0,0
0.5038724555184801,0.0,57861.40052962382,8640.974931055012,2.180648779088517,173.22330557482795,0,4.9205975930102,0,1,1.5335639922523328,0,0
4.336207957415379,1.495775589403857,127759.54961335576,0.0,1.4161127866183523,78.67139963001647,0,5.244855594611126,0,1,2.1148993142166277,0,0
2.4454050893164334,0.0,60986.00262384764,17513.452005159354,1.9205125817226534,0.0,0,3.1243880970363076,0,1,1.8772753479825626,0,0
1.8427605269054312,3.6335100188457905,76677.7037360388,12589.695376859441,3.022904784609791,83.92859700175993,0,3.0490637233619795,0,1,0.2920234531111825,0,0
1.0045109743601197,1.5086854940031447,0.0,21012.11118801411,2.088252817236059,0.0,0,4.02940268792982,0,1,1.4967917582188783,0,0
4.185440133943434,2.4133563388462846,116737.23681735723,2855.8345833617695,0.9552759737425593,402.6707179952962,0,4.87817961905931,0,1,2.473547875594404,0,0
0.6034695593916624,0.0,14168.053822305297,32299.6175251419,2.2125233020587745,59.28166042075058,0,5.000056457033318,0,1,2.3256472203641385,0,0
2.354507755612792,0.0,102731.1499458707,25836.071865719703,0.5322700358536288,0.0,0,4.883340927727732,0,1,3.7516422872292616,0,0
1.4661225793791015,0.00878033358015326,110333.4585860158,11967.782407279734,0.9321021695367833,0.0,0,3.967303301559475,0,1,1.5058891741269098,0,0
1.9758259165377017,0.0,154519.5604051426,14404.939896406724,1.5370557687247886,259.569098308075,0,5.010642829010807,0,1,0.8492925006975933,0,0
6.128066175032404,2.4459520318999477,88770.37518735795,25716.466119586414,2.681976210377579,463.78740317831165,0,5.018646965646457,0,1,0.49751248419096716,0,0
0.0,0.21746889869238717,147357.80201613824,3631.48600949669,3.160531199150892,167.40757456567823,0,2.892414506022637,0,1,0.25882216985690765,0,0
0.0,0.0,94888.6477583245,24121.994735496202,0.4616777777912132,217.85199185711477,0,5.053612681644046,0,1,0.48667847116793406,0,0
1.2113755770324197,0.0,197232.408869636,15950.940088155683,1.9584206920582732,0.0,0,4.989557888476251,0,1,1.3947240582129976,0,0
2.8753879466203474,0.0,7676.267037775979,25479.45080182271,2.4383389962516597,598.0860799042862,0,5.078848145335346,0,1,2.124039480922368,0,0
0.0,1.194785880619346,132552.69709680713,13667.068612799849,1.7866769955447381,0.0,0,3.0610623276262316,0,1,0.5629497162352464,0,0
3.5578642197731374,0.9256358839588492,124800.7005380122,47564.08566175844,1.0305602037008683,39.13539765280753,0,4.127985041251987,0,1,1.650314042958105,0,0
2.0611052899875193,1.0528256210999547,111002.76952600194,11515.00573172766,1.4530734589323662,33.81009258669777,0,2.916749280401109,0,1,1.557927115233089,0,0
3.19666972969189,1.6378102944760846,150708.39608567176,10578.49109773071,1.1677753657608976,497.9913419164233,0,3.206714635481787,0,1,1.5469647874029087,0,0
2.550990866862623,3.372404989356413,116401.57079516836,20716.816732889045,2.513344269581736,127.0390878910565,0,2.8824280668990974,0,1,1.8475701679148628,0,0
0.0,2.668087765785278,80891.37086987542,0.0,0.687822303545766,280.3597478958628,0,2.9634674542429784,0,1,3.6347048113794465,0,0
0.8516056811213735,0.0,50548.49587060299,15784.420503819823,1.7295019537214449,0.0,0,3.0188904394521927,0,1,2.2928172077107067,0,0
0.0,3.199410334396327,78105.29714438191,15341.00640101085,1.2276771648048723,186.1660286230701,0,5.05837319459079,0,1,1.4502465911962257,0,0
5.366357456066851,0.0,82559.2735008948,14080.604253835489,1.6356683307832374,0.0,0,3.96811095865721,0,1,0.0,0,0
2.9686718626894155,0.25542742333521773,148430.06596986955,9125.407023437916,0.7217864026927916,0.0,0,3.9924835898315276,0,1,1.9918227146601541,0,0
4.898477618063643,0.2721595354230759,49134.844027586296,17441.297790511202,1.7262219422669083,193.63032420861614,0,5.208205634792634,0,1,0.49468153730068465,0,0
4.187708536149719,1.112206102052666,35099.59998796517,28428.33872592603,1.3453071469983369,0.0,0,2.9314466866539344,0,1,1.2363394489746447,0,0
0.0,0.0,91814.00208767886,30403.140008327136,3.3974017509630503,0.0,0,2.893311929872907,0,1,2.651267992637715,0,0
0.8636641488793345,0.14821445637530012,71959.20288427324,15057.301926067263,2.7423551468458207,395.21891097346935,0,4.864771260795702,0,1,2.0531834887559426,0,0
5.518084468149171,0.5306821987585966,162848.18102091187,10896.876305955995,1.4838975802704195,0.0,0,3.9358051261585385,0,1,1.8960799505719,0,0
0.0,0.0,86809.78091018673,22641.748114392307,1.8336372865463126,561.7915070048825,0,4.650411343435085,0,1,0.9354163661909428,0,0
2.571581233679048,0.0,112661.23242027292,29361.17844695871,2.420817804088605,340.0736305811736,0,3.9998249526786087,0,1,1.7995186947308883,0,0
2.9267920581420555,0.0,0.0,32220.19574240934,3.62545043829743,550.1329314197643,0,3.178055319480061,0,1,0.5200759183228743,0,0
6.759920031109811,0.0,74124.20321037802,24860.26136003366,1.4144635389565994,0.0,0,4.993658386555435,0,1,1.826583861321176,0,0
2.870286275579152,0.23611465598136216,56928.32690636316,8134.398186787295,0.33954821196116125,211.46261086839957,0,3.127128806856619,0,1,0.2829193537498703,0,0
4.238648656632832,0.0,97160.98749011561,33933.78862381103,1.356104781209518,80.1624489872714,0,3.9594767420062698,0,1,0.0,0,0
3.2712009668857154,1.817971347260876,111057.69613457369,6372.5630586873685,0.6374929866074324,326.6416929508972,0,3.1836506749160782,0,1,1.1479146112460052,0,0
3.30510616833414,0.0,75926.10453928665,4769.245966720657,0.10446696428584523,0.0,0,4.042649340679405,0,1,0.86244880430779,0,0
3.007554413120508,0.0,157747.78620736767,23621.691777758657,1.5562040495980956,357.39992119248967,0,2.9965396917208666,0,1,2.069531674653508,0,0
0.0,1.6582809454931637,115687.52114964716,29334.268211782815,0.896173966607195,196.69866970554028,0,4.897161600455536,0,1,0.4826195130930798,0,0
3.5966294351201182,0.0,123088.24257038781,23879.042090974133,2.7770325955735746,0.0,0,5.019183989044177,0,1,0.07246189444510498,0,0
0.0,2.715903504521361,68404.61505558672,28508.592043064382,2.214813111123855,0.0,0,3.186233611644914,0,1,2.5105966655015544,0,0
0.0,0.0,69178.94632688662,20799.514948504908,2.2148671767450367,317.4613891899758,0,3.7988242590028345,0,1,2.405119621727903,0,0
3.3831245963547536,1.5429737113276385,86845.32905518034,33047.858913409975,0.11313079749064092,0.0,0,2.9887105360804718,0,1,2.35376525156115,0,0
3.3337647664998817,1.3788158893208244,74339.73496834404,27189.628318353523,1.6311596673030808,0.0,0,3.961431719718521,0,1,1.656807395393062,0,0
0.0,2.4227615650920264,96634.63347243886,12694.125123484873,0.7864810354519286,0.0,0,4.855146887742211,0,1,1.2510696330141122,0,0
3.259647322290351,0.0,104492.03483129966,27159.72759932163,1.6892549510136317,228.41795690543944,0,4.922152103185298,0,1,1.5775323638385208,0,0
4.935747465307729,0.23820030295614272,184120.25478346838,31008.881947272825,0.021232159295024644,0.0,0,3.085556197884603,0,1,0.8832862616357247,0,0
4.276952046360765,0.0,12335.728198192808,28833.55032077684,2.933908677989244,32.40119354854403,0,4.943508421652163,0,1,1.025881106889845,0,0
2.496650642295259,0.062293143498538775,44488.40296737449,18491.189501285586,0.8779966083669446,90.97292680137286,0,3.116908840018297,0,1,2.277202628173681,0,0
4.0338518844336315,0.0,76807.63756384156,17284.971958718364,1.6139146420874944,0.0,0,4.966487414172011,0,1,2.0471436731696766,0,0
1.936031815512427,2.347381997426867,89876.06390453903,15802.100155805387,2.0987268767090335,199.86491463944532,0,2.9918709424388243,0,1,0.7412646747025644,0,0
1.4944727344551776,0.883332982176934,50935.94552470141,23277.298969857082,2.124997998716731,197.6924350173324,0,4.092810721731796,0,1,1.981022022020231,0,0
0.5148508944215373,0.0,112651.97149200705,43779.024855137766,1.7045532725853478,648.8658304518342,0,4.9866991444278925,0,1,2.314821377358293,0,0
1.6786850933261772,0.0,137120.33922114174,10418.915351282338,1.2228799576397118,200.0922083167015,0,4.029605325792324,0,1,2.4783566127872585,0,0
1.295455483352943,0.0,77191.61668850099,17830.726979194926,0.2260729681167124,141.0817078242588,0,3.9485198839693387,0,1,1.191557397094452,0,0
4.697453623758013,0.0,53375.718187466424,19389.807596616134,1.9269922492072533,0.0,0,4.968540285086959,0,1,1.589654683082368,0,0
2.7325748569765214,0.2513716071164206,100066.06865925364,14169.640412329041,0.05572232967830859,208.01062423122534,0,4.083051293930998,0,1,2.7177634669655197,0,0
2.024905697100407,2.984044333481664,55332.84496955336,11597.429915899127,0.36014811211611986,578.7977329732221,0,4.9225710058336825,0,1,2.0458747150130265,0,0
3.580432726809666,0.6708856713484962,63641.39633209723,25205.16240034733,2.7095608930641837,0.0,0,4.886495048691157,0,1,1.1844835796622597,0,0
2.591057447398399,0.0,37505.65271092306,34848.881072563054,1.832114581633756,0.0,0,3.96896125949475,0,1,0.0,0,0
5.857855856959542,3.8063806445158206,73626.17853935996,17413.98271186436,1.8641089302509086,0.0,0,2.9974487090905155,0,1,1.734673033990014,0,0
3.7042944639071247,1.7292650025922098,71769.82748378848,18678.90894663773,1.6423988467591568,248.10958116693874,0,3.8972591975145074,0,1,1.103726544311976,0,0
3.5242163580595864,1.4849653989576639,54395.80961450969,13345.444863203,0.5102674970297288,0.0,0,3.1498093056148417,0,1,0.5467758552063802,0,0
3.4000477676955807,0.0,37134.412175599005,8637.95377482996,2.0160191960116993,0.0,0,4.020015474680629,0,1,1.6176145057980156,0,0
4.282157245948371,1.2758876150553966,62225.08445588539,25577.255322778456,3.627967817695019,112.09171057511756,0,3.9150607888894697,0,1,1.27339508411769,0,0
0.0,0.6124008621535528,54590.46725841898,11568.182408830187,0.0,75.44843494223339,0,5.0548106023375965,0,1,1.6668958129307216,0,0
2.9119994859761857,0.0,87513.45505275707,18926.41063296514,0.2873476594643126,419.341825905106,0,4.099637274832719,0,1,1.4891764136119368,0,0
2.389035236313516,0.7586726982096109,58585.824987986845,7007.000001665554,1.313389324819908,0.0,0,4.8852711063793,0,1,0.6239752351801251,0,0
1.2547429764652134,0.0,96806.01514863284,19194.19312272031,0.0,81.03329101181721,0,3.0513805197447437,0,1,1.6912744574078422,0,0
0.0,0.5536781397933891,165192.39673052015,7873.202416696616,0.9116937180296816,0.0,0,3.9458739461652708,0,1,1.4004399746169052,0,0
0.0,0.7344729959716633,151009.56180848664,17878.312824080844,0.8404901096500772,0.0,0,4.050125134754796,0,1,0.8027917077781004,0,0
0.0,0.0,55219.1536796534,7107.326306211864,0.5396179448217346,108.16316339023773,0,3.217035481211579,0,1,2.531202978832635,0,0
1.93059333201087,0.26570265591579756,0.0,29529.82879267545,2.4726972085625474,0.0,0,3.920811186540794,0,1,1.4586097161080644,0,0
3.9279750770203767,1.0178347661079945,113277.74351765297,39086.143786555695,1.66837356807883,0.0,0,4.028538303296675,0,1,1.2239805119321414,0,0
6.171858377751013,0.0,83993.66838530859,35494.12734074014,1.8752421608594991,202.40701386541173,0,2.7895658508531844,0,1,0.5285355116615442,0,0
1.9918676230502694,0.7119485376742098,0.0,13264.072105338406,2.1178009657674095,189.4106442270462,0,3.207503586852731,0,1,2.294053656043179,0,0
2.1486356946184775,1.8968325826180237,90792.60489297252,12317.834123132589,0.7360832936090446,0.0,0,4.778777850130603,0,1,2.296057554438959,0,0
0.0,1.259285179651408,35247.93165319287,23406.10569133362,3.23510266327262,239.6296994009399,0,5.017668226606604,0,1,0.6624832448896227,0,0
0.7973334061991698,0.0,66075.73720219056,23821.457144278866,1.7099146769947358,0.0,0,4.106983409694349,0,1,1.5966249159751573,0,0
5.449733404661754,2.166037936275841,63967.75502200586,33104.30987157191,1.4729784077292107,0.0,0,4.991116658376414,0,1,1.6570046621475323,0,0
2.0261844572489647,1.1575603231748506,70940.55264371293,12863.8964314209,1.94617737101138,437.2480108485104,0,4.960739433542315,0,1,1.208012193672468,0,0
1.129229104598006,0.0,88297.21531007477,31548.247103435882,0.9804159802685809,397.79372477088896,0,2.986614783666147,0,1,3.1496590917960274,0,0
3.8862593355082122,0.0,137375.24091231366,27671.942611221082,1.6332420106082588,250.45230210683104,0,4.967658724615276,0,1,1.9374082082830493,0,0
4.200290521761616,0.9188393149888732,0.0,23475.145756279377,0.7736054561009706,0.0,0,4.827425256050141,0,1,1.6052190884167128,0,0
3.074794452502201,1.5864542360760632,110716.73059110674,34877.18618130433,1.9608244981821943,116.67298797515092,0,4.742434478298759,0,1,0.0,0,0
2.6276688854529135,1.776800087452362,58096.2548735555,31560.191263810153,2.180619153828473,156.98214869712922,0,5.118404675227678,0,1,1.4566202298134874,0,0
4.637476709688649,0.9607853009081965,145224.62558973616,22702.29433554337,0.570409603068493,0.0,0,4.915158334397368,0,1,1.0569063895538984,0,0
1.3069239019441798,0.0,54404.43621858288,20126.200885995047,2.3589113188422006,0.0,0,2.997359598327885,0,1,2.4401036870415633,0,0
2.9783946145148192,0.9176903284603486,46100.54571473427,13518.652467537535,2.0971224778893767,332.8644537788188,0,4.8681396190371,0,1,2.9749769208702412,0,0
0.8128652565682373,0.0,67755.41638892464,15887.210327065233,1.3783981618285548,0.0,0,3.9673152029285883,0,1,1.4667943449316025,0,0
0.16592067996713133,0.5457440342616143,51177.615749065975,15589.856864254452,1.5336654457296928,18.805955707753213,0,5.084313388229239,0,1,1.701688486420311,0,0
1.5299249494242497,2.778581684248665,63802.764747598194,39101.510283692165,0.24205618399732576,0.0,0,2.945166158743995,0,1,0.3044179303717428,0,0
0.4394022874970247,0.0,101662.78916896987,33728.93110218719,3.315041826419291,0.0,0,4.134058816102459,0,1,0.4768097962223258,0,0
4.04018838858608,0.0,97217.28938325439,28116.968571064943,2.438967273288947,37.209684564448985,0,5.014398385022346,0,1,2.7388542792292454,0,0
0.0,1.5220023414300723,28921.736784528286,13107.608255986557,0.06361711278622895,21.599098561601483,0,3.003063073564977,0,1,1.5660334362030857,0,0
1.7482261052923818,0.0,142310.9130487426,32801.35154857194,0.9121705749871851,54.614715710398244,0,4.032888601399321,0,1,1.0804545391717957,0,0
2.298335984662828,2.4069847971143314,85786.49818237397,7752.2899018562675,1.4582842982786537,0.0,0,4.027288570952934,0,1,1.3920645655711632,0,0
2.395820610594248,1.525421865035812,43348.59407630484,20929.979478709414,2.696016648177742,176.06105694637517,0,4.061319535233305,0,1,3.258839648453791,0,0
4.045780315414528,1.6580698705615118,64356.70581244789,18751.766756068253,1.9553635568458207,277.37635297554965,0,2.9807538303159467,0,1,1.728280378333939,0,0
0.0,1.713965614167007,182621.4763477434,17264.35736275854,0.9236012482817488,0.0,0,2.906658138615844,0,1,2.588914518632648,0,0
2.1522410788442743,0.0,112307.49947720856,4949.747985602494,0.8069843332982465,297.2025153781755,0,4.134128840835812,0,1,2.443092661289568,0,0
3.2664139221325597,0.0,31372.279820204923,22150.919566177367,1.7396522432707515,0.0,0,3.1038597416237246,0,1,0.4583361754879729,0,0
2.312043962734544,2.0343617143612263,136755.48935352327,31387.656416968442,0.0,0.0,0,5.037936382399074,0,1,0.9207930477957146,0,0
3.2801668634830037,0.0,145601.0337000053,39368.13425487377,1.8154065421070948,0.0,0,4.099659356833341,0,1,1.539070140320343,0,0
1.8244371269219306,0.0,127590.95869636127,25094.65935665314,2.3751118562364,16.151071529967627,0,4.872945527314588,0,1,2.0630300921544613,0,0
0.1437633268022247,1.1050788148006663,113874.50995669459,34403.13228780157,2.192908044779611,0.0,0,4.894091886736066,0,1,0.2005645173817372,0,0
0.856578763866678,0.36745339662433485,119122.50191078676,29764.375745973637,1.3206588634786307,0.0,0,5.057749880504492,0,1,0.0,0,0
3.9791351900983143,1.6670732145821525,36469.253675027154,32397.761454007763,2.1829469974575098,0.0,0,3.862934545441107,0,1,0.8971094994168525,0,0
6.145851895565407,1.0138450973739939,71090.26077681108,20710.0238891699,1.5291694639214362,110.11457588084434,0,4.188574851704742,0,1,0.6073515651716727,0,0
1.329844413665696,0.0,75557.12302284158,12873.480310765315,0.81599136718817,0.0,0,3.928347479954122,0,1,1.1943507389260273,0,0
0.49382147821077593,0.04708077927403809,151658.08259700742,2270.065230738205,1.0733204546544584,0.0,0,4.8451640480812825,0,1,0.9561475618151749,0,0
2.8767425516350382,0.4891082986571418,37023.96727367364,14373.897681952321,2.9466592857881735,295.17304502910105,0,3.922532707856438,0,1,1.1740526112074838,0,0
4.892596998973071,0.7177451680795708,84931.52339035328,16431.445510084053,1.5766608794835335,115.92039921799032,0,2.9053361613016824,0,1,2.2551473452961783,0,0
2.720630477210797,1.2401332681291126,0.0,30027.401963328248,1.0828116744770786,101.96342327859573,0,4.0118485166896365,0,1,0.7330240344842154,0,0
2.708368593967185,0.3289911699946795,98316.73438438542,8796.911106978023,0.41449876382747286,0.0,0,3.0309870369581455,0,1,1.8802540769544842,0,0
0.8010620890843885,0.0,62057.35410789925,26353.807425547653,1.0725098857313071,0.0,0,2.9043525603918314,0,1,1.3566444527606492,0,0
0.0,0.0,148038.19047872693,33668.12979315254,0.8532753862796428,174.57693742740958,0,4.001230155084474,0,1,1.1943088857751203,0,0
1.2527661115887572,0.0,98183.44743183446,8653.551763209265,0.0,0.0,0,2.9159136057679587,0,1,2.0904360202892174,0,0
1.3286200971508457,2.3628412208639493,144606.4154116712,0.0,2.429234861339042,451.9018606415716,0,4.107129227082324,0,1,0.6088759378905664,0,0
1.620438531630227,0.0,60408.17332345878,26627.752415608626,0.31152037065824634,0.0,0,4.888402310806342,0,1,0.5731060304336086,0,0
3.221349854820487,0.0,140345.1777081056,15511.128595551085,0.7012828065356072,0.0,0,3.156365787381562,0,1,1.1902034633844725,0,0
4.96136659902696,1.3397062194081433,72161.5432695271,36507.59630967818,2.5641542802961013,310.439083646688,0,4.9929287330880046,0,1,1.4295300746986768,0,0
2.251317830554573,0.7549081511485506,71548.65971338641,44471.34891589668,0.4757612028886008,0.3348424667920007,0,5.071970091761899,0,1,1.6697644369681501,0,0
4.2310081248567855,3.0646870696989983,135397.4499303906,21726.45696346664,0.0,122.90597779604587,0,3.8754677392482337,0,1,2.0211095456782053,0,0
1.6931785071055117,0.0,83966.58232663103,26844.936742781196,1.5808169656902216,81.05641709947412,0,3.9754502313521716,0,1,1.84542270081741,0,0
2.7348649544274894,0.06672231719899882,108901.26166317618,22395.149587490425,3.1441801660670157,0.0,0,3.205106750662556,0,1,1.9447574519298958,0,0
5.005681916894119,0.0,118037.74451066801,28349.892097129796,0.0,0.0,0,4.944149940114129,0,1,0.7381433514514717,0,0
2.7203167070218948,0.32134069173579655,0.0,26917.270026698683,2.7231742121052944,0.0,0,4.039217197966749,0,1,0.5495162320224544,0,0
3.825401248138312,0.0,86661.92089308932,29365.999332974836,0.7116449942736949,0.0,0,3.9576541628500896,0,1,0.7479233530584763,0,0
3.426783900666994,0.0,55323.95704129248,35413.231894564065,1.3407730726676408,238.7582286398394,0,3.951329848855202,0,1,2.665863148746876,0,0
2.4754616445016735,0.0,129389.97906867914,26508.144725782757,0.18529882900167205,56.55787075477048,0,3.1265422637756948,0,1,2.825829326629936,0,0
2.3890217490701344,0.08621684179648133,200994.21346690378,34633.863657544985,2.021645794878853,0.0,0,5.146627165539966,0,1,0.8156130166216241,0,0
5.1785232168969415,0.0,100616.05336172172,12489.109706623392,0.6332914278737466,0.0,0,3.8038841636035463,0,1,2.797339485157668,0,0
0.0,0.0,170759.17147281126,27228.695835566818,2.2275076542471357,277.19259412301244,0,3.942800597608815,0,1,0.8335342810988216,0,0
0.0,0.0,67814.74686882476,21130.41556938814,1.4163421696700953,0.0,0,4.8920011219953565,0,1,2.139311051741691,0,0
0.0,1.0113268737394103,76149.91393884656,14087.190646720053,2.3644416400407278,0.0,0,3.0342295739391374,0,1,1.686075017390221,0,0
0.48058455517295107,0.0,111171.78493173019,19797.657421072337,1.4675799577937263,0.0,0,5.046580031751212,0,1,2.4082139509695875,0,0
0.14137291086488135,2.477247804026974,41049.39919875647,46010.269253681414,2.1957083640730852,276.8527432379398,0,2.9203532322015517,0,1,2.3161058469108493,0,0
0.02175970213860312,0.0,61990.71051511734,12421.519022198985,1.6737251401025683,0.0,0,3.9419791490300793,0,1,1.5548927296537167,0,0
1.8330152424388195,0.0,112508.79957147282,22322.3170541993,1.8266034107007152,79.35872356845613,0,5.018378204477886,0,1,0.8303531154631887,0,0
0.0,0.0,72200.95888862782,17274.426542406978,1.1214788706066643,0.0,0,3.9719108954605473,0,1,0.7948611603583564,0,0
4.505681909888053,0.0,14300.46719455317,21828.38954512891,0.17562925018323106,0.0,0,4.098259212858133,0,1,2.045752823695848,0,0
3.0617350771291654,0.10353144310861022,74572.4127889079,23335.042316698153,2.207036410328412,433.96899610771544,0,3.9232609834787837,0,1,1.4070444956935482,0,0
3.2586791279471794,0.0,102080.02893485625,7183.732493971592,0.5330353102504355,0.0,0,4.056555319673156,0,1,1.0034719561824357,0,0
0.0,0.0,104587.06555995627,20343.141488813537,0.8480208973229699,0.0,0,3.977707872333563,0,1,3.231242512347933,0,0
2.7822033577647,0.0,0.0,23103.205415832632,0.9891948918086795,0.0,0,3.1137274194267044,0,1,2.9948294750182747,0,0
0.0,0.0,39835.86202070117,22873.822394038212,1.1431582452303835,0.0,0,5.036161157232096,0,1,0.3622747361700145,0,0
2.6826935621693604,0.0,87134.51986649373,0.0,1.6978024891887717,239.61539600334098,0,4.854683564739247,0,1,2.1024541397768544,0,0
0.0,0.0,146442.29687821478,9951.748856108463,3.204434514470528,460.6753308497945,0,2.8939567779881172,0,1,2.157908875442258,0,0
1.2952282637571055,0.0,67403.0255681704,14654.614064860336,0.296575910016009,0.0,0,4.894510087171736,0,1,1.9715489047584167,0,0
2.1720020482355915,2.292613823329629,51714.48643592584,13494.440376338805,0.0,210.56703285433926,0,4.974787848410782,0,1,2.1822485094904014,0,0
4.0131990002474325,0.0,75196.55457127192,32039.054756232643,0.0760846026599864,0.0,0,2.9660326554485748,0,1,0.5575834810504169,0,0
4.718974460069429,0.0,114157.55626951304,24798.130986319542,1.2557408115816058,0.0,0,4.011864230294609,0,1,0.9151887220573381,0,0
4.536220668471714,0.0,0.0,25012.20979248948,1.0022274438794727,88.02598098485895,0,3.1498785178476325,0,1,2.1117150152030297,0,0
0.0,1.0941667005620208,101755.72989663678,37167.89337480704,2.307927613612305,0.0,0,3.0622205525912545,0,1,1.562900553604023,0,0
3.9285589336273716,0.7556699990854492,136892.02811704573,25048.213640287086,1.275492014184711,0.0,0,2.9789792631646597,0,1,2.511907362731005,0,0
0.0,0.0,43410.2715735858,12872.292706012819,0.8055502469005168,0.0,0,3.9334384413501113,0,1,1.0157029447454973,0,0
5.076157214936522,0.0,51016.81576300965,20497.99738672166,1.4866321336178023,0.0,0,4.104331449387888,0,1,0.6510329117181022,0,0
5.659091660430116,1.098714994762941,94746.46334345877,0.0,1.8427459140827405,0.0,0,3.0705492575207756,0,1,1.3641589879515532,0,0
3.7470222521870724,0.0,0.0,11112.12126982142,0.19588937336339085,0.0,0,4.195951549457334,0,1,1.4424290867393887,0,0
0.0,0.6470814312628917,70578.96306798822,20322.684809316295,0.0,0.0,0,4.084127630700153,0,1,2.0659505060102896,0,0
0.0,0.0,82970.448521022,22199.872915295025,0.3496481799257206,0.0,0,3.984805570695808,0,1,1.4700459679040145,0,0
0.6923434163569386,0.7739273349919301,92374.23073083494,45250.41047486468,0.6020670916029887,117.83627898221692,0,4.098842996003262,0,1,1.7789448069795033,0,0
4.593677000964764,0.0,82828.80622026655,27142.999271412897,2.41737615834225,83.5773185615321,0,5.187974978919352,0,1,0.7533203568603294,0,0
0.0,2.329999672415146,109755.91057991168,19553.541431292742,2.5780245871929814,393.310987943517,0,4.944786739549518,0,1,2.594364737537035,0,0
0.0,0.0,113875.23152609306,12966.094702011096,2.3746556168484014,0.0,0,2.920393695563596,0,1,2.0786756409561393,0,0
3.62763643414562,0.8651433280760571,109161.81905304008,1214.1983058294359,0.36988633565534124,0.0,0,3.8893484176789466,0,1,1.8971573339928252,0,0
2.4895447268314608,0.0,136433.2581377639,37256.503646285506,0.9985202495932108,0.0,0,3.986070347579601,0,1,1.2603171456879543,0,0
4.345102411872986,0.0,82878.7241093757,0.0,2.026322839169606,411.17533251129595,0,2.945951542391408,0,1,1.4414996006157286,0,0
3.2569003830201475,1.9864932347629916,41163.32927071184,887.301025643889,1.2859822715363889,0.0,0,3.9910298715124513,0,1,1.1903387356318476,0,0
1.5786252500234135,0.0,97683.96377202611,23876.717488095645,0.8874661104761985,84.85771336318345,0,3.976571185622877,0,1,1.0358535537942513,0,0
2.642890816024166,0.37788664366770636,10596.450504161934,17955.322208452337,0.6842321782611118,263.05940554431356,0,3.0558672639356055,0,1,2.3164382845287705,0,0
3.8983357146404654,0.2936175680235781,71057.36764473327,26269.771607235987,1.664148018555915,85.47486896036168,0,4.096224766638702,0,1,1.3660556878030028,0,0
4.412424877488203,0.0,91659.52121669854,29092.172890621565,1.6426463647035296,347.53928546508047,0,3.0347481282284803,0,1,0.8161261541016896,0,0
5.6459399976634215,1.3391381722066864,65352.40108689615,20463.967741916087,2.0115483126600853,223.31306468076303,0,3.021890053079023,0,1,1.0852891950287025,0,0
1.7587413364795044,3.0222824345495165,77567.6913439262,17841.6803302437,1.489079865813913,299.3597967875404,0,5.0186618899381905,0,1,2.3515150577133,0,0
1.3901053878127447,2.461997650188804,98612.32285961478,22074.86442087117,0.0,0.0,0,2.909727104008095,0,1,2.168201174526799,0,0
2.458608479798273,0.6280047533570676,98751.87551199785,26532.923461394574,0.0008593786665390679,278.38553376883374,0,4.064938772999242,0,1,1.5849337377026789,0,0
1.409237818416328,0.0,127036.56568082375,30304.35129437465,2.4048584168990947,155.07225689398157,0,3.021590647104188,0,1,0.5289766667414768,0,0
3.422287077584882,1.2740663700550388,174165.60664646563,19054.65559024168,0.37312663869703844,0.0,0,4.760524347708814,0,1,1.0232592112176107,0,0
1.6529453759935149,1.507461555525873,52683.31653873679,33174.01084167681,0.562119993891274,500.533312664614,0,5.036077098544599,0,1,0.7701857474030178,0,0
0.11781832935464653,0.21961716577729135,181055.21490630045,3018.2354815010394,1.5453124675132281,0.0,0,3.9870783836037345,0,1,0.6567493848727266,0,0
3.9553657031470983,0.0,68613.68579702184,21490.236775996047,2.45448429062036,0.0,0,3.0574871217286166,0,1,1.139131401836385,0,0
0.0,0.0,135728.99444037618,33937.80399621507,0.9980609102967177,234.67676265100798,0,3.059003428120971,0,1,0.31138178058457633,0,0
2.582246988390804,0.7010916063455218,60300.691209751916,29101.42731363823,0.7850326671476977,132.84408425318406,0,5.135689743355754,0,1,1.0972220886957456,0,0
2.8126605189208593,0.6273959732407415,131057.0143684449,20755.84372932626,3.0422300360890278,0.0,0,3.92604498738845,0,1,1.4800542059462338,0,0
1.5215025736034837,0.0,91699.19759283474,0.0,2.0180576956898926,164.3321865303652,0,4.838940920411257,0,1,1.3159201464634054,0,0
5.793066383354622,0.4589610588799685,141045.19255231984,17884.1145789801,1.245989601284955,0.0,0,4.1472062478511695,0,1,0.9568550734971215,0,0
1.3334467712275464,0.0,104230.1622404871,14188.946718809706,2.070877041940734,148.6853830354572,0,5.105647568849838,0,1,0.42518460145506876,0,0
0.0,0.0,88534.07310940755,37902.21597907453,3.313241786677815,245.72669153859252,0,4.929874362158744,0,1,1.9506518941524669,0,0
2.116693799663637,0.0,80329.12280648893,33967.70483612622,1.0015728470897844,134.03602522992398,0,4.951690214457506,0,1,1.926107946290351,0,0
0.8906912404643754,0.0,46574.93524835586,2456.873043792012,2.0287353002039237,13.549759067149147,0,4.010100086872654,0,1,1.1323527431483127,0,0
2.0921379775177407,0.2455463279439583,45096.90121703512,14474.303766127152,2.6294479054356557,0.0,0,5.0043839131099315,0,1,0.34032094651739264,0,0
0.7164375953899866,0.0,65613.64414573964,1000.9123239969048,1.6400605813689768,418.9521979523512,0,4.907126410956542,0,1,1.5962270792106537,0,0
1.136895474105649,1.3934052951263898,158935.87128365273,13147.941211526137,1.2647557731666994,0.0,0,3.078780290587187,0,1,1.5282707725796039,0,0
4.42787650841447,0.6297042199337887,120296.22148458712,29387.152060676905,0.6813176903043643,47.754245109605286,0,4.020580158505306,0,1,1.9689242656602388,0,0
1.7311839739938863,0.0,120723.86625480009,23075.607552107227,2.406908256978624,20.85676901709651,0,3.8534921125296986,0,1,2.2285039736082712,0,0
1.6509344301802722,0.0,25430.590151365068,18286.32242998852,1.597555250078261,149.84314916606988,0,3.006955647113601,0,1,1.3045459454668813,0,0
1.140359247686839,0.0,102930.57867196543,15764.962634179325,0.3985036534607521,415.6806016020394,0,3.0655295547870853,0,1,2.3921632155515944,0,0
3.7179470208782344,0.0,48752.87402545905,24148.701577361422,2.730283009449642,367.79469534664526,0,3.942205228515142,0,1,1.3518258353021069,0,0
2.5904746403538756,1.2445002712509035,19159.401012520815,14366.65433437951,0.23850092356444208,231.1046352281217,0,4.975499981156106,0,1,1.3225681408302643,0,0
0.835970905447182,0.0,75770.32396798968,35469.43668634106,1.2531829742813663,100.0062941200488,0,4.015054236499492,0,1,1.1972168087838957,0,0
3.1553701128851825,0.0,94414.24779698437,11563.294522393966,2.6604348806580336,141.40069017345263,0,3.8000592486121656,0,1,2.2637785740560084,0,0
0.4635310025997825,0.0,59710.76470698519,41083.38435336862,0.6497763882701229,455.6382712911605,0,2.979415965672718,0,1,0.4880112377975143,0,0
3.4789044030398597,0.0,66936.5949360632,29212.377805611093,1.1109010120265455,0.0,0,5.0346631035482705,0,1,0.20129901381136672,0,0
0.0,0.0,0.0,24497.345971193412,1.4286624893524231,0.0,0,4.011266492163956,0,1,2.3869610064415006,0,0
2.0516588378230587,0.3400471392731078,115258.56440868149,20238.269582066798,1.3086538933147278,0.0,0,3.1416055854626594,0,1,1.248831403018384,0,0
4.975335904571447,0.0,128007.62382092168,22734.00443667493,1.8175994009946808,243.74173238002146,0,3.075319530373833,0,1,1.0065205171661766,0,0
5.17899822054946,0.7064714245293219,60614.81076809267,14373.20441126914,4.285924829162054,0.0,0,4.956862959058976,0,1,0.42472002987107915,0,0
1.5015191010152837,0.9992927974828942,109248.46204223271,16120.142164182444,2.2957110457112764,0.0,0,2.990596332925663,0,1,1.159612436775591,0,0
0.17406022139823718,2.2964567795360193,113612.67443250665,17747.584166028377,1.6006977871851955,0.0,0,4.036742216756087,0,1,0.0,0,0
0.8113765189989169,0.43000368312053644,84006.58470647577,22851.891011833817,1.8905265608714874,73.76743892694054,0,3.7212533960421563,0,1,1.196162515188894,0,0
6.893693872253191,0.686791081278843,83130.77833656955,31842.00153524681,0.6872572062958044,145.80419628275226,0,4.833879388304398,0,1,0.893383935472682,0,0
3.7196441270902545,0.0,75707.31427203913,27651.35219975317,0.037839265203411854,0.0,0,3.9954363766551726,0,1,0.31773120716435066,0,0
0.0,2.3665051590569295,84407.1139504702,39608.98063793758,0.4451633206497043,0.0,0,3.1889196929652432,0,1,2.6305183955029694,0,0
3.540779104959257,0.0,127754.22671896007,7793.611415714366,1.6358896897083515,431.5333639423882,0,4.9783278324432185,0,1,3.1836718549182157,0,0
0.1699578012002585,0.9521483962019635,100255.14860979602,14642.07856508313,0.18757169953851882,166.8387172872195,0,5.10658668104036,0,1,0.4904049207990555,0,0
0.0,0.0,75858.14009389684,43046.485267530654,1.769303954950186,130.236343825065,0,2.8500470724158142,0,1,1.5310653970359216,0,0
3.361790663626839,0.0,106117.62119671778,11721.75328990802,1.5117983260968997,88.51634624234599,0,4.950211602864227,0,1,0.0,0,0
0.9486011240017589,0.04026005484509117,136562.68117022,48353.528713294814,2.3968936584049345,0.0,0,3.9222139216457927,0,1,0.0,0,0
4.030542070470359,0.0,147338.07820946118,12296.338168465845,1.3767400177707831,50.035706752026314,0,4.030255294629218,0,1,2.0666458437928386,0,0
3.624914057563376,0.2909469123817188,88490.49071720426,39132.74556839852,1.3369965870047884,0.0,0,4.091736177709177,0,1,0.24178877779521402,0,0
1.7209430143718798,0.0,104554.47312809012,16594.480133588975,0.2707404601982265,124.38961502649109,0,3.9772190799933034,0,1,1.2413901474513702,0,0
1.0395003288385811,0.0,158482.61602674247,28662.845859636243,0.9346864820824424,0.0,0,3.9599131985826563,0,1,0.463181304832603,0,0
2.4358246990158783,0.0,113997.69382652984,38729.40867959502,1.0241525015745732,0.0,0,5.143193346536799,0,1,1.9473208721775102,0,0
2.9920844493692322,0.0,127488.75160072025,30104.476257131264,1.908002802829004,45.96204980326153,0,4.228976437681338,0,1,2.778997879637753,0,0
1.8977129528748953,0.0,58204.327705254684,20605.67859185909,1.8415449010075544,117.56507941153308,0,2.9548417956186905,0,1,1.2257509777728048,0,0
4.14736564156447,0.0,129553.38141097725,32688.987883217116,1.3115606606954984,0.0,0,4.990542950997262,0,1,1.208621789580579,0,0
6.185869487572575,0.0,0.0,24291.94680870379,1.345949160113573,0.0,0,3.0277709685816094,0,1,0.40722293545877397,0,0
1.7021650874515655,0.0,80078.89682154769,53109.222076019156,2.2404973663644516,0.0,0,4.041568572166182,0,1,2.617916061970791,0,0
0.0,1.2000090267100847,40018.84021942722,21414.80521018087,0.49843969229510643,351.3036225653052,0,4.024500203916404,0,1,2.7502455199757923,0,0
2.95225936453964,0.0,75246.97697454026,37153.476205697574,0.8008933422034499,0.0,0,3.7884284812985793,0,1,2.6142610958918473,0,0
1.4070173451687262,0.0,78397.85914495112,33252.993798994656,1.9033810627010426,0.0,0,3.044513110612309,0,1,0.46384878972022425,0,0
1.9940232787478682,0.3435979845732045,20296.883674191948,41802.44496053483,0.5225562607386175,84.58332347017623,0,3.2034449153307145,0,1,2.557816654127042,0,0
2.5575993444358804,0.0,109206.42850977117,13408.625727971685,1.464288631267813,235.40557951705895,0,2.829954576632372,0,1,1.8524480034669408,0,0
3.362605717381783,1.1970694468586687,54691.226390983866,48618.648355544996,0.5738543693756551,174.96660435975377,0,3.832289643356721,0,1,2.5785262968812397,0,0
1.6235194623807887,0.0,125153.59681527766,17740.52847770106,1.8433951932923764,188.0268613133959,0,2.8653912400717827,0,1,0.8723986926186404,0,0
0.0,0.33087596944539377,23470.784510824084,14091.802658403742,2.467870129041389,0.0,0,4.065916002432866,0,1,1.4080697477956892,0,0
3.185631827028676,1.6062273997801406,0.0,32007.809917000563,3.2111583467438036,102.7849425683531,0,3.812195575775258,0,1,1.1300516450705795,0,0
1.8725679013490912,0.0,50196.53838707059,4919.272202141077,2.1437131891560135,0.0,0,5.119915917121957,0,1,1.6399879244086843,0,0
8.57686201299012,0.0,20319.945141841334,8652.404978619894,1.5346082551888542,148.03481434500233,0,4.888811595485149,0,1,0.0,0,0
1.9914875281418793,0.0,37232.40418570377,4505.488122216915,0.16647269810168563,393.18287043055005,0,5.085942778578145,0,1,0.5422462999267038,0,0
1.3816988723662473,0.18072685159386992,150162.98080166435,41505.89939985857,1.677983414860294,0.0,0,2.939044118058799,0,1,2.1820884987020306,0,0
4.986628598802305,0.0,43316.4949599843,14368.492484617842,0.4885410708053255,0.0,0,3.923365305015584,0,1,1.305535641620126,0,0
2.1927199093239658,0.01618635704269459,83854.00184570793,39675.15717525605,2.080285334763757,502.88942075722133,0,4.051844685509449,0,1,3.0799188988764703,0,0
1.3835392609171682,0.8833129791166032,55468.79714917481,1112.797688832374,2.3281268345464827,0.0,0,4.060747980127137,0,1,1.9593385856848995,0,0
0.025412116318712208,0.0,135890.14714145055,22376.579060110693,1.771107948706971,206.7406844128777,0,4.919650976698365,0,1,1.3326825075938487,0,0
1.1649853664363952,0.0,109707.6959757543,35321.24097571109,2.4340466897205455,0.0,0,3.027399988820036,0,1,1.427460098319926,0,0
0.0,1.9670516337784882,47321.71087295556,21622.188060218334,0.5210163530575902,294.09399359816274,0,3.069339872797543,0,1,1.0745942236640733,0,0
3.331486308380877,0.8337365817279218,68833.03251726473,27992.219750486518,0.3290227548546947,336.54306983446935,0,2.803477203628566,0,1,0.6967504710675357,0,0
1.8790695904812265,0.0,74676.97414635342,35917.090273187016,1.159191843558673,508.88097318788107,0,3.99274539160009,0,1,0.0,0,0
2.7753753006680872,0.0,111440.8789891889,21827.53833772595,0.7976857997663968,541.4335407989354,0,3.990857352653995,0,1,2.876121352274395,0,0
0.0,1.2761925751332206,25674.557216019806,16243.641333168063,1.0911961274691357,0.0,0,2.807268691666331,0,1,1.219306779022252,0,0
0.0,0.0,165563.8059936344,11759.469426580867,1.5677088105253858,416.56819616988184,0,4.9991885156118,0,1,0.6949504022078445,0,0
6.550431668686638,1.414070079041611,67347.87938240988,22972.600526367165,1.8318851322596479,150.4324318499919,0,2.9940604487702136,0,1,0.0,0,0
2.4901422473220878,0.0,51292.207832986445,0.0,1.11260116422092,15.394334943000361,0,5.086547169508775,0,1,1.8487175292742493,0,0
3.3015332250375664,0.7217229782746034,0.0,31868.215024020974,0.5698370238317274,79.23857919435572,0,5.0489211524080355,0,1,2.70123212759899,0,0
2.9650515828690063,0.0,19359.06070782907,0.0,3.0298441338336444,628.275014850774,0,3.14735134921707,0,1,1.496524091023328,0,0
3.107220117378667,1.493611720480406,133161.2744777041,34779.75746118124,1.3189837822111457,0.0,0,5.039013065901045,0,1,2.370944305666728,0,0
1.4463406872685638,0.0,108505.59250863575,29762.102207675096,2.846781401671065,67.27491503627337,0,4.897757859578309,0,1,1.2485115557987436,0,0
2.194567280783756,1.7855291640777233,0.0,41184.183563383514,0.6490581531240764,359.0316383718549,0,2.952657841956413,0,1,1.774617627616923,0,0
2.605345081399822,0.0,76027.16538671024,39159.78111419929,1.5341989019042184,107.02319568291867,0,5.104928147764006,0,1,0.26688465364173386,0,0
3.3708693438833643,2.8847251934514664,5282.734038139206,0.0,2.7032435793410805,0.0,0,5.085881747903267,0,1,1.5940278093547091,0,0
0.0,0.20294883877495687,17780.92104931508,28230.430306565864,0.8827286601853461,29.843395273327953,0,4.077171501950889,0,1,1.1098821464170514,0,0
3.2557963592093095,1.5539153270072719,0.0,17684.128533491297,2.2144787065266818,0.0,0,5.087793517349328,0,1,1.997481676871025,0,0
1.7988760306090261,0.0,75877.26044896641,11190.888039739144,1.143293890197188,0.0,0,3.0328894615297926,0,1,2.874828692361358,0,0
1.951138515017466,0.0,56861.65968016933,7972.103625365433,1.1467598335038423,0.0,0,4.01593392614257,0,1,2.2082448684274314,0,0
3.5986210359211057,0.0,98257.8488363273,22495.20010426643,1.1529635748350433,0.0,0,4.983520337898684,0,1,0.45615240413290226,0,0
2.0514689367307595,0.7873632986268174,100468.40674348528,22741.814999240585,3.484507012115098,295.26877123969433,0,3.108545409440459,0,1,1.7184229006427973,0,0
1.0933471107266683,4.436627994172475,118410.38299032915,6903.696127424916,1.124323441873398,0.0,0,4.033794274268629,0,1,2.943533399370254,0,0
1.72125911816563,2.2636650747695697,96580.86696664561,15372.90846573675,2.9191467637503523,13.455505471460707,0,4.789145424301984,0,1,1.2738408380108712,0,0
1.4233378186874452,0.2644355236392204,80453.17550820606,14908.826992359085,2.5372627283142095,477.46153728699386,0,3.0400507299371755,0,1,1.8529429990061486,0,0
0.8086523016922762,1.4632276750439657,60394.7359940473,28738.880197222305,1.0378335310649887,133.72275610275605,0,4.095339693212932,0,1,2.2022883696016398,0,0
4.095717219556604,0.3895250544580635,12449.814838325598,20126.137387852617,1.2629709151815138,0.0,0,4.90926343726453,0,1,3.094205458401577,0,0
1.4826364050759118,0.0,26842.583969716543,14954.658394689344,1.472608534065138,0.0,0,4.943052975933851,0,1,1.2925906211270237,0,0
0.0,0.3421141467308163,142049.84593706383,20644.904588052796,1.0066495141209493,143.36799323513281,0,4.001398957431557,0,1,0.05152212565392833,0,0
4.720015796377989,0.0,140503.9474616342,10919.604761970795,1.1191580750572663,406.9644096778046,0,3.146874292567695,0,1,0.5090436875070383,0,0
1.7032345412724943,0.2517370894362913,66355.26223343014,39516.99599660804,1.1990956911754833,0.0,0,2.966534657419149,0,1,3.6313647842992847,0,0
0.0,0.6768259026431489,78436.8544817185,31948.381236241803,2.2580960195967714,116.149434253301,0,4.967864155110839,0,1,0.5457094990486941,0,0
0.9692029553639159,0.029670980655238252,10884.272454253794,14265.099284098693,1.3960570913120764,0.0,0,4.051040448050719,0,1,2.8237867982006097,0,0
1.8539462926267023,0.0,76761.47960955731,14972.895301168875,1.3405625403068515,0.0,0,3.0215653704603307,0,1,0.24631568519510894,0,0
1.2758777256202878,0.0,33514.29120968125,20945.56781893207,2.511428000371762,122.28170391704964,0,3.9301777984938533,0,1,1.5064649248464776,0,0
0.9531783253965719,0.0,165708.40323915772,13368.413845426378,2.534155970913632,64.96369352186429,0,3.0050671488854426,0,1,0.6250783725322999,0,0
2.5216401504203967,0.23595559304796995,128258.6853282446,30633.619125121408,1.1505331718105651,0.0,0,3.005765980465816,0,1,2.3876218008829135,0,0
1.5668250618296868,0.0,96913.11249285829,8330.54223094092,2.4393753440125536,0.0,0,3.132509398856873,0,1,2.187710514344677,0,0
2.887887924091598,0.9354929738195107,84536.89118731253,10296.28896113713,3.049505215668433,0.0,0,3.900843774591186,0,1,2.891087182031172,0,0
0.0,0.0,100145.6511664661,20214.947045174973,2.616408015036601,159.88550125383358,0,5.00861941267142,0,1,0.0,0,0
5.1136251611462695,0.37392506080553617,122057.06969882199,26911.281466473134,0.1655747827137264,444.9009185859776,0,3.058288473521728,0,1,0.7386250955146261,0,0
0.0,1.5519440646530092,100443.60453452752,20742.90363538534,0.6083543733433437,0.0,0,5.112472029173231,0,1,1.5752288091726543,0,0
0.7694660495317756,2.635775777218453,92005.71477784964,38041.84278377487,0.8622284031665366,0.0,0,3.9372864613139456,0,1,1.2164276223562065,0,0
0.0,0.0,39239.75972316865,23561.540511657324,0.5710756814885699,523.9447080636504,0,4.195041434086639,0,1,2.277655094667314,0,0
2.2672677209536762,1.052449288396214,55488.113059007,14481.707691985235,0.9906870207956056,385.26376827545283,0,3.824328554001003,0,1,1.9378901772845485,0,0
1.3455643325273126,0.3687615885509,129623.08008988024,20094.522290500758,1.6845297228644704,0.0,0,3.8448239859213054,0,1,1.2927890973693792,0,0
1.4830841581984489,1.509546901300437,52916.29887544713,18439.06590977431,1.4249254119318473,0.0,0,3.0226306285189817,0,1,0.9021898872050911,0,0
0.0,0.0,79198.31551565538,24127.206613957092,2.8914618118270754,169.971116788904,0,4.8284543674939115,0,1,0.3238508689855395,0,0
0.0,0.7719121890587397,149361.24406811374,30700.19546518609,0.0,231.4887133749669,0,3.9340044720155167,0,1,0.973924455549621,0,0
0.0,0.0,43552.70091484199,27622.759846778714,2.5661735883960293,364.740414171533,0,4.05219289504827,0,1,2.6331226478303487,0,0
0.17401869643163415,1.5663415755232148,147648.07263027874,23742.051081670255,1.6222321198250802,0.0,0,5.149982965516301,0,1,0.0,0,0
0.0,0.35638860971176334,47628.902966646405,31018.213335706158,2.1683290079717645,108.45274677364961,0,3.029314266749178,0,1,1.7773453883663466,0,0
2.5107244232697026,0.0,159266.38233803018,10675.478317936038,1.813868805352374,112.33830518311402,0,3.0396757819665607,0,1,0.0,0,0
6.9157190435726275,0.5081270966379561,14944.653387194772,12127.509127615656,1.9915748099999546,341.2142458302244,0,5.070502375183233,0,1,0.2005549770476419,0,0
6.550488898027561,2.1446124585349624,14033.335263793695,36633.536038993596,1.0133668711097252,167.56256699520935,0,4.8332060459569375,0,1,2.798449515697902,0,0
1.2577315510832672,0.0,73716.02679026155,30544.209632225047,1.3358444408194188,158.25355739746183,0,4.064278249659093,0,1,1.58668784471989,0,0
0.11640531414024036,0.0,52801.39104178041,51352.88932435179,0.8692606595017827,109.7931178722716,0,5.000381637322841,0,1,2.690493911328713,0,0
0.0,0.0,92261.13940581224,20865.327705883792,0.9764620703909599,27.689187386709385,0,3.916401865658957,0,1,2.987886480387606,0,0
0.39226273322284577,0.0,54000.23824709066,23191.47705170355,2.244832250004636,363.2044054245449,0,2.8992834226713144,0,1,2.706590356494389,0,0
0.6274355684722663,0.0,59507.379951097915,33587.13178571701,2.018485399045574,0.0,0,4.991416532381568,0,1,0.8163959711036664,0,0
0.0,0.0,79790.934330119,27623.587890998766,0.35418283952591934,394.35567429153235,0,4.085536979756137,0,1,1.781427839645041,0,0
0.0,0.24075435412573631,98284.65088056395,23966.910661263155,1.4282972409366321,0.0,0,3.113861445735205,0,1,1.3085924822517399,0,0
3.6888131052723607,0.0,121439.64929779853,22805.337580361145,0.9447453789998841,0.0,0,2.986781776605922,0,1,1.248419196347708,0,0
3.337599043222116,0.5932373868670839,122646.91584114924,797.6106142932563,0.7429308976272697,0.0,0,5.109629609237455,0,1,0.5299469757701072,0,0
0.0,0.40051884122054193,26699.782937717726,18311.943835509734,0.8952291862863164,0.0,0,2.886444042891312,0,1,1.8326393345507206,0,0
3.529201307638332,0.4620064794152633,87533.18854404065,38397.726166482425,1.1246430396619238,552.9001930592129,0,3.9533885459901006,0,1,2.4334661938905997,0,0
1.3876506346681463,0.0,104709.09657362185,33734.79477046733,1.9335233372681546,0.0,0,4.179257225358987,0,1,0.6009549190501458,0,0
4.650794185074249,2.948981014622193,69993.38135876006,39753.92600216357,1.3323945234775474,0.0,0,3.125313346647063,0,1,0.9544578958085406,0,0
2.5151762183386914,1.1078406639135365,134128.14295434998,18836.76649891939,2.147227212572969,0.0,0,4.915643674587185,0,1,1.2765577599674516,0,0
3.8105190965075897,0.0,77945.53649534844,25347.13883465919,1.6207073652973778,0.0,0,3.07779361320953,0,1,1.9264604689267995,0,0
0.0,0.0,54630.5196980671,8348.618817236373,1.1153842122118256,0.0,0,2.940535598089912,0,1,1.3646773302447994,0,0
3.6247847945590137,0.0,60906.280206470656,15147.620131145943,2.406888531817648,0.0,0,3.968958078617574,0,1,1.759336917406912,0,0
4.128292819684253,0.30240736545635233,0.0,20767.714172554715,1.0222626263138677,0.0,0,4.994612487012049,0,1,1.6194463673416002,0,0
2.6153226658889537,2.3023907101701333,60332.54910074214,40445.56296418599,1.5541537616535623,0.0,0,2.8603025926804997,0,1,0.5793945450516331,0,0
0.0,0.0,120073.94263116739,26678.19304282725,1.8653266234976715,299.37115559543605,0,5.031667419758327,0,1,1.5802445337745081,0,0
0.23371644741970155,0.0,149121.06596541763,16488.532012685737,1.026293634946941,207.15466575748505,0,4.143958716008857,0,1,0.5267956829900001,0,0
5.209804212444067,0.4589970361031828,66738.11271219642,23133.1944146812,0.31176213156548216,130.45059948761752,0,3.9843896416139657,0,1,1.5756905497401603,0,0
0.9112797660271543,0.0,83428.19041127681,20793.976759054065,0.9264416717561833,0.0,0,3.9424206805573334,0,1,1.5107771106558827,0,0
4.406440103749676,0.24344799235670445,10144.14913181644,47571.037140349385,1.3966924525577005,415.9070107284108,0,3.938850216591589,0,1,2.1702917426319193,0,0
4.9793159609476465,0.0,52690.22090525017,3503.367476440132,2.8350275694727807,0.0,0,3.7718289103292553,0,1,0.7556282777109559,0,0
5.9498725544262925,0.0,78805.71300110397,32324.718114552717,2.132256490342751,260.09054143959463,0,3.7460477381893513,0,1,1.0990591030945414,0,0
3.6489488835086865,1.4834165286627736,41639.383912599355,32688.3466576181,1.4146216718219753,214.35392588980915,0,5.195148194066801,0,1,1.64781939424698,0,0
0.0,0.987555078796334,86836.07572287126,28581.62897515745,0.0,0.0,0,4.953513849424986,0,1,1.2575619134733311,0,0
2.0615759218163374,0.4450014295233027,142755.29421788032,891.8402921250924,0.8184932633288939,96.8472621169233,0,3.903713126716192,0,1,0.7510390960871296,0,0
1.725574252094363,0.0,32897.27124394437,15855.59267628279,1.7694901520550053,44.063208685803744,0,3.9071590053442877,0,1,0.7315486941381315,0,0
1.3423106246297538,0.0,98946.8858114512,32493.307282808906,0.9671440873266115,327.43660825257655,0,3.9936293798104994,0,1,1.4420753971090519,0,0
0.8342278536987113,1.3255387921034696,114668.0935316174,30506.383749941197,0.0,0.0,0,2.9742709343561318,0,1,0.007389491763440614,0,0
0.0,0.0,64062.74402765947,20363.315983671695,1.5823548194236752,50.02416097216787,0,3.040678558834668,0,1,1.989976553177734,0,0
1.7748551555910081,0.0,84300.22752403133,13123.881905763714,1.235782509688328,0.0,0,2.864893723034079,0,1,0.25952310559781666,0,0
0.7765846167501179,0.10196134420271438,64565.24535935791,5746.425457245778,0.4210719788467058,384.1779649405032,0,3.045994371621859,0,1,1.996343655598577,0,0
0.9811440887349172,0.4539644535818853,54301.97211421056,27360.724876209326,1.0896256743160326,0.0,0,4.0605373875420785,0,1,0.718192501597836,0,0
5.649832696975058,0.0,46443.18516322438,13174.504797379364,2.335943545453676,0.0,0,2.9696925676973054,0,1,1.8861717199347692,0,0
3.7261301695290996,0.7040183071352024,145471.36658792116,27325.983222434254,1.3246141319930644,221.8814651668826,0,5.08569921317027,0,1,2.067245279263377,0,0
0.6718393338747871,0.6753310901172658,57034.46779471186,18268.852796035433,2.664216285947635,330.3060644507093,0,3.137625161472604,0,1,1.4432187348050523,0,0
2.4831109278085894,0.0,79825.78386346994,17359.78750332832,0.6688569783954028,0.0,0,3.9704917305039995,0,1,1.5476891115408453,0,0
0.0,0.0,112519.73226155169,11488.720123161836,0.5511529554722242,619.3747637650406,0,4.993923478960414,0,1,0.674559555482867,0,0
6.459465886068525,0.37958744149653245,110336.30420207276,24434.07597316803,1.0880765373885937,474.27082754341376,0,5.034709031853074,0,1,2.0568811209775375,0,0
0.26866329187540183,2.2064205001423085,89509.6307502012,11334.020438003954,2.10354905772533,13.16762695049932,0,3.0672842999429353,0,1,0.2653088889119797,0,0
1.827557964554002,1.5383006488087356,73963.7830020056,29843.91044693426,2.5862857830063724,0.0,0,4.080247077108804,0,1,1.370646652878158,0,0
3.2022185574575786,0.0,160700.1568294228,30123.27681348076,1.2258556328611265,0.0,0,5.071043676253,0,1,1.1783938656817525,0,0
3.922442293253639,0.0,108996.76354204984,10746.473804077574,1.842289489585607,0.0,0,5.076796194320816,0,1,1.7668948560562159,0,0
1.6576196533120593,0.0,73446.87405822541,15401.927249155891,1.5290312992380517,0.0,0,5.018545645326323,0,1,1.2568614776981768,0,0
2.610650313441336,2.303926147887415,99662.87578614979,39330.54208544474,3.2584970982021,171.09517672730541,0,5.082918313065309,0,1,0.0,0,0
2.1392847070972723,0.11938778334042684,111101.47938584673,21241.524199547635,0.5937758821795358,0.0,0,4.079087935992311,0,1,1.9097440095996523,0,0
2.532634796596725,0.3905702206636189,111148.91139432296,24513.785344249103,1.588228449264463,0.0,0,3.98613543809639,0,1,1.3182486906520405,0,0
2.7173643247075217,0.0,77639.54255088273,30925.32793480605,0.0,0.0,0,5.137609744197609,0,1,2.4837010545801466,0,0
1.584655062650401,0.11233533907039184,139282.23351779758,38329.241808697996,3.273942600984798,180.5985460759128,0,2.8493889118975373,0,1,0.013976850347158343,0,0
2.2137716079296283,0.0,204755.08969030605,16416.897812611423,0.7676636951933764,7.278760602952076,0,4.015231295988827,0,1,2.273667784806249,0,0
1.0819576284240982,0.0,95289.57077385734,33426.89070866184,1.6911897341162407,1.9323153206731059,0,5.042801763282426,0,1,1.2537106530690116,0,0
2.139536381993361,0.19496313092850814,101910.15747070758,14843.97437371855,2.4358116792846745,11.316836930187499,0,2.997863767371346,0,1,3.2027455731597763,0,0
0.11054070811299388,0.4637612174852884,0.0,38384.43455789092,0.6504688400927678,305.94528490265213,0,5.189730387832838,0,1,1.784719535080656,0,0
1.8991602196379214,0.0,188807.65239508497,11005.182442491421,1.16553073015837,0.0,0,4.990013492273421,0,1,0.12832539515844088,0,0
4.2775778975405645,0.5594364002697817,158324.47095281843,18683.36674979887,2.3387462815095166,708.1969192856016,0,3.145949357801746,0,1,1.2124364800282037,0,0
1.7391872681423055,0.0,39065.67337430969,24310.77573828591,2.6491201863375213,0.0,0,2.945228019074283,0,1,1.9416944932674498,0,0
2.382802425411341,0.0,79456.26992267955,20348.819229524353,3.280057682830166,0.0,0,3.9803357873505045,0,1,1.4978904892997265,0,0
0.0,0.0,63345.93311884853,42910.47393497768,1.5369271542605356,0.0,0,4.0268758696758615,0,1,1.1531411885935974,0,0
0.0,0.0,51277.80805594271,27797.669317614524,2.184064835267713,58.491572650483825,0,4.986059648553857,0,1,2.1725302981271497,0,0
0.7396677034939889,0.0,159732.34909928945,24234.323667201803,2.4848555357277355,0.0,0,3.876657662224051,0,1,1.7292256528894145,0,0
2.769562157823879,3.3703458695663575,154668.29324090862,23389.602855177312,1.17103067661463,0.0,0,3.0385928031257157,0,1,2.6068805717860575,0,0
1.080922879970172,0.0,42573.225598383535,42249.48268159448,1.2588507161481493,122.54423181962196,0,5.008522021800233,0,1,0.5350464979557146,0,0
5.65120102271632,0.039650154979823084,99728.2770869199,19731.41427271816,0.5270707218817142,0.0,0,2.9391015325478067,0,1,1.1535022774725632,0,0
0.16623172780961748,4.161145273537196,96533.41989098371,22294.90917382261,1.9506741737394089,455.14864102367557,0,4.769697321898382,0,1,1.6578089553953692,0,0
1.1652228364232637,0.9636210612280989,155489.49156361318,31754.319638000346,2.5668594198355534,0.0,0,2.8390974403926212,0,1,2.774276362409139,0,0
0.21618456454638002,0.07924075318097581,81959.59438292304,26252.951870844074,2.0400665675917327,180.59284408975324,0,2.8439740763806363,0,1,1.6710543232779147,0,0
4.139270137099146,1.367777379521082,104429.97717924423,13519.315020915616,2.3567087166177223,0.0,0,2.993463319373807,0,1,1.3590280105527823,0,0
0.0,1.032940801553146,76585.2834517458,27734.07922850123,1.6251635709451642,336.5512492071882,0,5.116240605294088,0,1,1.2413277963465448,0,0
0.0,0.0,116807.63413977638,3623.8661867872415,0.9660029279214103,0.0,0,3.9220915637603664,0,1,1.4877366484354717,0,0
0.1666794363839934,0.0,95286.51597988312,30181.88329892745,0.10115025613707684,0.0,0,3.0629310725397594,0,1,1.670531463832393,0,0
2.612244125404725,0.23350808228547382,172816.42873708307,14602.684393061078,2.5757395732725037,0.0,0,2.892063005114839,0,1,2.07339638520777,0,0
1.24659657644415,0.0,108391.26438605667,12714.838516912536,0.0,127.04913409194529,0,2.97472038596456,0,1,2.386409162271526,0,0
3.282058158696496,3.499602985813991,96171.19535305118,9068.498080205041,2.3493270670237836,0.0,0,3.969742660062615,0,1,3.0916451957779785,0,0
0.9844791610240887,1.7079817531001578,75466.75671185165,17780.522841065635,0.00512870354546513,0.0,0,4.005851972685884,0,1,1.863844523930236,0,0
3.583063928767182,1.7186086887965883,102479.14472533284,0.0,0.310236684714848,0.0,0,4.978608410260927,0,1,1.1842452306580311,0,0
2.524217232847655,0.0,134834.03914556408,32010.05906458646,1.2853234815689638,0.0,0,5.005291820022764,0,1,1.719930751573465,0,0
7.037277451643957,0.0,38805.367866325454,46580.952135401225,2.6250660154774224,44.93062780407983,0,3.0848283738140077,0,1,1.950708439496256,0,0
5.7513088000759005,0.11601098346811897,114245.66303331881,12751.67197268063,0.11926040520132275,0.0,0,4.054131863919338,0,1,0.8280717802844273,0,0
0.0,0.0,151295.04689559087,6928.884905930972,0.8651610062773734,0.0,0,4.022934157389937,0,1,2.359068803959056,0,0
5.050561203508408,0.0,140037.9358212891,16126.665698988629,0.6962849976733266,0.0,0,4.019347853202023,0,1,2.4938861147203584,0,0
4.179941271115347,0.0,122157.1006602275,18626.336054666182,1.8140481596193325,432.26420925591805,0,4.9178364916740875,0,1,2.7063919858227026,0,0
1.8732028228604891,0.31969379812935345,66281.49047254937,0.0,2.5440531945879874,0.0,0,3.9511896239622453,0,1,0.8264537899723886,0,0
1.8762608482512675,4.084919026731197,23118.174035107942,7820.022758805786,1.9071297125606408,234.29629852950285,0,4.007896775081786,0,1,2.5796663417238923,0,0
0.0,0.0,151640.06647649314,15132.81121727568,1.8958417480674796,142.54982412013732,0,3.019005914281136,0,1,1.3068271105388165,0,0
1.274760671024089,1.2777217688332057,188118.3474006126,15005.70527415176,0.33661827916429365,0.0,0,2.87518028966102,0,1,0.0,0,0
1.1314875722570767,2.2158528007435114,70055.82482556482,0.0,0.3072227151414,221.80197067833913,0,3.7740051727463486,0,1,0.18271470183993865,0,0
0.0,0.0,99084.41121735453,2993.8400815996697,0.0,13.87774020349254,0,4.996635686641047,0,1,1.781403750110515,0,0
1.4154972135450554,2.9881807271091483,108650.35568344979,24351.960376679515,0.7415878242173384,288.26759303742887,0,3.8970037833475795,0,1,2.2489076386558744,0,0
2.86257009016742,0.4341703181529139,71664.86520431736,35132.48529469175,2.0800284286680775,786.3876665083268,0,3.1456997004708915,0,1,1.5789335483034415,0,0
0.31038564808495583,0.0,40104.63741476835,19043.492339837136,2.1307657912334204,33.110755011332664,0,3.0705369757645413,0,1,2.021828738351603,0,0
0.5825059100371672,1.9531772767016136,62869.97473007624,22619.075755385256,1.0416484626511662,384.07788051656195,0,3.061328919483667,0,1,0.6308411791561066,0,0
0.0,0.0,71881.45574443767,26668.658297034843,0.0,331.2248980109742,0,2.859911141451555,0,1,0.36480038035809925,0,0
3.86317901911461,2.2467755939302263,97868.85023973246,9065.864889399494,2.8106995029558557,0.0,0,5.091638187465188,0,1,0.6900315660339883,0,0
0.0,1.3806338498351391,41779.08384143209,22446.849003623473,2.1648430877703744,0.0,0,3.934255679157452,0,1,2.2163228319402397,0,0
2.0836506091726243,0.0,70032.82070565443,14302.478668266418,1.3914777416078965,0.0,0,3.080165289147756,0,1,2.3513334860063315,0,0
3.556028355028056,0.0,104952.8050392899,21600.043687297744,1.2899392684472553,349.3915243609604,0,5.090517343083214,0,1,1.7555996576012967,0,0
0.0,1.182930703375865,162310.21856633722,38503.8085592465,3.046186444287226,0.0,0,3.836119878036372,0,1,2.04107320241234,0,0
0.18641938729047847,0.0,74033.37083809671,22460.42578810859,1.2816696796977147,0.0,0,3.895707349728364,0,1,1.5085104005078322,0,0
1.3438538646630596,2.594713375430682,119172.29868834134,28529.943215449934,2.250116207905024,579.7204832773716,0,3.153182527961569,0,1,2.1780680847969207,0,0
1.4710688504374851,1.4736063849044096,179367.3927708277,17165.807424184542,1.8571014060133266,0.0,0,3.844475961400193,0,1,0.7100151617039213,0,0
0.910954596559011,0.0,87476.3242259563,26369.84219957941,0.0,506.7725140419936,0,4.0563981614313835,0,1,1.4104508153377777,0,0
1.5069241787507441,0.0,111669.04870269205,23498.826966866924,3.157012635312036,596.958464029728,0,3.888688471989225,0,1,1.370503631607799,0,0
2.1707650693260887,0.9106953986601889,42844.76050270123,15617.232924303067,2.094891811281037,0.0,0,4.122239141599687,0,1,0.9345616555378929,0,0
0.9820202303776929,0.0,112519.70669850185,26215.154963617606,2.0166893561179227,244.27682851295316,0,2.976722119417296,0,1,0.0,0,0
0.9731809906104402,1.6575204437021906,103037.63677370457,29484.671503979396,2.023776818418737,157.19919268024725,0,3.9925009628324317,0,1,1.2689705842353192,0,0
5.529656014703537,0.9088454391586432,49801.924633524664,0.0,0.9431492706598124,264.3040092766937,0,4.119895115597674,0,1,1.2844747072332896,0,0
5.469998906124927,1.0848175253219894,57244.00058686061,10597.943885441555,0.0,373.6351188661513,0,5.176152456131995,0,1,1.4477618034066606,0,0
5.030128698110875,0.0,37519.67836969906,24276.858829122033,3.0074051671502304,0.0,0,3.9881208500273297,0,1,3.176321984477034,0,0
1.57018589580345,0.0,33095.33226946728,19829.373770531507,1.597385577461572,196.15708347165886,0,3.055179081345323,0,1,1.2286567233017403,0,0
0.30474367433320193,1.844028820192546,121793.53534649353,17283.14636815013,0.7733701780011449,217.47639863261162,0,2.9969975319154827,0,1,1.2631275402316613,0,0
8.908539445139539,2.6715357142744227,92305.9345832317,26405.36318042766,1.420068233466631,0.0,0,4.186334648193849,0,1,0.7042581227419523,0,0
2.2631610757577683,1.609139452733321,148817.1641427716,22567.766156313435,2.2725193941840045,314.34287492950443,0,5.15437504066746,0,1,1.0161010956503567,0,0
1.605348312097807,1.3516011068552927,109404.822952574,16676.256351535794,0.9391491341810962,399.2165198061025,0,5.011708055247727,0,1,1.8372194627581662,0,0
3.6237126795747354,0.22128501722671784,125272.4351253086,38222.55685601555,1.1453025046287268,0.0,0,5.067193271132424,0,1,1.3325232759736063,0,0
0.0,0.0,172297.13925748845,24247.84233345318,2.0191521574115345,0.0,0,4.1131630531941745,0,1,0.5166434030401125,0,0
3.937313687564523,1.2096187698204168,115017.89118233761,25691.7466530981,1.4118134223945775,589.2197807931728,0,2.9308208605956,0,1,1.28440291053874,0,0
2.5791188220851855,0.0,0.0,46507.984023526544,1.3411603692326182,0.0,0,3.9831147363359123,0,1,2.463559343252929,0,0
2.306878180461448,1.584391728142722,79898.8312148331,12922.002201260028,0.0,0.0,0,3.105989216827353,0,1,0.6915362214901437,0,0
2.7425894069989516,0.507927035439203,132232.87565504128,30038.58122867033,1.7834735851992982,53.9877634367021,0,2.8609919355382893,0,1,2.166066505947646,0,0
0.0,0.0,40250.66819198025,25577.227556820453,2.1225778589557156,0.0,0,4.067715770062973,0,1,1.0163963103658915,0,0
0.0,0.21521946642683087,40773.22295765932,30700.332752252376,1.1150908856682769,46.843982706456366,0,5.05783272989718,0,1,1.250299472750017,0,0
7.763298772563855,0.0,65073.87796754693,0.0,2.6662826200765446,257.1459350729426,0,3.9258502312136216,0,1,0.9547685293723758,0,0
5.7627272193011425,0.0,49112.555625335524,11663.284838630845,0.11036301621382005,0.0,0,5.115335471650404,0,1,1.0501094367001085,0,0
3.408852294877497,0.0,161814.28485336318,7026.476622626316,0.25585230854601515,177.88800900477565,0,5.04339624371178,0,1,1.1278224863318327,0,0
4.05344768763684,0.0,60456.88901795579,24855.288047565104,2.7071021129806354,173.64039317843915,0,2.9318189385898776,0,1,0.0,0,0
4.14219035538021,0.0,142016.91215955332,19222.2733249758,1.7923519327817374,162.55452840986223,0,4.85272976855343,0,1,2.877918823809,0,0
3.6717708227253683,1.9759070609742315,206702.8322002392,22071.324929293325,1.247886765315109,0.0,0,4.951793420028812,0,1,2.909240909267086,0,0
0.7078820095280711,0.8854350508430469,148162.18428808075,23025.028484205908,2.195748084707022,16.526982059344984,0,2.9029243599261045,0,1,1.9904562905760574,0,0
5.2230287962816355,3.0452910781678866,77765.23052732476,16807.84223636982,1.8225421660961194,51.45403133583879,0,2.9476221279234402,0,1,1.342971575288503,0,0
3.3749436014775656,0.0,132008.46715056707,24869.247371868598,1.5314398024182738,46.504007768346554,0,2.9554014986357426,0,1,2.568192747975509,0,0
4.460074963794532,0.0,0.0,19418.7117150887,0.127579627079504,0.0,0,4.124968703106215,0,1,1.5680289200882962,0,0
0.33995624571778327,0.10942870992692771,99385.05355273678,9040.81131582225,1.3477585883055274,520.5392700140106,0,2.862108371327799,0,1,0.0,0,0
4.095717385358538,0.0,107227.37400350164,16490.922148028443,0.40245870205150613,112.0963898532356,0,4.888289107173742,0,1,0.47006266494097637,0,0
4.051395042233056,0.7900410427395133,63352.7763253302,5385.535319791061,2.1285403662079503,166.22885105170545,0,4.955285636788665,0,1,2.6347975075681145,0,0
2.2014331088814103,0.0,161562.8632418836,13448.96548716013,2.3602452334854607,0.0,0,5.270885495392425,0,1,2.2084455079488445,0,0
4.6873126183329505,0.18648816625745818,130505.43592298783,26197.47621778986,2.2066608223162634,686.2604469650058,0,4.835587018098062,0,1,0.5891459741829428,0,0
5.8292506798865125,2.1288814180796702,116063.37027342887,31237.78273442063,1.1854472097648145,282.7886788050134,0,2.7868586663518324,0,1,0.8591216998895164,0,0
3.9860057036225487,2.108117341827061,606.0445343156789,32892.36406045948,1.963483089354067,120.50198245992571,0,4.1339203546491285,0,1,0.5784149726332913,0,0
2.0882104775335546,1.896614824315869,86136.80394742222,33773.41773483156,2.0494630198779555,541.013947651575,0,2.9465262204809615,0,1,0.8923514946377008,0,0
1.6133748635028629,0.8280898043164614,64231.25526472179,19188.82828932884,2.1783874940952255,0.0,0,4.914595045427068,0,1,2.96454923999626,0,0
5.474472262085146,1.3917340160782559,134830.7398275432,0.0,2.096568277985193,0.0,0,4.039339168447122,0,1,0.7327542190731994,0,0
2.489148481321655,0.0,89228.12738242767,29115.727600888076,2.098490126670238,334.43271394207665,0,4.072730285778499,0,1,2.2782439196725885,0,0
0.7999326847013954,0.6837958892307157,100586.23446399448,35865.535318020724,2.5384904833493462,400.8326985416239,0,3.0868573431628596,0,1,1.2818147829557893,0,0
3.9100883201700625,0.0,216400.78362725934,14142.888605491871,0.0,0.0,0,5.059187272382006,0,1,2.3829096453200216,0,0
7.383407379678718,0.0,55905.83509647635,8929.60347369339,0.22562550511405222,0.0,0,2.9268051685847407,0,1,1.6676245148612803,0,0
5.225392879824471,0.42662418635612814,103934.10755630564,23225.82355753171,1.418096576526975,0.0,0,4.069074654820373,0,1,1.0570953254238478,0,0
0.8402965110783877,2.6210616800655573,67356.1680283736,13438.303541741867,0.6582429040801789,306.4937926405853,0,3.04217461409248,0,1,1.217127438845382,0,0
0.0,0.5100697010778725,147235.30583920216,12249.202256711287,1.2220666483689353,66.02333609304138,0,3.140427866966246,0,1,1.0630258067903853,0,0
4.835590159722222,0.857769306046813,95930.56592409148,14206.897169601285,1.740177538547718,171.79720283242494,0,5.15381249909325,0,1,2.299267809037974,0,0
4.211925006360323,1.342962488271906,117903.42980453331,19349.20423586225,2.676815179342605,0.0,0,3.905195598502474,0,1,2.9150969668597266,0,0
4.0959299441468495,0.530072218798639,99947.64875362253,31240.024101210736,0.0,109.96500362099877,0,5.177508063024005,0,1,1.46399015554209,0,0
0.0,0.0,95844.6450495291,34628.714568526884,2.3754310726037966,0.0,0,4.952195948739936,0,1,2.016648831404821,0,0
3.1474232134762374,1.2493949697089177,166226.15104447128,29017.104630043632,2.607890456941934,274.8982070828247,0,4.850317496125461,0,1,1.634456301562786,0,0
5.3405312390405175,0.0,121975.6731928376,11485.176520923562,3.194529147750324,561.4309434909959,0,4.1743232142887035,0,1,1.5362116872710194,0,0
0.0,1.8488193896198843,58336.79219083508,0.0,1.498427250225566,0.0,0,5.085682239554313,0,1,3.019412577212633,0,0
2.2391947612899123,2.0447222743747444,24464.885157500103,21622.47909594064,1.6418065590680475,412.4835643934054,0,2.792139856882581,0,1,1.1181094215492158,0,0
0.8357776825898393,0.1176872955344727,72319.39088438248,18449.501934809177,0.8543939247677661,0.0,0,3.9470268160353807,0,1,2.888481496537887,0,0
2.322284482908005,0.0,21339.317954204223,28644.57013881022,1.208317961292188,126.02120717361824,0,4.925071911665624,0,1,2.9277839021248147,0,0
2.3379836774892113,3.3025776224415964,113294.04523942519,31314.613499031322,2.197934952526889,0.0,0,3.940136018310551,0,1,0.9289732951830731,0,0
3.920594308654784,0.0,110639.46597621846,27373.927430504642,1.7352754101585366,0.0,0,4.195099113340696,0,1,1.8736064448697483,0,0
3.306599752254821,0.0,42987.48428860762,28711.578061086624,1.3356101368172275,484.14417332944936,0,4.977662736712769,0,1,1.816035863619705,0,0
3.082246531214884,0.0,99301.54148279343,19370.108386675052,1.1617429321015167,0.0,0,3.949942215497219,0,1,1.4112306217926105,0,0
6.538478523210043,1.9915934369247177,29835.472241600553,20131.22945586898,1.8769736062513729,496.9448171865705,0,4.106740452946868,0,1,0.9206612352456729,0,0
3.881727459284029,0.0,137975.39711409347,34261.14070712423,1.2832636093707328,223.33134011369972,0,3.9498145011524057,0,1,0.9735730698952861,0,0
2.4549919218454344,0.8387764045072713,68719.89265589911,22638.695995185684,2.135815542062988,0.0,0,4.250261970318363,0,1,1.4631412688326215,0,0
3.49738205155865,0.4727139236054903,47413.4349046423,14616.891071206692,1.4867324208487693,525.6507470990258,0,3.0211463809513415,0,1,1.9227906126262457,0,0
2.7671773946541802,0.00787119602236587,105177.4006856396,13138.986715759236,2.1763852070696705,0.0,0,5.102065514124474,0,1,2.546143102492256,0,0
1.4408749375508858,0.0,49063.96931183149,15308.427252695341,1.1440098212728629,415.4668932604086,0,4.203999595691519,0,1,2.408301905319736,0,0
0.0,0.688476151885888,85874.02746445173,29446.239759671585,1.2451081532161472,391.67685866272814,0,3.9151430870331767,0,1,2.5117617434511232,0,0
3.733147010969492,2.629865208838614,45798.05284039237,25565.878561099446,1.9623145754954736,0.0,0,5.081550474031069,0,1,2.107109717325819,0,0
0.0,0.0,47371.84289316405,18547.284462825915,1.2263904584019316,0.0,0,2.94293016661062,0,1,2.348245113588195,0,0
0.0,0.0,92832.4087398774,38828.02086290605,1.6708130856364805,0.0,0,3.0216287044240753,0,1,1.1644934194220693,0,0
0.7722989945835724,0.0,81697.97318607758,0.0,1.4876896750679203,0.0,0,3.8020776092235646,0,1,0.0,0,0
0.0,0.0,123241.75454164263,26008.80743097619,0.8119731077720588,156.12386419688437,0,4.944180669707202,0,1,0.7048034548001503,0,0
1.2949813857553156,0.0,98565.3430021474,8944.502410672168,1.9994179086478276,0.0,0,5.143027725728108,0,1,0.36694359905345564,0,0
0.0,0.0,23932.002560928853,23586.245321369574,0.5823309651935518,6.443404147808527,0,3.0860032541267794,0,1,3.057275611614565,0,0
7.368415079150003,0.5467382895489807,150182.7397232187,26410.97634040916,2.413480352462448,172.12829078660792,0,3.9685150488312764,0,1,1.6621542891238845,0,0
3.314345613238297,0.0,58372.65285515043,20639.890802632348,1.3053499643441941,284.6256839393558,0,4.011613343912236,0,1,2.172080583925637,0,0
2.316242800428277,4.10124240673572,81605.76516242741,32374.138271084987,2.1141025817563253,0.0,0,4.078732434785273,0,1,1.2682470228739051,0,0
0.1643834981040695,0.6884926448309425,102490.48729771006,33270.45542152855,2.7206184228717336,0.0,0,4.081474106429365,0,1,2.9972139009715155,0,0
0.0,1.4456321959555574,94073.69060029769,19767.008016490887,0.9304973072157763,0.0,0,5.044173817182277,0,1,0.6351100567484105,0,0
0.0,0.0,135312.92599511758,37106.448378582805,0.2697124674979764,191.03301811716153,0,5.1060041579661934,0,1,2.8715744909479013,0,0
0.0,0.0,0.0,42174.13042100192,0.7399083910746704,0.0,0,2.9819574149992802,0,1,2.2606687530315916,0,0
0.33429764773990733,0.0,44457.234030676336,21221.85766321818,2.55136318922314,0.0,0,3.8467100984969322,0,1,2.0513752120272994,0,0
3.7050255198925286,0.1836106187287655,49685.80228392239,34055.18257796748,1.329059210559219,0.0,0,2.8988209095684883,0,1,1.4481418929795156,0,0
1.3798054897147605,0.0,99543.35812670653,30143.898583318653,1.6601206773891797,0.0,0,2.953240884695092,0,1,1.8706078050669446,0,0
0.06731556776944059,0.0,21205.849146656947,17999.298430238112,0.0,0.0,0,4.79644896741337,0,1,2.752180285433664,0,0
2.3976039047855595,0.0,95450.10469220243,6907.0930193750255,0.40351471671805106,469.3759823106353,0,4.882655999331006,0,1,1.396945208159584,0,0
0.6102258266467655,0.0,95325.083665661,17706.567549259973,1.5343125364615393,273.82328112935556,0,3.8981275686740164,0,1,2.200723157920602,0,0
3.3974334962311845,0.0,103723.2282494417,6596.682312527672,2.9281078635228517,334.6837515492888,0,4.863294280258365,0,1,1.3882211923848435,0,0
3.309779122410786,0.0,80408.22057374686,19847.450622771892,0.7467263927466656,0.0,0,3.8265758534224483,0,1,2.0507528747337282,0,0
2.161866451936488,0.0,77384.64403658074,11114.583125831554,2.20905821487533,63.27072097487492,0,3.181018081383684,0,1,1.2314429076336375,0,0
4.422877797508492,1.354083304108395,91145.4850586305,13715.979451617502,2.5691327295855313,196.6694877887748,0,4.097039617361727,0,1,1.6866647051205,0,0
0.0,1.2127415099965517,172227.3439191701,33977.10962869229,3.124083080810527,475.98523012116937,0,2.9718217163673133,0,1,0.7181760103122066,0,0
1.9904597007653588,0.011186863654891563,29538.596168057084,36453.78570134798,0.8686805671297528,139.23832330293436,0,5.017792190969921,0,1,1.5353649811132553,0,0
0.6754871660737678,3.1047281913666254,46924.89627626106,16144.576803570664,0.8455393952390696,0.0,0,3.956209714998671,0,1,1.4337298476236044,0,0
0.6041079279312354,0.0,176085.4553365483,42807.30220624845,0.0,201.84913863245836,0,4.954749624913535,0,1,1.0399076159421696,0,0
0.0,1.3259503799571883,58652.619310636845,36209.30110125642,1.3344188213872221,0.0,0,4.095801968873283,0,1,1.8699678565833366,0,0
6.483609508806142,0.7938658305582141,134627.2632148624,19987.261640857556,0.0,0.0,0,4.023018809001043,0,1,1.9335476838245726,0,0
3.882747053181804,0.0,73938.41371850665,31622.473139442725,1.999690427481679,46.76685286579235,0,2.8925647197487163,0,1,2.737107755012678,0,0
4.902675590224516,0.0,55709.18146878894,17383.467521406463,2.084809206627646,198.1464634398118,0,3.1196893511159174,0,1,1.4184182896633644,0,0
3.7274711154008373,0.0,57493.978954236445,8131.113859901349,1.4111710529342338,237.96403743093933,0,5.044821537936593,0,1,2.142703949098589,0,0
0.0,1.229587414547107,47702.66341877713,20907.342549248428,1.7285404749686109,0.0,0,5.093226021489386,0,1,3.1652735770967197,0,0
3.515088305939541,1.9258842474082876,80895.29083912895,39070.87741791626,2.170631264243654,0.0,0,3.020071052589016,0,1,1.5363589429486388,0,0
6.916473142282491,0.11506721827265318,108934.20760867893,11557.2165964569,2.0341138485515375,0.0,0,4.008269917321205,0,1,0.20856292215793792,0,0
3.7674645529151496,0.0,45343.601270129046,37728.75643548699,0.49606861881398934,212.54718987311034,0,2.9860393268328678,0,1,0.34572088034195136,0,0
1.528632504928455,0.924227349771196,150939.99345523634,27428.200786769263,0.8565143883650121,159.53289431236442,0,5.054994677707102,0,1,1.387695452067841,0,0
2.1703625242453053,0.0,77025.51616594329,13008.626405074887,0.3392763007084233,0.0,0,4.87597159177135,0,1,3.0972456626949576,0,0
3.734100376249713,0.0,64763.32424105429,17654.2507867643,1.7721051186809533,0.0,0,4.056538744802382,0,1,3.0441025734556613,0,0
3.736335769214996,0.15968554155552725,31791.55695144056,5239.586362458299,2.0085803460753375,139.8801957196063,0,3.834158882456243,0,1,1.5837249620843865,0,0
3.6462006436203667,0.0,48265.96022929483,27231.708301269944,2.8858309963521798,51.58058053657251,0,2.93552777073401,0,1,0.448849041521892,0,0
0.0,0.0,96525.2874323582,8488.80226845409,1.9444162493329336,451.849792835509,0,3.1514738331422447,0,1,0.0,0,0
3.3460872746467976,0.0,139281.99097731514,36735.698851382454,0.4831591816114753,36.445041535762435,0,4.885461741815896,0,1,0.5328526752034451,0,0
0.6055860938124988,2.148902002731335,90070.59912393865,12257.214956964985,0.06451988811577214,0.0,0,2.940383150720269,0,1,1.2294216749373996,0,0
3.3403355947870517,0.2817124969219675,35884.88223628853,35582.332496588395,1.4649847439816792,0.0,0,2.945962353581564,0,1,1.8818537787605536,0,0
1.3089709280225301,0.16673099458828058,66633.5521486608,21948.555453370227,1.2393931486209535,475.6769078557096,0,2.9159665801416232,0,1,1.1201987150781278,0,0
0.0,0.7103727392378741,123237.68563709076,22209.422133352302,1.2767761477584574,15.121000461805643,0,4.974768440533054,0,1,1.0477219104422897,0,0
3.012146681500871,0.4647600824111976,100465.49875691607,20755.753626036494,3.0059367278819544,98.37295812728223,0,4.015374725270027,0,1,1.5031508937836984,0,0
3.436719953965474,0.0,85939.32850573357,30596.341713773476,1.5520566322460987,538.1138281035813,0,4.147508936954255,0,1,1.0486877344999128,0,0
3.839124960674929,0.3481726765377824,7873.687684147322,25062.97165033648,1.3193546862634218,379.9534695128798,0,3.1079778284612876,0,1,0.09316845514555427,0,0
1.280046596452103,0.24755728343454503,111330.13788938319,29080.521971867038,2.1729404012955107,0.0,0,5.061532153907394,0,1,0.2831165262387373,0,0
0.7690438050461132,0.0,107591.90419563826,13121.2436581619,2.9392992880394453,361.31755088119735,0,2.9859763174766947,0,1,2.553846571021106,0,0
0.48935978402425184,0.85709283460541,62436.165091004026,0.0,1.245613192767774,361.8997717872956,0,4.926046365473587,0,1,0.021652454817541078,0,0
3.1401581616658376,0.14288090590838196,79594.62383196154,15182.718026694496,1.8508578555751605,0.0,0,5.059668145897623,0,1,1.380270682632358,0,0
0.8716816760368347,0.8841986382015947,91553.11433690405,10411.693715934487,2.6504031028494235,456.6354653044285,0,5.043154705740175,0,1,4.110939175843638,0,0
0.0,0.08699412543673983,43712.41476624991,9105.27563066343,2.3666016270571277,0.0,0,4.05176254367527,0,1,1.7070688176031952,0,0
1.5304972641408208,0.0,112166.9760385921,11227.038045273503,2.098258579018985,230.9813991683442,0,4.9595156684968105,0,1,2.2491060082332375,0,0
3.480335943402298,0.0,84841.71911075458,13242.791128120363,2.4938384123091337,0.0,0,3.0150860143609015,0,1,1.0357600176387867,0,0
2.13256809933438,0.34543138099911463,29118.537574840793,26036.99474190233,2.21129255909086,704.4563376032258,0,4.023546015878873,0,1,1.0957377940038673,0,0
1.853125351898761,0.3287061055109343,103698.24754657605,13244.336912256484,0.6653092363053772,88.61370922379221,0,3.937957496193676,0,1,1.2565997065860997,0,0
0.05179194777606422,2.0741463471984236,79588.20269979312,32360.391418848572,2.142778804153899,284.8464109870495,0,3.1168893079207836,0,1,1.6666597861941364,0,0
2.8683228531507527,0.0,156517.54070502718,15471.542602897634,0.8118987232161065,42.62899659381656,0,4.833361887921177,0,1,1.9715697552746643,0,0
0.0,1.6691726242353642,153367.5563080696,32819.690678338724,2.8379777538117845,0.0,0,2.9303985675831923,0,1,2.380836080249985,0,0
6.5741610520776135,1.237696873120579,45894.39070595637,30179.557903225086,1.8021713542031599,0.0,0,2.9079201588698624,0,1,1.5420934170409808,0,0
1.4960725462646813,0.0,118695.55824709537,15781.702262527979,1.8044537159122485,0.0,0,3.9599015416926697,0,1,1.4212642910277289,0,0
6.724292222245444,0.0,42169.63380947432,11137.52168427941,1.5976753533902834,122.10230820110036,0,2.9412398749217843,0,1,1.3486910471598166,0,0
4.272431258307131,1.599997012164279,75787.59041679678,18994.008007432596,0.8304218301315001,0.0,0,3.9393983539014577,0,1,2.842050122103325,0,0
0.6865920923920279,0.8448343844268215,68259.70194530702,27561.66686774634,1.0695596275707135,0.0,0,4.084720815143818,0,1,1.5985648136367154,0,0
1.9437475948626661,1.2714629320685154,84971.52593845392,0.0,0.7517672274221435,0.0,0,4.024138819240099,0,1,2.1741117655603652,0,0
1.106718413333704,0.3599967161590465,33085.69832434434,0.0,1.4312851081039624,0.0,0,3.912785959509752,0,1,2.2334598208584135,0,0
0.0,0.0,0.0,11692.712880900672,0.783363338673728,0.0,0,3.05486586211266,0,1,2.118822686603364,0,0
0.0,0.40267465289584886,97870.15850326963,26123.59387675803,1.5536103057773982,0.0,0,3.045807948714368,0,1,1.0508792872832848,0,0
1.0275241618560873,1.0822104904187975,64904.451126993496,30141.395592873294,2.9963143205967784,239.11657347186755,0,3.8016949677499845,0,1,0.8729635071152863,0,0
0.0,0.0,110720.63241712641,42810.94850026184,1.7988551387896707,0.0,0,2.9505455981387416,0,1,1.1649644310947496,0,0
4.064015221161613,0.8258282402565477,80096.34932718828,33361.92252558382,1.6536836211536734,0.0,0,4.064044133261616,0,1,1.9575738670255158,0,0
0.3272169807214942,1.2789978802386126,60506.72324250208,9103.776990518361,2.6305010008223917,125.6408242016266,0,3.039333880915194,0,1,2.192897683954042,0,0
6.094163878608796,1.5253672719914892,75198.28001222563,25428.5733080182,2.5923184480130743,28.804151371927027,0,5.062640053303949,0,1,1.3790134257315008,0,0
1.0755037021110043,0.7086573412776787,58579.05328038162,11732.43856289321,1.3407311048162778,223.67450424642107,0,3.913800747745894,0,1,2.0635874971318207,0,0
3.6367423006053174,0.0,69396.03051362469,24292.37218128232,1.1670251973671495,0.0,0,3.04091950279404,0,1,0.8656126130805066,0,0
0.0,0.0,64378.99350346892,18923.244335368632,0.8077456733214796,184.7893976164784,0,3.8146740270582518,0,1,1.3720638540766823,0,0
4.536271894914354,0.0,82665.68945176201,14963.310323866552,1.2074068261772388,0.0,0,3.9787584564456715,0,1,2.173508863369798,0,0
0.2476164495594393,1.6290539877958452,68343.80430385194,13169.237746281218,0.8069596140586471,0.0,0,3.181445783583165,0,1,1.1713646603449404,0,0
0.0,1.2111427824531777,134002.86104544532,13772.449278886845,0.4997216587648412,36.76996144262861,0,4.092126835876073,0,1,1.1477261554389895,0,0
4.232853645138329,0.0,55842.37858427126,35783.267005947804,2.399730382673036,0.0,0,5.019560866414238,0,1,0.6350723824608531,0,0
1.414211559851637,0.9521734058137927,68320.27333914695,11467.547181721622,2.327901798708912,63.03954593920379,0,4.941036355933304,0,1,1.0350816052792966,0,0
0.7392325136937967,0.9635689053359715,16359.613767503248,11549.015243569915,1.102733238406656,281.03153446753555,0,5.130768789735101,0,1,1.0726620504818967,0,0
0.4647846126817141,0.0,67559.83441302823,20991.67427004329,1.7240046274386973,0.0,0,4.9992723081069315,0,1,2.521436361118252,0,0
0.0,3.131424078429946,42786.88136299854,15912.731091919333,2.7243305814710803,124.28729033885229,0,3.9582152208636883,0,1,0.17859223171697214,0,0
0.0,0.0,80260.33944572629,31681.590481129213,1.8731936595266803,0.0,0,3.1408049333379338,0,1,0.4680270067981537,0,0
0.695181304634193,0.0,92044.12361399087,13239.282094152588,0.0,166.1821572833697,0,5.006769161332222,0,1,1.2545026230955734,0,0
1.9112935997809548,0.7186823982384445,57270.19304742874,21783.781917182132,2.6140629897423873,150.26975433600944,0,3.0370908923408306,0,1,0.03665924153812394,0,0
1.2829362707357332,0.6500065855424743,142961.87138302947,21784.318028335012,0.38535897524823925,0.0,0,3.8501205638754747,0,1,1.4818690927543379,0,0
1.1756930698359698,0.0,49781.74976091474,2786.629917122802,1.1109500185146342,132.85220215669,0,4.947952336323366,0,1,1.148281345591613,0,0
0.0,0.46017867566157256,92707.80308376528,19012.179065386583,1.6261542040925838,206.7705478733156,0,4.076381717757623,0,1,2.2915747673225946,0,0
2.686029272621674,0.0,17575.659472697473,28833.777658174044,0.833870220507506,52.85317187785235,0,2.9939407244680765,0,1,0.661709411289883,0,0
1.5402532293370124,0.0,43439.927816405,22999.964410913435,1.6268811183932914,124.48441708107408,0,4.987835912441531,0,1,1.0971951639162307,0,0
0.45483118452152405,1.6040526738291243,51649.498960058525,14134.066144383421,2.86265178612235,46.93504449585241,0,2.8866530998773996,0,1,0.8247135423810927,0,0
0.0,0.5275723321261766,172572.19920787052,19719.644602278117,1.246749424130309,0.0,0,3.0924228140407544,0,1,0.47194970934714764,0,0
2.981105296819756,0.0,132958.36144308845,25246.960172399384,2.707253957189864,0.0,0,3.9614682827616843,0,1,0.36389544909320337,0,0
0.0,2.718990713087273,123596.51981092521,29675.794723647414,1.6874260327332313,56.93849737162358,0,5.024608858432434,0,1,0.12633236274193882,0,0
0.0,0.0,59217.50965834268,0.0,2.068527476771902,0.0,0,4.143512989536387,0,1,0.8076614189659264,0,0
2.2783973537987974,0.8619034181940656,82439.24035319622,19878.77505598366,1.797948090391916,0.0,0,3.1807433322151994,0,1,1.5638828661953235,0,0
2.3567960487223365,0.0,86122.63675041993,29677.443584395605,1.4124121193067558,0.0,0,3.9166530106355233,0,1,2.447413343382299,0,0
5.566618521353466,0.0,86274.34816525994,18852.766844018464,0.3956775527765316,0.0,0,4.9684164595118245,0,1,2.142493893642751,0,0
2.3554879771563084,0.9871584876523128,81746.61517491148,21791.644872326233,1.0466536499624732,0.0,0,3.0612159830960173,0,1,2.799519039186361,0,0
0.0,0.9319289953117157,64221.89412035534,35865.19404384969,0.0,0.0,0,2.92937238202957,0,1,2.5613950016716167,0,0
0.0,2.9510264113277187,66674.27607955995,14621.742797185701,1.8742396094743534,385.5709493943572,0,5.104336442362701,0,1,3.141809166253117,0,0
2.489837752744754,0.0,150392.83358112862,24567.305843042854,1.9986561151974465,92.79599430061128,0,5.069099529659831,0,1,1.819908064832702,0,0
1.322484829895178,0.0,121843.15607626685,36424.525978709964,1.1867831782002045,0.0,0,5.064561690351032,0,1,2.295548934029341,0,0
0.0,0.0,84339.31174714684,15624.20164535747,1.127813351239659,0.0,0,4.977667756191112,0,1,1.1481469387885175,0,0
0.0,0.8970353999834677,128876.5283176233,21423.98305988728,1.8919166340126998,707.136626102482,0,5.0084856373844255,0,1,1.3854134652991401,0,0
2.13306975180594,0.0,59977.986645151446,8392.215872458211,1.9397266189747602,0.0,0,3.0536558981118405,0,1,1.0738181721089655,0,0
1.128794755936005,0.2057332775920515,32601.70824707639,20692.041160931214,2.3458914845596333,162.09775678423802,0,4.020774453432442,0,1,0.04990563257726732,0,0
0.0,0.0,131395.23669383998,35036.60406209518,1.527275626447258,0.0,0,2.8426426581508135,0,1,2.539907065003489,0,0
5.694892406599148,0.0,44008.70947405982,45427.55674495957,1.134698973700488,176.18617661064877,0,3.1422676153233873,0,1,0.22068265557607825,0,0
0.0,0.0,120515.91161682276,15994.474482531181,0.5982286633399683,0.0,0,3.015531717651805,0,1,1.0309239970818949,0,0
1.489873637732488,1.6541009146968242,63094.16514421528,21548.416060414103,1.44570122519498,0.0,0,3.00199936088395,0,1,3.238169618283396,0,0
3.709545377983268,0.0,100334.10535775217,26306.27998387905,3.572182601097917,0.0,0,3.1283954081982994,0,1,0.9919518280572123,0,0
2.078949724675698,1.5052183807115194,36996.422990432344,13132.497822478208,1.5727403075965467,0.0,0,3.9896931029652003,0,1,2.3624914282616465,0,0
0.0,0.772270090056162,75930.8483250194,25298.988325792314,0.0,138.32626784158282,0,3.894211029141545,0,1,1.7998821913992296,0,0
5.047703734991609,0.0,112188.61413786761,23492.625215824286,0.0,0.0,0,3.967917537470957,0,1,1.702102564168747,0,0
3.7791467577791233,2.3230062280679067,55569.23500041329,15882.408699039172,3.151774330775517,260.06812209867576,0,5.12768244853883,0,1,2.4792009663475785,0,0
4.89255470057364,0.0,108091.1445577377,18969.68697345343,0.6752460668817263,0.0,0,2.8995549415672555,0,1,2.4943964304579187,0,0
0.23728766248798583,1.5593516382509378,127960.80807531,0.0,2.2931461831359092,0.0,0,4.801187292729779,0,1,2.5617115948907943,0,0
1.678830799461263,0.0,145045.07179066466,40894.45584146562,1.2268905641241883,184.72022348832303,0,3.939381704681648,0,1,0.652909096194999,0,0
6.154748805685749,0.0,94674.73899954591,12588.555801873405,0.5419403631911207,0.0,0,5.047477992432988,0,1,3.823956762543842,0,0
2.7981132228025216,0.5673028724322101,65007.843380398,17763.01162980232,0.6562663037007861,12.255043094006304,0,5.12294536218984,0,1,0.8441106538461411,0,0
0.8194638513959169,1.68583574725114,24716.587869270217,14665.389361445548,0.3173759753255929,160.1528662126609,0,3.0220894811577197,0,1,0.8257424540557914,0,0
0.583594300194035,0.0,55568.51251552363,26468.703326255047,0.6710653408858112,124.01429193513611,0,3.9616861859856334,0,1,0.4245415212570237,0,0
0.0,0.928071818222702,0.0,24174.856157075094,2.7450133368240324,0.0,0,4.851066309047495,0,1,2.003110893466916,0,0
3.2493584731762106,0.0,63635.295547724556,28909.426694704576,2.583080079983715,0.0,0,2.944347820837637,0,1,2.150495496309983,0,0
0.8004994780057648,0.0,123330.66975552932,30721.04220568646,1.9860990903661082,0.0,0,4.801087157203485,0,1,0.8692457134181271,0,0
5.904784540332434,0.0,39772.87565006208,26065.643390032797,1.0552661400456025,0.0,0,3.1131864766677073,0,1,2.925802809099444,0,0
0.0,0.0,177984.89007148345,22562.06723945355,2.717616194071093,21.383043051250485,0,3.887767965500146,0,1,1.2066044069218196,0,0
0.0,0.0,99319.68003933191,37746.03186216136,0.33760950019719926,441.9559205241547,0,2.9181818324532447,0,1,2.64420244248026,0,0
2.5176747375445467,0.0,108317.66981538344,19945.21012648816,2.3766552790097206,622.3752063954896,0,3.867525259280887,0,1,0.6562233191992253,0,0
6.003611133061348,0.0,137722.1311889577,23527.5354826067,1.749723751222114,0.0,0,4.983086499366331,0,1,1.8293410301124402,0,0
1.7485440864197828,0.0,59634.18828230747,17495.80101021132,2.3751140837740734,166.785216465237,0,3.02981684857089,0,1,2.3985903284522734,0,0
1.3043285457328067,0.0,87294.10163100075,24585.369958033105,1.6745454664905592,0.0,0,5.114384740041682,0,1,0.29614503553721006,0,0
1.8603483760085968,0.16423596672948393,41835.02806697576,36997.266207176115,2.160267889714678,0.0,0,3.992622703816271,0,1,1.345148202861734,0,0
0.08005688780059672,2.5001166388231453,213488.0490109375,28741.418719268164,1.8407778404660522,0.0,0,4.9249296852244395,0,1,0.9967422076179364,0,0
2.8522422886352463,0.0,166701.0332878486,23906.350642054727,2.0124747759439434,0.0,0,4.101277656906122,0,1,1.983301695282586,0,0
4.9215908240003765,0.0,93909.6676702957,17961.614773423153,0.41288732399401773,0.0,0,3.0362948715530123,0,1,1.616636305523958,0,0
5.3345265935654185,0.0,135007.99842911956,37320.38358069197,0.5574873919837433,0.0,0,2.99598820438114,0,1,0.8445668553636657,0,0
0.0,0.0,32844.42872289471,17947.38354980703,1.6869750972299942,0.0,0,4.956278537797591,0,1,2.655661899654841,0,0
0.0,0.0,68392.34237316041,14300.241171346905,2.316004634279196,20.49003924650794,0,3.90353952964868,0,1,0.7188903852662855,0,0
3.715298670096782,2.6993912961434448,109112.26707803104,22960.575204094086,1.3836940948119931,101.71093348855852,0,4.065341649901761,0,1,0.08068756943683586,0,0
3.716126223255973,0.21334151256546416,24749.77976029891,34022.61107218063,0.0,0.0,0,2.9940704410995593,0,1,0.9726834988205866,0,0
3.6665670356167284,0.0,57039.54197202656,1581.6585888996153,1.363351299628016,138.65653397525068,0,3.8399905025902754,0,1,0.655586573146264,0,0
4.783425610124248,0.8299536589496311,0.0,0.0,1.996644598491232,0.0,0,2.9743616157952384,0,1,2.7089274090714803,0,0
4.046558583925924,0.0,85825.45736452061,0.0,2.3263069586299334,0.0,0,3.0969030327941938,0,1,3.101147201401705,0,0
4.373483999252553,1.9027312915411911,147245.12770930908,9859.713392477976,0.3034291106531708,95.92496614882253,0,3.237109796234214,0,1,0.25962215481609585,0,0
2.8957673267264976,0.0,53124.77282573539,41486.96985089335,0.9743973565740501,432.43349257995595,0,4.972904628598194,0,1,2.305250636847149,0,0
4.809807934387949,2.1570461579723457,57169.34707678219,28079.70348719548,3.0349549170224632,0.0,0,5.0814401821784685,0,1,0.0,0,0
4.51796289170469,0.4236700076333103,39797.07324562078,35859.791390611994,2.2281790590925152,0.0,0,2.9580214354890657,0,1,2.496493317335371,0,0
0.002727563015355816,0.9176979680277026,97109.92191585079,40919.44002051501,1.9245028246488616,172.12613494265867,0,3.011044830677298,0,1,2.2724624951327095,0,0
0.0,0.0,87832.63294901719,50730.640809497585,2.396725069057018,152.76024846102982,0,3.0339381924827022,0,1,1.0866116405328181,0,0
3.798325543241205,1.5508847851420478,39785.944952529215,33999.88097606415,1.8681125974181667,116.24624338611638,0,5.147572931759212,0,1,0.991077106594262,0,0
5.011432354659355,2.631108770578587,13135.85992991623,16054.600602066534,0.22957545941372381,0.0,0,3.1177484581841166,0,1,1.3124768766718664,0,0
0.28794211513308476,0.8475176887447351,85561.711483786,19888.03879608463,0.6416831835413321,0.0,0,5.064991977674557,0,1,1.4138969894532691,0,0
4.758680097007728,0.0,126055.6121134578,12300.771300382321,2.407493778634459,0.0,0,2.914386417555711,0,1,1.3235043588092559,0,0
0.25412033903767517,1.609243041660084,61747.0235697705,12692.706448328074,2.6132992058087052,0.0,0,4.052520266651323,0,1,2.175592693101274,0,0
2.682270341861852,0.0,87399.8793468838,24350.328437278044,2.1829364555781137,0.0,0,4.158105040911356,0,1,0.0,0,0
0.9300865354032597,2.020651649180761,129432.7386259518,31877.729695798298,1.7894174494769604,256.6505744036576,0,5.059085007516935,0,1,0.0,0,0
3.302569078158843,0.0,158901.0532324214,29456.181628395407,0.6785044811102883,0.0,0,3.0732409783818855,0,1,2.029000841582291,0,0
2.754894737954191,0.04209494410971251,109276.74537831353,32594.763990406147,1.7700248591169734,6.394000209215008,0,3.0153952124982237,0,1,2.134863958246456,0,0
1.5822896599793967,1.2051361388842854,50283.985618772815,29139.598476950185,1.49342063795505,0.0,0,2.9671686566001276,0,1,0.9522978996200706,0,0
1.7747911522134487,0.0,104465.69965911242,5123.70528163284,3.5868895692094376,188.90706943159498,0,3.056358971398283,0,1,2.6756736835602015,0,0
1.2238503028213112,0.6419390571648457,92543.49339624576,16102.211189238062,2.1422018296562646,241.83908570650323,0,2.9784684406634394,0,1,1.3862797851010589,0,0
0.8698823924609715,0.4261137388251394,92473.66969689335,19019.872112782003,0.9298921232011373,0.0,0,2.8357463528136004,0,1,1.55314477081079,0,0
1.7499722381661438,0.0,129954.26050499371,6914.102939714373,1.1646202925759415,435.6497748110652,0,4.1419250010751405,0,1,2.003995064626035,0,0
2.4136802472968197,0.0,27840.240256704325,43517.010756200376,1.9386516710589572,0.0,0,4.070134061310055,0,1,0.05305260665733835,0,0
0.0,0.0,89380.41359584138,46147.160743439505,0.38203483011735784,288.3633804913409,0,2.794039176808289,0,1,2.418257332009951,0,0
0.0,0.0,235767.90642602742,36470.087288138704,1.7894292984133902,211.6217824184157,0,3.7425261695898757,0,1,1.5768582866116483,0,0
3.803206691757608,0.0,15819.023517780923,2395.5574079839234,0.7799551564013802,0.0,0,4.979939900569539,0,1,0.0,0,0
2.818809893623125,0.0,102087.24696601952,16171.007666047024,1.1572501517301776,0.0,0,4.064152679523595,0,1,1.2514750121637914,0,0
2.234224140150705,0.8247525409840184,166858.67139205575,23492.743512348123,2.4637520630039145,302.8457462167844,0,4.936913249292996,0,1,1.9400516396824066,0,0
2.7889452883869894,0.0,82636.98576589154,12082.520332722364,0.0,70.33093457877663,0,2.906001759186971,0,1,2.883135304177658,0,0
2.0358483877141227,1.2401496267708076,58867.94300675278,20450.630719402023,1.3397570882749736,54.56721493700704,0,3.984394938627981,0,1,0.10195382999794744,0,0
2.6564133340592155,0.0,101525.11358879686,31303.996212940903,1.6766949456292954,0.0,0,4.984403606608934,0,1,2.3437792994133657,0,0
0.5337754061331588,0.0,60853.600341885074,26011.953398520396,0.8102621891804092,0.0,0,4.975308850887626,0,1,1.6720764253535736,0,0
0.0,0.0,119556.36456166221,26730.516811227382,1.1373302792354765,0.0,0,2.879139455731571,0,1,1.1907262933725127,0,0
3.7061386358694755,0.0,89090.06047041998,24664.821054864802,2.67606664825382,0.0,0,4.017932088411666,0,1,1.0271089202596428,0,0
3.460117803758359,0.0,59651.08971217947,23737.998564644084,4.261814106348324,210.37065689423042,0,3.0009389218394005,0,1,0.5596530257772179,0,0
3.09449761201897,0.0,198204.85594840744,23844.25522665487,1.7154768238136795,35.742291746253706,0,3.842899262002661,0,1,1.2556283947591997,0,0
1.4447350981742162,0.0,81946.98525219267,19412.48687085158,2.361438507835056,0.0,0,4.049987964075871,0,1,0.0,0,0
0.0,0.0,135777.3616885448,33205.15504711091,1.6781652662429667,0.0,0,3.960597631537917,0,1,1.2286626545291286,0,0
1.2983755151038,1.8210723633427854,41235.32955172304,0.0,2.101817536058866,60.41426672532835,0,3.9167651387883904,0,1,2.051384220297713,0,0
1.8877978006767537,1.09779455861562,147286.00324464426,24549.007041682275,2.532406281962727,168.45640611132217,0,5.018088675844209,0,1,0.06278901542822934,0,0
0.0,0.0,61971.5163022668,11296.141973813083,0.689709596521597,217.89084748067054,0,4.967385800788884,0,1,2.003423691446513,0,0
4.676867317779417,0.0,201020.97536535762,31765.694872679487,0.8702207295390243,164.46542084563592,0,2.961470352737851,0,1,1.4617119903551548,0,0
3.127094185452723,2.327959111783758,98268.00879408732,18319.5976775332,0.0871293077704498,13.009776006925069,0,4.914199371458322,0,1,1.818709848158241,0,0
3.0996532189991997,0.07059485172674887,59688.023508062535,21425.53340197702,0.7281802708866744,0.0,0,4.028261765439495,0,1,2.2291631912310175,0,0
2.9059783886981854,0.0,87248.87570610014,35568.469811028015,0.8014045667112226,121.19268824071214,0,5.1251543493899865,0,1,2.525108623707023,0,0
3.0869977097482817,0.25341139166046883,74564.52736253195,16979.764487340708,0.8693032920309247,0.0,0,2.99215138788446,0,1,0.16061628862021782,0,0
3.218373756483578,0.5533350338319778,173096.44392340755,25601.737886362534,2.6421976333236628,33.63614503946042,0,2.9297296046016776,0,1,1.3640560516622013,0,0
3.929327804948506,0.04258371651124638,96156.92123826224,27967.036450714255,0.059808846599236576,0.0,0,3.090860637899237,0,1,1.642258899593339,0,0
1.6082538652178826,0.0,91060.2047400641,12586.70809656813,1.6811012609535383,234.33273474953134,0,4.007714402128084,0,1,1.3476301755844928,0,0
4.516449810676514,0.0,56807.898320096436,19869.32792877356,0.8847691259383507,233.93800876262424,0,4.8544386733464,0,1,1.7726228519721348,0,0
2.2657459838176615,0.0,81338.76128835465,23159.27112637295,1.8863977618177599,195.19436837430976,0,3.022517054458358,0,1,1.5853615008836248,0,0
4.984582685009844,0.0,74540.32344235899,54759.27521626979,1.46117534350652,157.16964377277264,0,4.928837171893064,0,1,2.0264837757105134,0,0
6.5401811609838525,0.0,110651.34064344283,18870.754666604953,1.9777998113617694,0.0,0,3.080841794168765,0,1,2.7801820437020015,0,0
0.2818832583880777,0.0,111663.6058009415,28360.25187781898,2.1210340586138905,471.4469942663642,0,3.7964895283088387,0,1,1.651776096111087,0,0
2.170613984106396,0.0,84491.68924469058,15614.266422182422,1.4737273831238897,201.2619261490618,0,3.9878009996559998,0,1,1.7945290859065715,0,0
2.9799129925279058,0.7077648764713665,117203.599458598,15947.597563735662,0.7477596660412016,453.7716510871172,0,3.1169479361799337,0,1,1.6594802008956602,0,0
0.0,0.0,79551.66132508432,14493.384163406336,2.5729846648937698,318.06739185573656,0,4.962904477175941,0,1,1.3574172608582513,0,0
5.952728307770267,0.7548204197036994,153977.2453457666,16936.657677907635,1.158881750929893,0.0,0,4.985961679190997,0,1,0.48405917931533105,0,0
2.1255273582910243,0.0,145599.2982283996,20927.107140138018,0.09110608888719152,0.0,0,3.9236857021418863,0,1,0.0,0,0
3.1533267446858972,1.199938467237358,44810.98927719292,16823.219321622342,0.9648903433133057,171.8473048559475,0,4.980803736551586,0,1,1.815598513943999,0,0
2.5503093092364724,1.475738231196682,83544.09157739993,23587.534116077735,1.8722354005241744,0.0,0,4.852300445010751,0,1,0.7685737399742741,0,0
1.104497884619999,0.11989604706826364,74059.66003877558,18441.05127243366,0.9364658501565901,0.0,0,3.871085679880375,0,1,0.42577582949964476,0,0
2.0646028956035725,2.998152415226264,30263.233796967812,28467.382196832285,1.7999585139133614,0.0,0,2.8646405293188706,0,1,2.4778412881261436,0,0
2.5388027953681824,1.0277381879534124,85132.42765915423,12418.653890220587,1.975271807469849,0.0,0,5.148759060761294,0,1,1.7652748429521736,0,0
0.0,0.08967871376046846,76811.12218895051,7858.556747632601,1.9345440672390328,0.0,0,4.8435414541527075,0,1,0.21835409604799016,0,0
2.6014602933527966,2.1686702722829594,13793.136206440413,58017.80257056214,1.5291987248775327,646.3269988131266,0,2.915176475335773,0,1,2.771892919759593,0,0
6.021741649521769,0.22937814908899778,124006.36261060958,23285.84565951324,2.676827925951944,217.94487615820336,0,4.837535222056583,0,1,0.29048078640845487,0,0
0.0,0.0,4769.683051341803,36226.34284495314,2.1632742934620657,315.31513860591417,0,3.1585467826941303,0,1,1.9023489111070522,0,0
0.0,1.1929418128114448,110951.79807614913,20414.23833843815,0.6279821980514015,59.81848416954291,0,2.945302816198576,0,1,0.8956000226554848,0,0
4.59040420148337,2.3144436296054223,77439.67495492444,36286.89249154222,1.0463902695114673,366.265783848569,0,4.850148490471672,0,1,2.842887286271586,0,0
3.8244206420922318,0.0,120851.25073885269,23921.979708041923,0.7631577103174867,173.0788882888347,0,3.921628103568839,0,1,1.1413881599045748,0,0
6.604602710731351,0.0,83168.19083831957,32763.288017128674,0.9666313032426499,250.84790268255745,0,4.900622287314775,0,1,2.957799495355666,0,0
3.0671908647231882,0.0,80703.78110626375,22276.058238079753,2.576690474646651,181.42279109463863,0,3.0952754585213667,0,1,1.1965379486689218,0,0
1.2464154804824275,0.0,23643.648829385107,21209.613064924262,1.0959525189376493,441.79134423692085,0,4.976113843339568,0,1,1.6907686699460602,0,0
2.9405000872475195,0.0,8295.18195630701,16490.96645823276,1.274502707403101,0.0,0,2.876919229493998,0,1,0.45179995441801346,0,0
0.1194345184006892,0.0,73225.5603617078,32579.68028395623,0.16646416640634076,506.1068323962558,0,4.149342114044511,0,1,0.832972451076224,0,0
0.0,0.675848707910615,154759.20305145302,13684.30366455926,0.91937848267332,0.0,0,4.058186503920396,0,1,1.7700688654983732,0,0
2.24961485329452,0.8245098926583443,107106.00915406075,47508.852292464624,1.465106079382013,0.0,0,4.907077444998393,0,1,1.1610461616343464,0,0
2.561698605926983,0.22920784884740825,145920.0672933263,10481.70911036327,1.1374813624635,148.77186550789406,0,5.04126872388508,0,1,0.46253945724732803,0,0
2.3766840499192448,0.3185628913934117,50775.25568387632,0.0,1.8415471274710482,0.0,0,4.838382814156313,0,1,1.5670897896622469,0,0
4.761304836172679,2.3401809159391895,88442.86228930367,0.0,3.193383839810875,0.0,0,4.816197159016495,0,1,2.059148176197917,0,0
2.6251571904499844,3.1251984347339636,96349.70847561384,14485.201361129577,0.48955071914132764,0.0,0,3.879158735311376,0,1,1.7452000761884114,0,0
3.946930513026581,1.008058020771515,59825.36256547068,26284.16384296418,3.3744449902805833,0.0,0,4.079944445717439,0,1,0.2279100922720576,0,0
2.081527440005056,0.0,118041.40706138345,27939.968241148163,1.4764875189983961,321.757181462226,0,3.1558875780451268,0,1,1.170510996318292,0,0
3.901390375575763,0.46003163037076394,93507.3714861522,6428.1055035555355,2.596778012521521,297.8560015688009,0,2.8862241548413134,0,1,0.8819294769525055,0,0
5.511005050760897,0.299582716067368,92445.94657848401,4554.11369342364,0.05801215742495147,0.0,0,4.004234510393363,0,1,1.889084704390324,0,0
4.68042362632759,1.1295244385234369,178503.40312423784,27917.07188270634,1.4905263134207063,166.97322124982827,0,4.177898253555849,0,1,0.5187068491568136,0,0
0.0,0.0,68751.02789727718,25442.723367323266,1.5291274419894192,655.8499624272188,0,5.079041013827087,0,1,3.602607265682602,0,0
6.3313272179501405,1.2677859200327994,27355.773563116207,26561.704432424485,0.9444919149881225,0.0,0,2.939124295113665,0,1,1.2754798963787854,0,0
2.5433615372458007,0.2044790706037177,156541.3155654535,21743.03004933691,1.4947026568102408,0.0,0,4.095534002679181,0,1,1.8219449406228008,0,0
0.0,0.05957634265735208,119767.58492763207,20790.885609458775,0.0,56.378649713486894,0,4.093492075600908,0,1,0.662300234496356,0,0
0.0,0.10906741901528835,119699.8274022448,20445.090945401025,1.6325543647844196,810.4851026730878,0,3.9114249634398375,0,1,2.359357745335361,0,0
0.0,2.140387952186697,82318.292399655,25552.977148046128,1.490456181649431,0.0,0,4.7484624875857575,0,1,1.7979299788783991,0,0
0.7612798176688584,4.132384973182922,115959.17253267759,34234.31600486815,3.3261366054691286,0.0,0,4.913042107799812,0,1,0.6894872040917923,0,0
0.0,0.34954102930672587,46394.42796362325,8216.490281987772,2.256752767306357,188.40988145713803,0,3.9757565063814178,0,1,1.0765093015262475,0,0
5.315912649718871,0.0,128659.41581693145,38788.75277675255,1.9117584412874407,276.95971028891944,0,3.875045095386938,0,1,0.6453849109983185,0,0
1.1608147097988584,0.09422907693229338,79523.54362365436,25233.66219679859,1.6683512660550828,0.0,0,2.9607180355610616,0,1,2.785043786624781,0,0
4.2120879359291,0.5476291081487745,26463.344607526215,3806.9673471512324,2.399420970127497,87.04232403280679,0,3.179639712965022,0,1,0.0,0,0
0.0,0.3639422756739684,57750.307303634305,26193.419304608367,1.6575831254328068,0.0,0,4.043884105084554,0,1,1.8631179256748043,0,0
0.0,0.23515281645273223,0.0,18062.30806833773,1.4430409344333393,82.39835456640573,0,2.8774663661411632,0,1,1.4594650191849081,0,0
1.6860816031859474,0.0,161382.66872418256,15037.147655782233,2.1736779296858266,0.0,0,4.874414309071866,0,1,1.4459444147429132,0,0
3.3790786921327314,2.1233690363791133,122874.9891378826,33229.357664329604,2.1147476400610605,91.45965737429543,0,3.096293334525673,0,1,0.44632717871611094,0,0
4.153885279634496,0.0,30649.850353787813,14746.578713684601,1.6836837836707632,47.70635980710921,0,4.982410973167497,0,1,2.8080230667091493,0,0
1.2128790970309398,1.2409537696810737,117130.81708547547,33561.14907455697,1.3457917191329862,125.41629657443728,0,3.0458938605586736,0,1,1.2430070821037051,0,0
3.6927860224249978,0.0,68065.11999027588,4982.3731654205985,1.1383097768473613,0.0,0,4.036450304169176,0,1,1.3895130756658598,0,0
0.2734562490064809,0.0,53585.292815796114,11933.698133481965,2.055894696161119,163.7111874084037,0,4.993204678628361,0,1,0.45163315315902364,0,0
0.0,0.5379811706093433,108049.37836440983,20268.295775496543,0.9171274521259081,261.69393695618055,0,3.2499793388114755,0,1,1.5690687867644708,0,0
3.238662283724469,0.0,26319.888285073164,15071.525109344828,0.1779909316986903,761.3890764022976,0,4.9539105529044,0,1,1.6400240461162114,0,0
3.5318425405651266,1.9091906926287268,46760.948434367005,21611.50577504633,0.3428380880686558,0.0,0,2.8635232238998363,0,1,1.0279752836518241,0,0
4.504588051702836,0.4849890233951901,97001.43713083887,19878.678783223124,2.2062753375167903,0.0,0,5.017003126807934,0,1,1.3228023405300584,0,0
0.9188408073283134,2.070712304955383,109515.2308730857,0.0,1.612713694653378,56.80622197026882,0,3.997548412233024,0,1,2.5003732798321274,0,0
0.0,0.8347562567295341,60604.279336315696,33784.54999648601,0.6733389073694827,162.3902690388224,0,3.037036651593687,0,1,0.5846863581540644,0,0
2.3799252029529727,0.0,160361.87928111336,22144.68932874776,1.4436719452525275,44.469139483320774,0,4.953078173189711,0,1,2.431932492079677,0,0
3.3228527210611642,0.0,67088.9061633955,8802.952592886937,1.3325306457964827,46.248254790492425,0,4.956272648086044,0,1,1.629006571878482,0,0
6.764624360578906,0.0,122092.46843484405,19040.113655883804,2.0271604468941646,0.0,0,5.135531311875155,0,1,1.1920760874702279,0,0
3.3256611733737946,1.9554035114680748,74497.86564356572,11008.603317280531,0.139752479781881,0.0,0,3.1000246400930154,0,1,0.0,0,0
2.62740030782851,0.0,9813.166765419655,681.8205615970419,2.898057030733983,391.89185521935826,0,4.975431933840219,0,1,2.1443801475684583,0,0
0.0,0.0,117592.25699442282,4688.878637955663,3.34993302966219,516.5407908143311,0,5.037175952611825,0,1,0.27811935215419004,0,0
0.6153300113965043,0.0,77701.2473197586,35016.428061082755,1.2492170596912722,0.0,0,3.0461089105434027,0,1,0.0,0,0
2.911366282846953,0.2056606694960631,73566.6290937749,40283.61377008058,0.49433349251249603,0.0,0,2.993464343368395,0,1,1.9012707723505649,0,0
2.9728191345504102,1.010832058868833,162719.59745602543,0.0,2.6907506755115365,0.0,0,2.8623461504883156,0,1,2.0540620245811896,0,0
1.7858309834927586,1.162318062698422,65901.80490646107,40328.03897894085,0.4584075069674034,0.0,0,4.754798385295693,0,1,0.7466304981816949,0,0
2.019678594820956,0.0,57890.94120661223,26294.047484653613,3.5356919749369453,113.6981293968831,0,5.072319590926392,0,1,2.2651569006373284,0,0
0.7278449199188017,0.0,97007.01695024775,19666.11066786142,1.412661282485982,0.0,0,3.958772540159701,0,1,3.2345744276746267,0,0
3.71683005505664,0.4238074014036058,13436.30909866286,21436.126922990967,0.3335092049714151,238.71420028774781,0,3.146025258905496,0,1,1.317994324021155,0,0
0.8441279361103131,0.3426615790086992,71114.85457009143,24189.58960845504,1.6030106057389013,0.0,0,2.855227372162499,0,1,1.5542572848896588,0,0
1.1556264421611564,0.31825928025956307,127504.73939035207,8060.7169458372555,1.2485360563815213,206.9775978756185,0,3.044945376494115,0,1,0.48009999170406903,0,0
0.0,0.16754958730972264,116653.652067398,30842.683123870687,1.4250413441875764,115.19435579290318,0,2.876746491660063,0,1,2.2294635933529414,0,0
0.0,0.4991795678139609,88828.10094191624,15968.731028561288,1.5622893397603814,0.0,0,5.019576014569724,0,1,1.9270470001346538,0,0
4.2196510304372055,0.0,91276.23529306107,22263.108684722953,1.4893231290355806,0.0,0,4.936827223620093,0,1,3.0684860957609064,0,0
0.0,0.3508278255323857,79506.6647172992,17981.79559362028,1.0899572852703359,245.25217457714965,0,3.7964348898605857,0,1,1.942965604786391,0,0
0.0,0.0,84052.50158683349,26598.092563218423,2.4206630546797254,799.7420757736411,0,4.073989685316141,0,1,0.9894691326149773,0,0
1.579945400247149,1.789466519996031,96017.04029549344,24634.468405106727,1.5105285609395898,0.0,0,4.044064951347843,0,1,2.7233772007277746,0,0
1.2198134955617215,0.2640961547810984,98450.25839357526,3856.785157646619,1.6037758964356132,327.7705259078928,0,5.0517681562745285,0,1,1.3352496376242589,0,0
0.0,0.0,48431.5830802058,23042.695787468023,2.2492012971971933,507.09719024396264,0,5.133844331838077,0,1,2.434336041810257,0,0
3.2329346860351134,0.0,66663.50549931113,15050.76438639492,1.4955712218157513,0.0,0,4.081456057443669,0,1,2.8814377015600203,0,0
5.028127340660065,0.0,128193.80273768843,13592.329149539675,1.992427860216667,0.0,0,3.959182294389988,0,1,2.1470366215627656,0,0
2.6490599363953073,0.0,117825.43670004666,12134.936265947494,1.9378713086946986,15.105834265161,0,4.21311753924018,0,1,2.0625362172910044,0,0
4.964056360741301,0.17374492858042584,50312.05680330525,11858.790770493411,1.132193696636497,87.10205367094125,0,3.0621775691735933,0,1,0.9500423226276251,0,0
0.3220423999958295,0.0,36816.27849253424,12908.779435365126,1.3474885192009765,193.81993251406348,0,3.8955929573890544,0,1,1.853884865857987,0,0
2.448084208014398,0.49760764421434706,177978.0310354363,15119.24608426698,2.0815100466557084,0.0,0,2.9699034631468058,0,1,1.9608494294211745,0,0
0.490674347179726,1.6544437924753064,134254.68997700396,35880.554476315054,1.6668361059190424,228.21192642593,0,4.932664262442694,0,1,1.422549747924859,0,0
1.3047706944752082,1.6437694514490255,60680.48428846032,8896.6774199171,0.0,0.0,0,4.197654026776684,0,1,1.4868251128161376,0,0
4.311080186823721,0.0,59628.01887550744,38316.94768378882,0.854078695449276,20.601547715659834,0,5.099820070050618,0,1,2.1654106249051286,0,0
1.4602074890109318,0.05499710079877663,71492.51995013484,18062.572624527646,0.9364173171838887,100.21672276910513,0,3.0284848190578915,0,1,0.0,0,0
1.1399335960334318,0.0,23180.413203270786,12233.190574126895,2.246236991177062,0.0,0,4.95875419374686,0,1,1.8483718879098483,0,0
1.0738740685836152,0.0,79561.42339929295,22442.47613897906,2.169145521285707,117.4477567595714,0,5.2082728560999865,0,1,1.7123297588026936,0,0
3.4101221588608572,0.0,81672.78138314407,0.0,1.3827457127081546,0.0,0,4.128910006444045,0,1,2.135616664323876,0,0
5.669015739454988,0.0,36612.410079348454,19177.6092951912,0.8577545631795888,0.0,0,4.953297143665234,0,1,1.2467339776414803,0,0
0.6799497401114787,0.0,25864.561181753776,28878.425151634317,1.092633020305767,104.45228913914801,0,3.010428790627812,0,1,1.1384823370460675,0,0
3.695170131420507,0.5492547553911407,80589.43071948737,16189.994334765379,0.9387370828653789,0.0,0,3.0567725826078394,0,1,0.33782078463284304,0,0
0.6899270680738985,0.46882528019218145,113780.5271487694,0.0,0.9550327404710003,157.94754784436998,0,4.918348882460411,0,1,0.0,0,0
4.511161743712557,1.8661954926594309,79931.37500717278,27740.428530136007,3.180692297583686,0.0,0,3.9204377235711916,0,1,1.49664671708643,0,0
5.26943525714621,2.1699063955862545,105524.97304296674,23393.31070020704,1.4239689811717837,116.12050627640343,0,3.211911748922132,0,1,0.9164712298593084,0,0
1.558863502646282,0.3713902823573429,52385.02695798464,34388.09359646061,3.8470850528140543,59.901276072509134,0,4.994135005377132,0,1,1.3705562166808511,0,0
4.729298617659714,0.0,133623.9269728711,45617.87533605021,2.5053924032251773,453.3515438171829,0,2.9661735904916866,0,1,1.1180362790120435,0,0
0.0,0.0,59898.308914444264,35324.58081970555,1.2338222444500624,437.73140495321854,0,4.086254603417303,0,1,2.66839841174422,0,0
2.5897065334108302,0.0,0.0,41237.33900563099,0.9068102939788059,230.1373053194447,0,2.8897947159999653,0,1,2.0616480472335907,0,0
2.2749639655078857,0.3931861898122615,40179.94864025611,2257.5735615855074,2.84328485710314,23.715374563631897,0,3.0016140036526715,0,1,1.721229670084968,0,0
2.9406265992294607,0.0,122055.53578571547,29217.28918783638,1.5636997767201555,29.41323195039465,0,4.1376642840270055,0,1,1.5896144512837256,0,0
2.5180826747384724,0.0,136673.56419862554,14878.680603058749,2.5420552467381503,0.0,0,2.837880785306325,0,1,1.0952785048516291,0,0
4.089233319246638,0.6864066906503009,111104.81513167257,28076.445063316824,1.496461201729013,0.0,0,3.931086891675807,0,1,2.263381788588945,0,0
1.5169447055602978,1.2593242914714016,100298.44856279597,11066.665050565562,2.004143547038933,341.83358499077684,0,4.975022267641617,0,1,0.5482175590664125,0,0
3.0934763754044514,0.0,45085.34048518927,36729.15667784677,1.2217203726882322,0.0,0,3.9206586665708687,0,1,0.9531752952347119,0,0
2.6398174794435945,0.03738843385362669,2554.3833657460946,29726.428367870863,1.6835498538155336,0.0,0,3.121247878836321,0,1,1.129939780121326,0,0
0.0,2.324807592240131,128073.86463577596,35586.76316276347,1.115691311967394,0.0,0,3.1299753900196263,0,1,2.588481294439261,0,0
0.0,1.4642066915417244,40984.39089764474,40429.933030686814,0.5517336920192842,57.84710268023687,0,3.0475268390095307,0,1,2.041023689848886,0,0
2.2337441759951435,0.0,90035.19288531698,14164.78650751284,2.695939610131799,0.0,0,2.9911038599574025,0,1,3.4119757788582783,0,0
0.4558119188033791,2.4124105816708776,111552.69639535334,35650.505446460076,0.5796811136789497,0.0,0,5.16650827387243,0,1,2.063892999438724,0,0
4.8748659257690905,1.2538675819227298,84380.30748499744,21462.48132296643,1.2336045577461805,0.0,0,3.9566379817647257,0,1,0.0,0,0
0.0,2.536102037768701,106126.7707698671,6978.160831877366,2.718484602474141,108.34711818450995,0,3.0141216908860335,0,1,0.6773521875117474,0,0
2.5353878342554665,0.0,122772.94531084516,15876.752325670841,2.510740962135687,41.30510329788325,0,3.0254935191855044,0,1,1.3405250962247623,0,0
5.281542054206215,0.0,91040.45751624326,24451.100993987697,1.2660884806279156,0.0,0,2.951760562506123,0,1,0.7518725107604448,0,0
0.7101513791518763,0.05650343408249683,94211.19113573135,32885.6017857324,0.2534341534237695,0.0,0,2.9794264622283873,0,1,0.18586701961245622,0,0
0.0,0.0,181265.74387460915,24909.191161822568,0.9888405780852878,272.24402350302705,0,3.8856616144045653,0,1,0.7839128816421856,0,0
0.8909612811994968,1.2524772189214677,125742.58685846736,34007.33002447216,2.42560688951374,0.0,0,4.119907745953216,0,1,0.4400791058440582,0,0
0.0,0.0,98175.56307066312,11255.816788468044,2.6909838194505635,304.091623376239,0,4.793146052458489,0,1,1.271629894370451,0,0
0.9602502198025626,0.6502219948532759,0.0,6331.778705884912,1.1401459280720225,2.120841897092433,0,3.00707585285068,0,1,2.3599240858790016,0,0
0.7164739604291085,3.2628276000619776,57394.566560158455,25642.43728796077,2.4175604548110856,0.0,0,4.924462751711401,0,1,1.4155302506693208,0,0
2.950734864701226,0.0,129737.6753175104,14852.06232218367,2.2033551233437083,0.0,0,4.983401864877349,0,1,2.5181196965427377,0,0
2.77374885055051,0.08510854203192667,166440.27247987426,28819.168669035233,0.07203441685002443,157.4032246606238,0,3.7908720557925526,0,1,0.5816527763697357,0,0
2.8222832999527885,0.0,18093.130389478152,30717.126734778,2.149389035251176,0.0,0,3.113358799820188,0,1,1.4874289976484238,0,0
0.5780070208805406,0.0,137980.02723831238,23828.033500002493,0.4938050114672826,0.0,0,2.9640300605431693,0,1,1.687917044531418,0,0
1.82210605166344,0.0,37158.077824643755,24319.112635599988,0.6031195144794652,0.0,0,5.061626410299573,0,1,0.32763135257305764,0,0
4.917065950416342,1.5749451287165082,92955.90058691251,38951.662771039984,1.7938038074730354,0.0,0,4.002003790091507,0,1,0.8066679944896377,0,0
1.6265551211698923,1.4121680939731898,65514.38672920048,29108.694075790612,0.0,0.0,0,3.9785288982788822,0,1,0.8564912310535897,0,0
4.007792404284478,0.0,125709.67112806905,31804.284509011286,1.8780597916876922,0.0,0,4.043046306170818,0,1,0.588296216682265,0,0
0.5549771266728256,0.2798569177820289,118888.17219068627,14839.691782003909,0.7785158844546778,78.87432729211025,0,3.8758080363022334,0,1,0.43760204398987557,0,0
2.0953376187188173,0.0,111037.3125194175,5321.453487054666,1.6088729957512233,0.0,0,4.000924027463142,0,1,2.6245089894912494,0,0
2.902048700196624,2.220298530702966,108437.04844509371,13693.418708198695,0.5078088100058853,66.88250944977473,0,4.851280751785656,0,1,0.34211525118857555,0,0
3.668434705072857,0.0,17053.112583869224,24558.095835529482,0.0,17.052280819448093,0,2.8924108381516236,0,1,2.569655836875932,0,0
1.740301088442449,0.0,131646.47382579316,26082.426497837238,0.0,222.00779087382494,0,4.94410119435189,0,1,0.43456031674265216,0,0
2.322570551764146,0.7130122719897454,61668.1597514527,18184.40697166684,1.2270026636897022,114.72975556612597,0,3.921840103509654,0,1,1.6395497585914962,0,0
5.033865843541227,1.2528184817692432,65697.82228056675,29561.73779183265,0.9956361461166299,114.24916129692156,0,4.019921099030033,0,1,2.141433527992035,0,0
0.0,1.998808685921247,73084.70077729673,10252.8556789496,2.241243349935965,0.0,0,2.855292378913933,0,1,0.5346446294701039,0,0
5.011091641486851,0.10313651420685392,136725.5993535756,25925.13269659535,2.3142791161468663,0.0,0,3.0660573923551455,0,1,2.6351244674501326,0,0
1.0803469247979063,0.0,134546.67680840363,33519.07315013237,0.0,0.0,0,5.229007277673114,0,1,0.0,0,0
3.9794127536110455,0.07379063587169646,23962.23237991592,45072.931644957374,1.3879411427531214,353.7507611709934,0,5.106564043804301,0,1,2.089972576802615,0,0
0.0,1.5489536579482188,99998.8672250538,2868.697605958815,2.140262827124421,412.7721047117896,0,4.045746945342133,0,1,1.4947583625288885,0,0
3.936509621027728,0.0,101255.66222333664,7101.216511049759,1.2410885312454374,179.19631947128897,0,2.940726530875888,0,1,1.5086718989942212,0,0
5.3884441995875445,0.05242084843890757,137261.52956877465,21705.92620970315,0.0,0.0,0,4.018904108219312,0,1,1.932104549464133,0,0
2.862873989612324,0.0,88246.88327140055,17257.657323298958,2.655988751555563,236.97408792622375,0,3.0588675796826195,0,1,1.3152630415309405,0,0
0.0,1.97281728684884,124158.46157692274,17780.483988510125,0.36995511732875264,0.0,0,5.117392933755805,0,1,2.6422282506902213,0,0
2.4818720094689475,0.0,0.0,27352.581477088686,0.384665313040485,0.0,0,3.178083962628277,0,1,1.9609045298218155,0,0
0.0,0.0,83731.18180082212,23628.920619613324,2.780726033809753,0.0,0,2.935884714209159,0,1,2.242714105321502,0,0
4.247868738795744,0.0,91214.18570335864,8671.318399482556,2.0077710850533634,319.15672677040385,0,2.8378204159037432,0,1,2.152928421178358,0,0
0.0,1.0388461633879367,124978.8792366128,0.0,1.2471357048727572,0.0,0,5.0504590473535655,0,1,0.1813853647895839,0,0
3.556531717172632,0.0,51084.46983416569,29558.808821291168,1.3843925966057915,34.29901778243962,0,2.9851718059443497,0,1,0.703104684687536,0,0
1.1428628716891795,0.0,121847.48547718761,4297.53890330461,0.8674030242699611,0.0,0,4.896672081825055,0,1,1.4956582473950633,0,0
3.1871810632633815,1.0686240164495264,42281.72718012684,29169.816771226862,2.181543327493859,0.0,0,4.93748821822392,0,1,1.0223293440918935,0,0
2.968837278138314,0.0,108703.39615744696,2616.7718146780103,3.399918665342865,0.0,0,4.892324367653604,0,1,2.1068873562759425,0,0
0.0,0.42888677202921555,126110.12954552937,8002.875413294469,1.8479636710361476,0.0,0,3.018830843302183,0,1,1.584131732555217,0,0
0.8132006824353804,0.0,75334.0820838397,16447.80220240837,1.2729922775637283,55.00912231174306,0,4.207552559753345,0,1,1.7510574529835166,0,0
1.3988321961704369,0.0,109249.39464785665,15267.92893130026,3.848267070083205,0.0,0,5.00873742618998,0,1,0.0,0,0
0.0,0.5051555773486399,50421.19984058006,22707.83352681524,2.1230510476043527,186.6107757179916,0,2.963932043017951,0,1,1.7340627701667601,0,0
5.402675008452923,1.0003254909390535,47945.38179585515,16002.562469383449,0.6807229650206512,0.0,0,5.11596421983088,0,1,0.5419624193938865,0,0
5.71613076798563,0.0,126198.2127247545,13624.020313357552,1.3570609188738216,37.95083526152467,0,4.032906423025201,0,1,2.268469152832215,0,0
1.6319633784256506,0.0,0.0,8040.513200767449,2.548194830004001,0.0,0,5.059842836430569,0,1,1.0685792883517828,0,0
2.8391303455352808,2.7225074682395474,118972.92802096202,21406.82733089361,3.5692633836227468,0.0,0,5.20484658037998,0,1,1.1253833100741313,0,0
3.5026335901824206,0.6587840844689808,107150.38125409739,22488.646802186424,1.3360883715811358,328.46232472762847,0,4.813073011827427,0,1,1.135294334761722,0,0
3.1020557377774605,0.0,80421.30877982832,42921.749848150546,4.231557487857804,0.0,0,3.85817815636056,0,1,2.694899049567581,0,0
2.931682820561384,3.4924016918871734,13124.72575111434,33899.24269675004,2.210383502530068,0.0,0,3.970117061302414,0,1,1.6198172617253535,0,0
2.008647554329427,0.0,43978.80293797587,21182.000552867587,1.7724720016741689,163.8543610495247,0,3.1425445665180547,0,1,0.9898489971185203,0,0
3.605502793709187,2.0653528957093705,50039.21975203978,13858.52749891612,2.452104686142313,40.88605682563699,0,2.9775976608184456,0,1,0.9414164500082143,0,0
0.0,1.1160836280780433,115174.27847624372,14304.53467633561,1.7360467982524213,0.0,0,5.084155130909396,0,1,1.6126661196245053,0,0
2.2263849490082954,0.5988777042051748,62063.983930603776,31412.05362480964,0.7564911696335832,0.0,0,2.8600346053646195,0,1,0.5501059737142397,0,0
3.1990520960494186,2.2132748317348954,61193.326826967925,24487.252201474323,0.5861738003818265,0.0,0,5.084722734397409,0,1,0.7133773104711243,0,0
1.1723377897216132,0.0,104718.50453212616,37137.65317209377,0.6032944076355781,0.0,0,3.0107435285659294,0,1,2.005159219882399,0,0
0.7632359274122279,1.013551454036711,70559.19814615551,26166.58711421321,0.7728925977501178,418.02517949499276,0,2.9223234021783506,0,1,0.9862922300221979,0,0
2.9026997081431207,0.0,55159.15309199334,5625.4457393021585,0.0,0.0,0,3.137954071117634,0,1,1.5404345859413247,0,0
3.7348966805341983,3.5340412953819924,106579.43570608128,18901.582207045205,0.4158235412612804,0.0,0,5.08897092051458,0,1,0.3202418861256189,0,0
3.133081970283993,0.0,28120.785722344062,6277.814259405724,1.1952841701898864,91.72940139561307,0,5.013355287920753,0,1,0.7870437165245038,0,0
8.441443490688147,0.5945776506542928,91885.39586797167,7844.039105662241,1.4731479902430835,0.0,0,2.984937806253745,0,1,2.7550007018336826,0,0
0.0,0.6089877781737802,78677.69556334034,19617.183752961177,2.5390098268697145,0.0,0,3.838544744571731,0,1,1.3893648154760423,0,0
2.9294255387285943,0.0,143107.33628845675,19750.26857975118,1.464152233236109,308.24023328238525,0,3.9565062493129255,0,1,1.8045849316434666,0,0
3.8690345323100175,0.0,58634.519035301215,17202.354960687404,1.5122834792084663,0.0,0,3.8516081017194708,0,1,2.3220380504945473,0,0
1.2406632959387325,0.0,69883.02845766449,17383.298510503744,2.313721624109856,0.0,0,4.005466052582847,0,1,1.0865098017038672,0,0
0.0,0.0,97090.8239777316,31177.172500120934,1.8430207201870181,0.0,0,4.0385514913727745,0,1,1.8828096643955772,0,0
30.57505872530139,2.1277627961838816,0.0,4284.650203975802,17.980975313634904,147.12539358395674,1,4.060847531226972,0,1,4.956129155110231,0,1
30.575178556735843,5.176051011873873,11151.80265294185,0.0,14.105216960734598,1348.569904964374,1,4.007218291176831,0,1,6.9674294310558595,0,1
24.16788689061477,2.253923155432192,9530.738397821313,7423.561281820063,8.531933376146274,231.01214049912156,0,3.167115516370536,0,1,6.368504615322792,0,1
40.79712040588771,8.049695816280655,0.0,3220.273191791176,10.276907178437856,0.0,0,2.8526645271733075,0,1,12.616647735084879,0,1
11.953332887116824,6.476134451375476,18804.000176538415,4593.688764188382,11.881655893470429,764.9621651518411,1,3.002238627105853,0,1,2.584359380222811,0,1
52.20487574139876,4.283000748297322,7879.25691552223,7394.420155366137,14.787865196394577,3740.691733714714,0,5.131438730870426,0,1,11.40803496128069,0,1
16.487148749793402,3.308272877382972,0.0,0.0,18.829618471916955,4583.160204649195,1,3.065895436093221,0,1,17.013909931152465,0,1
13.128482983146286,3.174071773205884,0.0,8169.857568697825,3.7479284943312314,1131.4870565138262,1,2.941311433439739,0,1,14.15395261776296,0,1
39.89864825212536,6.226923195888325,8200.910406466639,4112.2762789863555,9.399405858036651,2552.9704667191,0,5.076263653671074,0,1,17.666556430847148,0,1
35.6465447926359,10.305163919566807,0.0,10174.529376364291,10.66951259106992,3683.853775923354,0,3.949228418602938,0,1,6.709034925412603,0,1
42.411945962988916,2.4986105620626007,0.0,4327.620361112711,18.937763575128002,4175.891599258861,0,3.0072264533692596,0,1,8.649695727339623,0,1
15.103392855420228,8.893717887812997,10955.028443840285,6125.204867616616,9.258737462421786,5216.771197517467,0,4.069771938928845,0,1,11.491938901590792,0,1
2.0519443398045505,6.608554043576794,0.0,7295.041249417492,18.14199831951167,87.14591399355177,1,4.846840722524682,0,1,2.8556381845970527,0,1
8.10537918550088,8.39369921585085,0.0,6536.876598766015,3.955833318446629,2567.029359065195,0,3.10747411899243,0,1,16.337622842295577,0,1
37.98314178550472,5.25996791764125,0.0,7798.927613204851,6.304218218286434,4525.845405730533,0,3.0887264706174737,0,1,8.126380197786714,0,1
22.15553687614614,5.293107088694518,10043.802939028797,3856.1208148663222,16.92231910339724,2782.201219161562,0,3.8125428800923458,0,1,12.167565702369648,0,1
19.25860357945968,5.818419158902206,20951.27318688741,3008.73901339555,18.518921867622915,2557.8639050688957,0,2.6451169648570096,0,1,4.248752465232501,0,1
24.45201166284269,8.435185398322728,0.0,3963.7002004880724,4.6231722175708105,4751.3400611079305,1,3.7812099006810147,0,1,6.780787889287033,0,1
20.515885352302607,7.631704182679582,0.0,189.49133908210706,12.329522528873744,3667.6358398259595,0,4.0056256853938494,0,1,17.358645909389022,0,1
46.417196105438165,2.237541653610057,0.0,2194.428252046606,6.435671043201778,4791.75255474691,0,3.193074117676958,0,1,3.40549393207164,0,1
46.358286919311396,7.920067826663168,6076.681494873352,6268.199501320341,14.110659913453214,4748.101540191789,1,4.088997701462368,0,1,16.99487749764446,0,1
33.135064339221685,9.895995367660753,11464.160538698932,9701.14063038489,6.083592482268345,1300.683856801651,1,5.119937390964923,0,1,12.944902062619285,0,1
22.29106185553412,0.0,0.0,10334.934090825554,20.68139208438,1797.5792406239402,1,4.093121936119161,0,1,7.481323024980456,0,1
32.806654013564994,10.027076635335092,0.0,7420.505076581734,15.03272845572419,1748.143956282419,0,5.043544105662846,0,1,15.302002517940238,0,1
17.146177015504282,2.500536089237773,11353.338766978575,5723.3909722948265,13.959569154107115,630.60894414545,0,2.7708920105278163,0,1,11.079040280055994,0,1
44.56425322204393,8.800351571894284,27698.216893196157,8693.9560108096,12.30806980368625,289.0873324885463,0,3.1262511793380323,0,1,15.069710758900953,0,1
21.402623340840407,4.829351001863261,0.0,8061.96739500293,13.721366424891938,1140.7820835638263,0,4.94007784625204,0,1,5.24403651341532,0,1
32.16251704979644,6.61168668561636,8647.929439104431,251.98519677146305,6.715175185495299,3285.776653615979,1,2.884204316605672,0,1,15.627269541891135,0,1
7.193901174476824,5.222276786492898,10315.558786527487,2357.034933829063,8.905289908376577,4702.453450269788,0,2.9610972026103455,0,1,5.9660690881804435,0,1
49.27703425597651,4.562003417174499,24781.823920625444,10011.91672604781,14.23726618705825,1720.0986765167108,0,3.088546885363244,0,1,7.935204900060048,0,1
19.79597749754748,4.592018846369523,9743.55092906135,2037.4480319607142,3.4262662351313815,1012.4238607101192,1,4.00335417759217,0,1,5.633280352485954,0,1
31.601091338653017,2.7555881667254747,29067.403202415346,1776.679171933205,17.22648276876343,2417.0203207561517,0,4.015077551477428,0,1,9.455083344074307,0,1
33.90384950452957,4.790986658146597,0.0,2453.7198197298144,16.9472778200306,2740.5122457270973,0,3.9969539003194905,0,1,19.534484687489506,0,1
10.393005461051843,9.638005855047927,14525.935054266196,2900.7330932328377,8.649465713488945,571.656702951894,0,5.142375244787872,0,1,3.397110509951874,0,1
45.81923354020506,5.682860529088682,2949.0278532269112,4742.516679765362,3.826588540082415,4632.764768003747,0,3.818772211640102,0,1,3.0434615533216616,0,1
38.38567814101256,0.35627023229216115,6031.72801258355,7819.052930444532,15.817278689190097,3948.6671442584397,1,4.000206706705359,0,1,15.13031858403236,0,1
10.091955648986499,9.379726327363175,0.0,2252.5061571329534,8.54351800389339,5345.554711441355,1,5.066989299695367,0,1,11.076842695440451,0,1
19.190791473840513,6.004189965460881,17487.257992983177,6474.168033762289,18.987478882862895,3850.613239967652,0,4.023927547534996,0,1,19.14582907453858,0,1
19.136072205534948,7.2657866080449605,8211.642366071175,8853.87139354042,5.9247740457713505,4734.82924075055,1,4.146804291213075,0,1,3.6831330976037706,0,1
49.77079390883875,5.91050046098796,6211.960679850967,11200.260725619613,9.036748104558939,825.980465158696,0,4.021840095504669,0,1,7.254316231386881,0,1
49.19537957829525,7.47922113157266,0.0,6432.107205325889,16.49237444684401,5345.0353145865565,0,4.9625217300218045,0,1,19.45642057125714,0,1
43.562259596797865,4.488909654852271,18042.910833438644,7322.310108701658,9.826584433671306,4263.244938817754,0,3.93137390772915,0,1,7.771090452661973,0,1
34.50462587277707,0.4551084941134065,0.0,9169.429990048431,10.805041855451755,3667.9001546577724,0,2.831549583462215,0,1,17.41198251867195,0,1
13.709017401674505,9.074890744853104,0.0,6551.174510574112,14.263130979001591,1793.8492287330325,0,2.9325696182361973,0,1,14.728420470489278,0,1
20.38525202088949,7.596217373184549,0.0,5845.612919135413,17.92485288300076,2904.7987965884977,0,4.871616168212142,0,1,13.031724006153066,0,1
38.344958813431184,8.597025772236783,1520.42669190178,6879.28241543726,16.542506657532375,5306.730353590442,0,4.988126427969391,0,1,10.68512618838407,0,1
9.581139052989947,9.815507227414349,107.85149786107559,7940.800088502383,7.440993120014251,4253.531512099305,1,2.800577290706244,0,1,12.692319625066563,0,1
31.980906940197237,5.153100240939777,20858.778012563744,4709.982840070292,9.313913364940467,397.95844443743033,1,3.0087538993896983,0,1,4.440245117944648,0,1
16.89785790617748,2.112142909656144,0.0,5011.454250762661,15.002058548936136,4333.005450177448,0,4.956028320544927,0,1,18.590574960391805,0,1
26.849655720236704,6.78341572158295,0.0,657.3479553239665,10.601818066543418,0.0,0,4.125699110178012,0,1,2.796394942455892,0,1
16.253920728321845,3.4199456008157245,2060.735756299746,4129.339411830929,18.001386864333124,2265.405484498666,0,3.0598897516858443,0,1,9.786269747535444,0,1
15.980749495264135,8.431066630697163,0.0,12030.387216557001,13.877736414942058,5053.03984996939,0,3.1236710667332956,0,1,13.549919229834227,0,1
37.638590815948426,7.742515126676595,0.0,3188.543730754595,12.24309762868057,2264.611511500721,1,3.0062458189504087,0,1,12.296855474649918,0,1
11.205414760958691,0.0,16123.818044272708,0.0,19.242906301148,2672.0640087867146,0,4.097703195647709,0,1,8.695582641347652,0,1
18.01467776485673,1.2062212464239823,5676.500656466439,7384.187878845669,3.5118416147280906,1837.7243454861073,0,5.0056022533736115,0,1,3.9960110028679816,0,1
19.652677674061486,7.822916870065794,0.0,3194.3795574301366,2.2460478168746776,1189.7120363086294,0,2.910533800163708,0,1,6.95658965401265,0,1
17.427510703295795,1.7881662106800769,0.0,5788.17582140193,20.37106349395907,557.0651015516727,0,3.948215067745642,0,1,8.317885370770167,0,1
29.207229690874886,8.836656652556243,3789.0447767346814,576.2778829818749,13.88486053953377,1602.015145106935,1,5.05866203008244,0,1,11.499070272190789,0,1
19.219241855210758,5.528965236055754,0.0,2023.208823696952,10.641054928275114,2264.950868661633,0,5.05070823740235,0,1,16.196920165696117,0,1
42.738612533968066,5.77005615817146,3695.970262536965,10694.447014964175,18.509158110162186,1529.576857221996,1,3.02549333280432,0,1,6.287283165928064,0,1
12.422322931664226,5.4418809875488705,9291.451894628579,5153.662841569345,10.192702339353248,2735.8993444289613,0,5.008408387195811,0,1,6.200026744568308,0,1
35.65643850161093,4.363389330373813,11264.643090302414,3220.7303774709544,6.9674934436914775,3740.968268042157,0,3.0242418596927148,0,1,15.680217447303196,0,1
15.548047401566787,7.5426340207669105,23416.631693899733,5851.606898317722,6.582675641021769,3344.183819116973,0,2.9114738494697074,0,1,15.213368568273305,0,1
30.552169572397204,5.803097065809867,19946.30271885306,4353.8344262069095,8.338523225755363,1619.7204881100972,1,4.016056525966303,0,1,15.123503208175725,0,1
8.209400345384198,6.280490429145474,6073.498578041671,4110.548788177657,18.063843420208297,1775.3401986960025,0,2.966176069357708,0,1,16.973757966035695,0,1
13.108827875313063,11.291640314438446,11495.225895644522,892.8118214448277,5.1485747442362335,464.7413294889863,0,2.9821587078028715,0,1,14.109666585100955,0,1
14.734635714453397,3.4094298586621044,30668.087390606182,2306.5348502451775,16.366932443013727,1582.9333364100976,0,4.798820964932953,0,1,8.5512611946818,0,1
39.440985824027635,1.7588984417406082,0.0,2524.5085187465493,10.385477039130997,2813.2543039034354,0,5.041307993218736,0,1,7.833020246120138,0,1
5.800370492858539,6.70032645340527,10429.200724897826,6208.299559320384,18.806989231055685,3144.297993031268,0,4.857911686612248,0,1,9.76133747999483,0,1
11.732922214092852,7.1342536732871515,0.0,2179.8369199806893,10.63878448210078,1887.1385451283109,1,3.8616333744317344,0,1,9.691143306371227,0,1
23.216463976577487,4.4170088965428445,18999.735684002808,2670.919382856712,4.263341955019666,4954.800003646307,0,5.042193203410152,0,1,3.101720755255411,0,1
17.472867523174664,3.0750357257821443,17212.705603334107,9345.654007839847,13.991763810249486,2628.962054480401,0,3.8263604171232077,0,1,16.46937579079007,0,1
21.27921620247082,8.478204650779867,3994.063362080444,0.0,6.081077972549662,4282.035011149364,0,5.081382943565358,0,1,14.306997846695944,0,1
48.13493895062158,3.7136161456296284,22654.932646952937,10522.80340833356,18.31078551140249,4436.008019724442,1,2.9187676667008033,0,1,4.826212655553167,0,1
11.060572439798234,4.370554780312007,7442.091074076063,7795.872130265282,10.338370416503793,3473.611147314675,0,4.059452917521488,0,1,8.042627187527838,0,1
15.387893105871626,3.122933613571619,14272.419136516655,6153.682456755816,11.90820516835189,4511.253585489588,0,3.8594857863315517,0,1,11.313162926236506,0,1
30.217010837600153,1.8272744491390578,0.0,5917.368421133842,18.76833833547297,3248.492812308532,1,2.9455717601394196,0,1,12.715612794592923,0,1
40.7237178713487,2.863191787830909,29749.08229107875,6475.602248014543,14.98426253630375,2860.9801978932805,0,4.079594596488135,0,1,11.69667533830514,0,1
33.69910855082256,10.531493629500629,0.0,5043.741988553176,5.32094951474475,4689.561658949556,0,4.974651593179036,0,1,3.0815066145164094,0,1
22.504339589141342,7.179177499867929,0.0,6148.6237200173455,6.990207809527586,3596.136045763914,1,2.9021938519602393,0,1,8.438654129076046,0,1
31.354575763447357,2.9698377918478664,12892.928119219825,5312.238008374839,16.704107097645945,3125.1715687488636,0,3.0471524918409405,0,1,6.164142954849519,0,1
33.966109163946996,4.258355049004246,8811.020844385606,2826.566560486035,4.494941047076988,3481.62364521324,0,3.733706346842267,0,1,2.8773796532396716,0,1
22.66635537356374,10.041330982845261,0.0,9788.208860505272,6.201897139847856,2164.833495513309,0,3.118512608215622,0,1,13.317549545055078,0,1
30.877760980792974,8.35751603859498,0.0,4482.328490608059,13.935589710218494,1558.1884236352823,0,2.8823819390305325,0,1,11.410924385014592,0,1
35.40356460509616,7.228300041439167,0.0,9914.840412377154,7.044631034941815,945.475270335379,0,4.157334985002139,0,1,11.544671573091495,0,1
30.007921936644024,6.161111303076409,0.0,3066.7167625267375,4.556839768521093,3085.029913472079,0,5.075927202559352,0,1,6.534262136851016,0,1
40.428878289914664,2.42582745435787,10725.893443374302,7015.97894339163,15.679157672551153,5455.56653465149,1,3.9685330051181884,0,1,11.574765328039142,0,1
33.238199851772166,6.759442778120898,20875.850362200174,818.4046437561267,5.900254056051435,1553.525107105576,0,3.045145648540473,0,1,15.34891274646416,0,1
24.419782200870436,8.639806160642006,37656.42601937982,4741.465609236846,12.336281153703244,0.0,1,4.809261032387909,0,1,12.60353211130726,0,1
38.675537490199176,9.63063977506089,0.0,8074.308576997282,11.012279903440644,3044.5237525740395,0,3.9174496282766067,0,1,18.698994950233395,0,1
22.60770483701732,5.463279609153869,2305.8258874747753,11502.912737522089,15.735497313723183,3375.7871079402285,0,3.9480112778326775,0,1,4.531578048818865,0,1
19.83092279307171,2.92093644417145,5124.480627301138,13092.839490310742,13.672201715874921,689.9490984180377,0,3.0371280388641733,0,1,12.701110957949277,0,1
40.66415222520408,5.5572726706822255,4693.242907513517,6180.377394167785,13.02990367618029,641.2136127239223,1,4.995976457607647,0,1,9.68255454626002,0,1
15.786745360906147,2.255237416035347,3300.352593163252,6533.988431606948,7.96579012337301,1817.7951821985696,1,2.9683398375268824,0,1,5.874596428320721,0,1
32.1501244796513,11.504073798347257,1947.7375574117093,6700.417732456841,19.447872624180462,2763.6269306527256,0,2.9508501868766666,0,1,16.18605074738274,0,1
18.628874612053014,1.9332816040758982,24454.872991750963,9223.011879093572,18.761443274400484,1648.0811440285481,1,2.9798670528349986,0,1,18.458057439778635,0,1
45.32323842239694,5.606563524995606,7499.3960805065,6286.760381567296,18.58061842831268,863.687327642121,0,3.99698571129415,0,1,2.99288055511081,0,1
25.822618106101256,4.8596569001275265,0.0,9985.390830986662,7.3712806857332485,2550.384119140281,1,3.0748359021695184,0,1,15.790932714223043,0,1
14.857608580187115,7.690203290368955,0.0,13810.538652962636,7.779344301472026,1087.5466595105108,1,3.0396298257641483,0,1,12.947065967725406,0,1
21.386775835718982,2.638611223701218,20704.34140361085,9756.083078977053,17.14638130406602,771.440996527719,0,5.045993973825445,0,1,12.676242294062392,0,1
26.25894839084505,3.0107643482896855,8991.80878201274,9864.5965249113,5.672220705146374,3554.0167327992085,0,4.160097991912356,0,1,9.684274691044067,0,1
33.10161745606389,4.519827278775616,0.0,9147.580073149062,8.325330098291031,3319.0569576774515,0,3.0506543773426222,0,1,5.39740924687256,0,1
11.763869961865757,6.3150921695176905,7219.329945119256,7211.249070191194,19.51554342885304,924.6344368266818,1,4.011841149131539,0,1,6.182565789233119,0,1
23.061967977566937,3.654549621264495,15118.165760336808,2263.1797181439742,9.388378930628233,1868.9582400866893,0,3.0768882862384013,0,1,11.401873954913638,0,1
30.34149285868947,8.357108085518002,18494.44185992666,4300.400306492295,5.299638523161952,2105.1028011139665,1,3.9826800654689767,0,1,9.796718922974176,0,1
12.657182895368852,2.25224391886973,0.0,11251.352571670148,11.692705582868609,3659.332840588799,0,4.000407105053082,0,1,12.227077263346706,0,1
48.52974704707911,3.786877114175277,19994.81055950839,5130.9649105366625,4.3989864027821515,3537.2058705483546,0,4.138623284516623,0,1,6.824365891747866,0,1
29.168219222813065,7.047196585542638,2445.646058005488,6922.0118588245805,10.447020994970519,3677.85730287138,0,3.0183996219160703,0,1,14.106710413895069,0,1
11.982101706871966,1.131817287791272,0.0,2164.5897630059835,13.576129420450577,445.3917167453899,1,4.072817109978264,0,1,17.26793510573907,0,1
4.581461859582638,6.35968641957982,13506.953056177048,9575.114703689716,5.479424848583028,3165.3767190243307,0,3.130905895542424,0,1,4.8704934486659495,0,1
38.30169249056572,4.022994030215842,25704.655645895706,0.0,9.325537597566331,364.31774139727054,0,4.18839176588339,0,1,10.63145232925984,0,1
43.0992434865749,7.023019699887706,19748.664816778983,2882.6955705571936,9.150150316649707,3395.9037432102828,0,2.813296110030872,0,1,14.73742642348144,0,1
45.17031637871479,2.0050911697471476,22899.92529764615,5097.183107134157,4.3060224081047505,1557.0181235760144,0,3.825776095263984,0,1,3.0237934272993323,0,1
21.403721915995902,7.247396039256454,7464.709389798401,7746.219119647226,3.0882136808721277,2205.474260775356,1,4.882093385924977,0,1,18.511082041969242,0,1
30.19635724526537,8.472218599917381,0.0,10142.46775066836,16.110811563356116,855.164626154659,0,2.8185998042860434,0,1,18.191888637820654,0,1
43.97042345516803,12.505875533217948,10197.825091036442,6943.773156311618,14.512206454524993,1940.5800938302386,1,5.362507744040028,0,1,8.66111234820447,0,1
12.002865547542477,5.025564786834261,347.7946571417315,0.0,16.84506759773027,3263.7130385431683,0,5.119409668410142,0,1,4.410962299354968,0,1
19.88906144757109,6.203895557909565,12953.294356852008,1408.3682201116055,6.994598745788425,2128.1748619422947,0,2.943573298282288,0,1,18.664809222157192,0,1
45.89267214690266,4.729100126132501,1488.9300575169996,7739.420768128739,4.160859240311524,4786.86640867509,0,5.013229198185998,0,1,13.102964463692949,0,1
3.0672681425435275,11.236725656587979,21224.14698974968,1908.9057070923395,13.586447699723243,3894.2483971147826,0,3.9150266069581363,0,1,17.46440597630165,0,1
46.33204140075966,7.3498802263482785,0.0,8616.553127813273,7.411204184759447,916.729243660136,0,4.8721290257292456,0,1,18.621314707912095,0,1
19.688527658103588,10.111681744126674,0.0,3362.4268710130737,10.862660109459018,1156.3182669405091,0,3.766731686363897,0,1,6.898002659301085,0,1
39.52937352447483,0.0,4749.081786894898,4806.512270519369,5.441204623685816,749.695827651188,0,3.8121085515307245,0,1,11.179939791233169,0,1
48.04508872292926,6.058637826180151,3186.227353124151,11182.94223910659,14.580142820323756,2387.4100410182177,1,4.081918246909094,0,1,15.06121956126319,0,1
26.30364107489268,7.126789607386764,0.0,3292.505193212368,14.514445785881271,2651.6561909315237,0,3.940450847998343,0,1,3.4244929806731834,0,1
36.03761590309646,2.4232654567119187,0.0,6268.074505881744,10.018790788030705,1607.0034071097841,0,3.902315249931366,0,1,16.033740593616823,0,1
11.163559313387072,6.802179741507844,2043.8279964244666,8978.569286287857,4.925347740071693,2916.8229248883567,0,4.193267871540121,0,1,4.49991482593083,0,1
39.676341348426504,2.8725010452749986,5602.871136552597,1412.1769767339028,7.5590062529845845,4779.047213321222,0,5.041369231208101,0,1,2.5475249694737134,0,1
28.532529983071512,5.5738672274273515,8257.21367246461,0.0,8.844323762317027,2810.937920936801,0,4.129234071460619,0,1,16.52114364509535,0,1
30.316968573103647,6.231883967569716,0.0,2569.6293237697746,3.7056115105778233,602.7793957157609,0,3.9280417529920566,0,1,3.149095714244883,0,1
46.884325817632785,6.942719623968162,7925.09027770985,7577.179701739935,14.317749478346292,816.8560617933323,1,4.11594245410823,0,1,16.42707768852704,0,1
18.754128266132923,0.24265654764351074,0.0,7653.69810781119,8.37865703616512,1537.0044820886444,0,4.060129695990695,0,1,1.9376460208039985,0,1
20.43093110203304,9.717298563456003,19763.456740763566,5120.380077633845,8.248932057952189,2926.630362785124,0,2.853164116483404,0,1,13.002806772560241,0,1
40.07694223692108,0.0,10656.18495591123,8113.382965156756,14.828713603537635,4407.877059803531,0,3.0000115025278795,0,1,8.695768038687937,0,1
12.350344386710383,7.675249264666804,0.0,8209.652098419672,5.360789176418851,426.40697823698764,1,3.7952930302973744,0,1,10.491837794219029,0,1
11.582814700486129,8.154256422933036,6754.210109574578,3212.8774088953564,10.423658926077682,2391.5788320357374,1,3.973552865671095,0,1,10.850787421476282,0,1
30.215630904959152,2.3181731514552957,0.0,3462.934640939714,3.6690962758341765,4585.922139573405,1,4.918577693253485,0,1,16.104237487774704,0,1
14.18190332140288,0.0,6505.850667756285,0.0,15.901072577992808,3964.173731850244,0,3.043520919583009,0,1,14.210150142895026,0,1
24.59675304275631,7.509133865046306,15110.090375478245,2939.9826826788685,14.769641041359218,386.4639519511852,0,3.9615400428052734,0,1,6.723034659320121,0,1
15.353358044175797,6.212917113291785,19585.46968375024,2797.2138457417987,14.630934058339673,4667.936886089995,0,4.129962665968301,0,1,9.184119387369408,0,1
37.062468351587476,3.488620548151591,11586.193581348554,0.0,16.859753222530212,4415.285279083893,0,4.973145926920293,0,1,17.867668372891124,0,1
7.7167848968015536,9.351096911776562,206.5689024906078,9300.186791494736,14.680670420419032,3858.376181832443,0,5.018431242797597,0,1,13.756382880422597,0,1
23.00964668889806,7.2106507794031325,0.0,1766.4804100776228,6.692473044742929,1077.9202316523388,1,5.042260611177957,0,1,8.983163789801518,0,1
28.20715422359801,3.1918168371528193,0.0,4580.792437748029,13.12558137435417,295.42800875778073,0,4.963076903779031,0,1,18.2223331027694,0,1
41.935903423525566,0.08922547479799503,4549.082868003105,4133.233988241663,20.427533257741658,4890.626319821318,0,3.1306193793969035,0,1,8.038926657484055,0,1
41.70548306477678,9.999882322805497,0.0,4959.71216830826,18.763166561292138,1010.7334753829161,1,5.0924125791604045,0,1,17.714752396830182,0,1
3.5716154905680377,3.097560655029998,4979.973187350712,6327.116811917788,9.388848881918683,1796.6973996308354,0,5.0387347984200765,0,1,11.041478447798028,0,1
13.614943499284866,0.7785961127338636,2766.4902309662957,2385.9792053209053,4.782984562931849,2051.6999111936225,1,3.9466950801130025,0,1,12.546587999402854,0,1
11.417507587825396,7.83010190126911,18339.3794911755,8527.677570432701,13.24082319314566,2478.501342789508,0,4.879333914280813,0,1,8.132203346021518,0,1
24.29696963707224,8.316754148331462,14308.175215953039,4646.47985336345,15.722773047434886,1883.1684050055082,0,5.001616186797036,0,1,8.808196316341075,0,1
24.871759635585647,2.715974409857728,0.0,1134.904656567057,9.503140023052692,5069.361171827386,1,4.987020546265301,0,1,19.26128473201318,0,1
18.551156433062836,4.3428833932301325,5410.640137137005,4693.732183257951,4.904343802973891,2779.7848152039846,1,4.910858176740429,0,1,14.313819147839183,0,1
34.74520191511738,3.3575420275536842,9414.976063272652,0.0,12.875874527775636,2327.4411288940823,0,3.968991043405116,0,1,2.703716703500879,0,1
35.20056526685418,3.846125438248875,0.0,340.2747749265807,15.164147293110883,2095.26622490719,1,3.8731173822201845,0,1,4.940673816682405,0,1
26.156611163726154,0.2739953298013913,32737.0811202118,9672.422302547975,12.419973146375598,4909.636535758615,1,5.168989166687999,0,1,13.429351363370287,0,1
30.682380012296537,8.153320997229383,1641.5909052979255,9866.72297672239,17.576800575708134,3376.540221686288,1,5.103115454528153,0,1,14.494295926474049,0,1
15.578071805646834,4.294703328523846,0.0,10886.303584436784,4.935963519306203,2623.891259150666,0,3.86657442265945,0,1,9.120926300735151,0,1
25.399526060946204,4.804920933243158,462.4149468339423,10345.323979652705,15.877321596908011,4427.045305029446,1,4.026904107339488,0,1,8.033112308592141,0,1
26.601022282874567,4.729676590802191,0.0,8076.806254730009,2.6870356773063575,5084.597821002258,0,3.7906253282008695,0,1,3.115174607851708,0,1
40.94777091568968,5.057045885103054,0.0,6788.276659067589,15.627845544733118,3282.4313718952244,1,3.9667178783779886,0,1,18.517403948332074,0,1
30.820645840555343,10.315207001766462,12691.93275757382,2644.9072297254347,7.557023003822213,2140.5817302886417,0,4.977804755443946,0,1,8.68710483552653,0,1
14.306906268993153,4.24166987804286,4416.1994691491245,4542.603919958143,10.793860511638345,4012.0939304292856,0,3.9189708861714685,0,1,15.340272754174483,0,1
30.892585302992636,5.478211462841411,10652.54505164759,7495.158494380756,9.119727281684764,4181.69979468429,1,2.911388074275311,0,1,6.878295841750559,0,1
46.80284520120484,6.060693841221237,0.0,6669.632044916843,10.517864840919817,2341.1461178473214,1,4.0242340527087,0,1,13.897909932210785,0,1
11.359894992170222,0.6537346421484562,13976.294635756189,814.6029627595747,7.338136206678282,3768.7841542457227,0,4.950144463497867,0,1,4.366336482896254,0,1
24.78614430585465,7.532283686290595,2048.74020032181,7888.599106331359,19.504617548468175,2277.7717613614545,0,5.062823415999295,0,1,13.342120750255175,0,1
7.3503143236489255,8.105641931872858,0.0,8136.943831268086,14.454545682801626,2568.3120810509,0,4.13962054889138,0,1,14.13883888029209,0,1
28.365375120423273,2.1063538496760272,0.0,2952.127433743994,20.44490724849151,678.8813284703523,1,4.035938620784591,0,1,15.089445684908094,0,1
36.11725637446973,9.64436957238275,28634.372263574525,3596.808009858368,11.566454608325142,3432.7138364007665,0,3.1419821127911587,0,1,4.328949192659909,0,1
31.5606243649253,1.4448194797074128,2080.2086210066936,3721.996318295685,14.277185019948229,1425.6097705788707,1,3.9207310058610014,0,1,8.14731965319218,0,1
14.597737244642234,8.933106964688962,26519.084079417975,4853.495505869617,5.530414107087543,5221.457623473076,1,4.999577641802894,0,1,4.819543299196018,0,1
46.001410760298796,8.036899450618046,0.0,4786.266444396191,6.610362628583657,1499.2540991050291,0,4.115667451110053,0,1,6.518962090672829,0,1
37.03037276814591,2.5308863537298563,612.2010910314593,2848.6221398920115,11.312276185870527,4830.621486262577,1,4.977704243281368,0,1,9.845845742088835,0,1
31.835025427029844,2.9886638707221937,2119.3779863623085,1602.7877099771308,15.711882720298679,1010.4191346418628,0,3.0298305866336905,0,1,15.790298042548923,0,1
7.570445458048002,5.451658141382422,11768.57095632896,4855.653769347688,4.029983437663943,2135.465170331277,1,3.893443270594043,0,1,14.349866528974022,0,1
38.69459635394432,9.594703982569039,4018.89659734984,9087.640534553002,15.164870303700766,3629.6719532453903,1,5.17549764088777,0,1,13.945179038587709,0,1
26.736362487091053,4.898355472450319,5771.639559562074,3633.230150072849,7.878914008885272,172.93561474557833,0,2.9206340964136914,0,1,16.461532645653907,0,1
33.56785451767156,0.0,14400.867140735334,9004.015069631343,14.573064895148898,1611.6220505872052,0,4.019932728169256,0,1,11.36529706667795,0,1
35.21458833594514,0.0,15575.705614488805,7560.554162554033,9.781643470634974,3684.867441347616,0,3.9270195398775867,0,1,10.366288893189047,0,1
40.51420451205548,7.511881959071013,0.0,6226.956064471826,15.502119572703323,3830.5655682887946,0,4.87067956437483,0,1,19.050267681723334,0,1
10.35870021681207,3.5210557342787507,17738.33970908359,3144.9088227225993,10.86003406497758,4943.382100098804,1,3.044114268907691,0,1,9.489510262226096,0,1
41.249869965789905,6.064275764260786,0.0,4353.703513065385,18.70799650428987,1732.144467349588,0,5.18210315113531,0,1,18.137213716767608,0,1
10.084268254582966,2.820794280313152,20107.723225324964,3944.2486604113374,20.364864890821853,1991.6474635448637,0,3.919125335716283,0,1,11.964037685759278,0,1
19.65327099043566,13.055847366648926,11061.783820561184,1833.5226646258661,6.076283321939578,1647.8878456994498,0,2.889478781672545,0,1,16.270651934811674,0,1
31.203323793221646,7.952004875331582,12537.821814896022,1852.0806589986285,18.60452981402161,1679.5780579636387,0,2.938299621747341,0,1,11.122995469066328,0,1
9.595416026209259,5.12605293678743,0.0,2046.8151240356424,3.2657272346896407,0.0,0,4.962156538337949,0,1,3.807422779795762,0,1
31.69366450836278,5.555836733196288,0.0,3146.755324392407,7.987903783179201,4419.635804129453,1,5.042285307948059,0,1,7.978892551291217,0,1
37.07868348175973,6.80809368363205,4979.316112311846,3176.2614007787824,16.91422502114225,1383.602714736614,0,2.7990996811943316,0,1,7.715525282771974,0,1
14.96825221098274,7.883671023413651,7983.955340264669,4113.956434422303,3.593907093672794,653.8090126136943,0,4.117922500876232,0,1,4.292885098979409,0,1
36.37134908572685,8.941495501563889,9531.989464179593,6193.921310500185,19.112317192861656,4656.844776048923,0,3.1446868936124517,0,1,19.64896237339039,0,1
34.90126845199847,8.84184476280582,0.0,5626.25721796432,14.649752690985194,4696.807418168203,1,3.039221787426107,0,1,18.024917650899905,0,1
32.22726777800828,4.139930285612581,0.0,2145.790806921236,11.884336446874213,3314.9317850665566,1,2.8844745643276766,0,1,5.109204782527895,0,1
17.307903020171523,4.924011275046329,2610.0023885690835,4805.255711786571,9.295933817843707,2021.9699053414192,1,5.113779819041739,0,1,4.2991276624975345,0,1
40.86199270923113,5.714619706926987,15839.535157202074,5750.037924964107,18.80922096455747,4561.560961637059,0,4.949913004951025,0,1,11.154341266593208,0,1
43.81054568779716,7.5484069700612695,0.0,8334.770907247275,4.133306449206958,3219.348086840504,1,4.017968007892382,0,1,14.065789832827626,0,1
25.033944594269382,0.0,3617.083127482767,12196.158468949163,11.475701840775265,1055.8282843297081,0,2.994812514555924,0,1,16.46318955511396,0,1
17.84228595346037,2.6176903162392913,0.0,4098.595907121277,10.000651803796574,3441.1571164403035,1,2.873879743711842,0,1,13.808955190902044,0,1
17.774291900617023,1.0149496931611377,14387.864850996179,5530.038109824315,5.493258302321376,824.454758192981,0,4.203902085004879,0,1,4.695519947484968,0,1
37.65207547422216,3.421276704088136,19222.166707749428,3231.9777190439754,10.487469222229073,467.71584141065733,0,4.862019655377742,0,1,15.424082190820018,0,1
31.158871637472146,6.291447747944607,0.0,4752.300028310193,3.5555788151219194,3018.889649895113,0,4.001325200865004,0,1,16.68833052820713,0,1
3.5629610118083916,2.22526635647542,45261.93094088175,3814.1677455483887,2.4056118007550777,0.0,0,3.015470997728405,0,1,3.781664787787729,0,1
5.715107906277342,0.7999484273900488,44242.13320027108,9327.562381870346,4.696118615620584,265.55121469579393,0,5.006018371316024,0,1,1.740336881931126,0,1
7.521797561085219,0.0,19421.994754676758,10563.488471647717,3.331866192648898,177.5404215370922,0,4.0256113632463215,0,1,2.055622814624927,0,1
2.9905828917380273,3.0127481532040736,23792.44180599854,12456.630657814634,4.197495812594529,481.9885049250471,0,3.0007781077155378,0,1,2.533471762758513,0,1
9.947723898231002,3.2550833071816623,0.0,15593.828372410455,5.694154834731383,0.0,0,5.041059521781868,0,1,1.412437888521954,0,1
4.688217886076473,1.3334012245460405,15962.949881729022,4149.895031077674,5.314745908161075,0.0,0,3.895762282090502,0,1,3.845650764653076,0,1
13.738426530748528,0.3416545053778395,61225.90350005136,8452.53086714532,4.999907419215607,0.0,0,2.876497665724036,0,1,2.3827005261575,0,1
5.367172910748179,1.22382964355764,17384.71974603892,18535.81832629053,4.075200930359754,0.0,0,3.1167046498535615,0,1,3.4291073037295123,0,1
7.403906277321493,2.06321504597018,3179.3497069145383,10185.265521334328,4.8628370201015665,7.690494882799641,0,5.049830093770653,0,1,3.547867837362123,0,1
3.9598542185523393,0.45348351197738423,62731.116018151915,9738.31202332003,2.3836181896232196,483.5458905965369,0,4.9833961257261095,0,1,2.7815680236757863,0,1
10.610270798257329,1.7895762587952306,4109.966141792713,9286.374569854694,5.305128633230229,138.58218546129132,0,4.137815900274508,0,1,4.670725592343087,0,1
3.1456895757471504,0.10644884871257987,25040.839444648966,4796.477615221951,3.1867016090481135,114.54375256960314,0,4.054797844547512,0,1,4.779244232067811,0,1
8.11449449648413,1.366809842718994,32120.395360962844,12250.886497528385,6.67440669518305,0.0,0,5.07650806607838,0,1,1.334218077614537,0,1
6.23314542996023,4.512857395943321,0.0,5449.82518461362,2.2763850633400113,0.0,0,4.155787847842398,0,1,4.665608959723754,0,1
8.234515526089417,1.0709902986802093,56250.210866845795,10943.418269272248,5.894931933441302,63.0460398879851,0,5.014146793648533,0,1,2.6379144510297103,0,1
0.7563851088134976,2.0884375971175473,41691.64178419553,18601.646741911172,1.526621288532851,0.0,0,3.9606851952554187,0,1,3.8976776306390715,0,1
0.5236151795670461,1.8650121203665802,25489.56473307969,18260.980471797207,2.0075908318625815,78.29735944951577,0,2.955968066692205,0,1,6.258026463735698,0,1
5.9119766299188825,1.0590233089809022,15232.469927232687,7631.666487745668,1.4431980813268035,142.53011419480066,0,3.7795499207054375,0,1,5.380883021702403,0,1
7.933662016337159,0.7137670340052157,19109.672207539505,5995.550942714797,5.064924461543818,306.26480973430665,0,3.8910524058041878,0,1,1.5327248967261833,0,1
2.4872287428484756,1.0141559349811389,40174.76938849053,15933.679698379818,1.5542991735921405,280.9999309444279,0,3.078973922102787,0,1,2.2576559511761003,0,1
6.825800416981947,2.1055562643629844,40976.84149716068,7771.242782598652,3.4858879949579373,140.80806777439182,0,2.9142088193189086,0,1,3.304145821163473,0,1
3.4255653537650383,2.003260653318699,40774.97305183649,7639.1903998895,3.1561626662015345,400.839189371112,0,4.9567804246940765,0,1,4.724779392185835,0,1
1.084533694207272,3.028877481078898,25829.67373572186,13937.62466389537,1.7071337360358596,104.34911133186789,0,3.0753015980521488,0,1,4.7596657996926455,0,1
4.802285453410646,0.6957224199931831,15599.153423859443,15532.050105968443,1.8774319221174904,0.0,0,4.014135377248472,0,1,1.4475046114633892,0,1
6.386115687346363,0.0,0.0,8582.515568456576,2.8516144643221333,0.0,0,4.019864281241533,0,1,5.698406542424634,0,1
4.058486627911538,0.24327275905007917,0.0,7733.318969154392,5.579452119929202,448.6432376499062,0,4.1415380451615365,0,1,1.9984648046677358,0,1
9.708200472278527,1.8091787507697945,33651.58939849044,4387.248887226128,2.3067890870380516,0.0,0,4.0780777758126,0,1,3.8489996362659613,0,1
7.9211083689086115,1.6579517509912383,55705.950042889475,3877.2648834927104,3.202875827868064,298.0031927380023,0,2.782101038011841,0,1,4.129312630032123,0,1
6.649595963811712,1.9228194998548365,3221.4384301556465,12935.356244809358,2.1773558110333973,482.58689138421727,0,3.1688393486354767,0,1,4.2574253923833565,0,1
11.980381739015513,2.9420401113548618,24759.815363105463,3284.842969652341,1.0968758230971123,0.0,0,2.967049287197916,0,1,3.6574478408537363,0,1
8.551111267542243,2.4379013070896676,39003.41617355596,10768.525858808904,3.319367007017384,0.0,0,3.066636702820409,0,1,3.6420416774478674,0,1
3.0801844370667952,1.7419020101479799,0.0,14832.643820385603,5.203869737837522,311.0594269353366,0,3.020947171790646,0,1,2.788387927493724,0,1
9.070945580418785,0.0,22156.11667327207,10695.17229154682,1.1120391922076251,168.441102262518,0,2.914083247701411,0,1,4.964077963463567,0,1
6.63497240154571,0.0,23243.003809256432,8014.944536461108,3.0394685554833654,0.0,0,5.044491811043615,0,1,5.330086152359597,0,1
7.24209180433613,1.2810725332583879,35756.70764950507,13044.736053626684,3.1550085310943974,139.0662278882113,0,3.9371326089612935,0,1,5.262354431321288,0,1
5.626420954832241,1.5818542726377438,36932.538753980036,11308.349586923932,3.5873047129345697,246.3876230463272,0,3.960872299151793,0,1,5.443804972635836,0,1
10.01226646842176,1.4787987317406808,45502.79863301289,17898.698587071394,5.19459456329958,291.5652986199034,0,4.075928980887779,0,1,6.907127406039448,0,1
8.75068428273093,0.0,23752.51085540893,11275.96808608295,5.093993085789163,481.24447964042673,0,2.9217228959242147,0,1,3.4447707786330724,0,1
2.587767207321038,0.0,0.0,5895.785157535489,1.204077006675004,0.0,0,4.7937197131788,0,1,1.1737578545335476,0,1
8.054079210213951,0.8377648246221282,55885.36455569253,18567.721517754926,7.2312225620943185,364.26246725688367,0,3.910245528909433,0,1,5.090510729045749,0,1
6.1427496472955045,5.521187979382875,39498.60100412027,6889.776488454566,4.138159038710409,594.0862212390997,0,5.132398554794686,0,1,5.677330969852846,0,1
9.903413422020705,1.5987731367482207,58939.46355463113,7088.400568021107,3.8708354583230817,186.30833849895177,0,4.100189347227854,0,1,5.282530422857192,0,1
6.140132839529048,1.5735066617322837,45693.378636433794,3509.576474591143,3.2854572913403555,472.07595147417186,0,3.052310491484452,0,1,3.848812881102458,0,1
8.094751425142928,0.0,9215.34948674227,4825.015000978844,2.227621838963327,0.0,0,3.0394530338186354,0,1,3.8595070169432986,0,1
10.638020436131145,1.918562904114273,0.0,9211.053922611465,4.4410656461986395,86.2963455872665,0,5.209200542642376,0,1,6.043927573661536,0,1
6.657725008053796,1.4228550735926517,18238.711767890734,16059.29613855558,4.018265147533363,172.86345394382613,0,3.13263128836098,0,1,3.6395689707883885,0,1
5.878871536082167,2.4202642671447703,22150.376682092956,1810.9482380761158,4.438321851013279,81.25834615268313,0,3.9198617733311334,0,1,3.2016295149630873,0,1
4.197457569343439,0.0,48720.959144993445,13907.626357321897,4.108273315729106,0.0,0,4.048190167251431,0,1,2.009858832173005,0,1
4.003500368242854,1.2800741694242639,3974.3655362738164,670.7495242993755,5.6417130844000685,0.0,0,5.065516549776893,0,1,2.813272071646129,0,1
3.3119677002834855,0.44129518511064314,12513.395580667266,5373.203730620788,5.932141315866108,320.87913010220626,0,3.9256491960524484,0,1,4.9791364651236405,0,1
6.711826219223003,2.7115893645211275,26117.31044569611,6652.7028583554575,6.214508880283343,273.9758275962437,0,5.0426071585254215,0,1,3.753321157532497,0,1
5.415638671798542,2.0509368430002084,16410.162233495437,871.1724893353896,4.96707939983657,0.0,0,3.91747608058527,0,1,2.6223714274169527,0,1
7.58951884930757,0.0,20857.129496160098,3752.4268215695024,3.6920854308179405,213.0532108797899,0,4.993107763009397,0,1,2.1313009987881193,0,1
7.328861172575015,1.9759632732631782,11533.850587526069,7374.651373470873,0.7398225376214325,128.347755172068,0,2.980162105038566,0,1,5.445566722376856,0,1
5.177557953590846,3.055909666766988,5738.459609196063,15165.218316561468,0.28485854193741655,0.0,0,5.13220067193796,0,1,3.937470011968716,0,1
6.250116780340337,1.5452124177959417,6812.333252182219,4251.704211638276,3.9293137400439635,128.94867374242585,0,5.103760849493828,0,1,4.108677983856798,0,1
9.62935829882069,0.66836292182278,22258.550903333482,18960.40229921642,2.910886615065908,0.0,0,4.903828582341396,0,1,5.5177561630784435,0,1
6.880007681164233,0.7057890019693108,0.0,7325.122704002502,2.0879551378122727,0.0,0,3.214051604941193,0,1,4.818665422613747,0,1
8.124387847930992,0.466265276736566,0.0,7575.021782653638,5.3036196998947025,0.0,0,4.068914218374698,0,1,2.819129669030986,0,1
7.985644595635827,2.9037858314971237,10500.271566067911,16802.842953436102,2.2571612822771345,311.9252812106752,0,3.850777045546081,0,1,3.612513631072738,0,1
5.963210314162126,1.6328373154880333,0.0,14522.382444916382,1.674939822416457,0.0,0,4.899983288236393,0,1,2.973738434871729,0,1
9.380519461984736,0.0,18262.97119686305,14785.679051468807,3.850577968875406,0.0,0,2.8641683496774037,0,1,3.3564150434682487,0,1
5.068660194474949,1.6148003581226358,56081.22474078503,11198.141976448229,5.321878719141361,0.0,0,3.949868768036307,0,1,2.8461578605997793,0,1
4.7106736073767905,4.005151533613335,31508.470284794334,19725.27813333069,1.661972891074507,262.65150248661587,0,5.18235468985874,0,1,3.775645676631095,0,1
8.019062075208058,3.339835839485988,45293.50818960312,19984.916412401206,2.4868030977142865,225.17560636811544,0,4.9945185769126255,0,1,5.404922477918211,0,1
3.1885295024992515,0.4879822292623387,55303.03874559477,8056.142285646646,2.088667807677907,0.0,0,3.0300728885083887,0,1,4.382575611527326,0,1
4.4482179298268,0.0,12038.603727582802,19379.000638528512,5.7891093194666166,169.05221075307594,0,4.205652599895768,0,1,2.0050738906650123,0,1
9.971310167968838,0.6035826805362758,31305.691317661418,17574.36046043158,4.354093527396187,0.0,0,4.905138562200169,0,1,2.077261931394772,0,1
11.583024307407413,0.33969647813373377,23025.29873437638,19887.469172945574,2.7616847534688156,0.0,0,3.035847056841446,0,1,1.2491692736696494,0,1
3.2534196193999723,0.3862706303691613,40809.82780553959,17167.708768815814,4.838085801707332,377.4597764100984,0,5.114726214095746,0,1,1.7476393189178878,0,1
0.8691584381795185,0.0,0.0,22354.778983231135,4.002572775566854,0.0,0,2.907251963020861,0,1,5.691349010943611,0,1
6.815177991848079,1.9707195369291792,0.0,17823.66311581303,0.8226360347723289,0.0,0,3.0874512609527303,0,1,4.49486772428807,0,1
5.669442421890618,0.0,26678.276982456475,17332.203296437332,2.677732306978807,551.2893631750251,0,4.025843802653099,0,1,6.800052638186199,0,1
5.810000928396643,2.536320167453386,23725.388422332027,11791.895204280194,4.984298518015502,0.0,0,3.8574082018879583,0,1,4.194271805103497,0,1
8.197242086926433,2.081161600716579,35584.87329867452,5424.916346098666,4.311143430859429,0.0,0,3.094583097770215,0,1,5.6282700520398,0,1
12.751701356930027,2.5734185257410855,0.0,11087.089195615768,2.787869831276557,0.0,0,3.035094105354747,0,1,3.3038611335912993,0,1
7.873051425883839,1.8606856592527712,42164.62933217407,10543.178253783934,4.480279224691694,0.0,0,4.010145553371778,0,1,2.6797887438904295,0,1
3.381331166831554,0.0,0.0,0.0,5.811426639552583,413.7908625533728,0,4.038308005361744,0,1,4.149281687709,0,1
7.650554995641801,0.647965402540548,42468.255264644,5532.2798416495825,1.556695275053636,0.0,0,3.169094967483838,0,1,3.9109814766266036,0,1
7.149116310090165,2.859349691791405,13088.920813310988,1473.625298256465,4.560150276321752,728.1930484018064,0,5.002251949180789,0,1,2.9237515863978993,0,1
7.489659298375003,0.4831373902266971,42424.3841526613,13266.62567314594,4.321197655037673,0.0,0,2.9162142495883896,0,1,5.983606627792058,0,1
5.466018085706172,2.0922425319233264,36024.927974281665,4571.383660879197,2.3510443684191,331.2576481717348,0,2.864564095690863,0,1,4.012133780803921,0,1
9.125537028333,1.953093950930859,17463.29025034923,7707.048857922061,4.5983266269020655,0.0,0,4.919548442383081,0,1,5.270107207685363,0,1
8.801242753285209,1.3330907492181903,23813.255446952713,17255.58859447447,1.7398770094918348,0.0,0,3.9048631039018287,0,1,4.5466246293132935,0,1
6.983017146726684,1.4530399470248767,17836.430616137455,1942.9784859039225,1.2736716234641063,0.0,0,4.9309031309109415,0,1,4.673439250835854,0,1
10.823928383355234,0.0,0.0,10551.063061842215,0.5989349423054515,0.0,0,4.981197853368167,0,1,4.097244365420075,0,1
6.265035441921881,1.751508358635577,20248.80009687523,11743.394041118378,2.0659953157432067,286.14042327749297,0,5.079873374522429,0,1,5.250042493424754,0,1
11.890325442362002,1.9249942958593589,3220.843395171253,8161.1023188268755,2.5431587319419573,0.0,0,2.9005505939854803,0,1,2.8855102623949618,0,1
4.110976950118628,1.29301058266053,36967.250926208384,11995.4237831718,2.3227873672793806,15.60950833099574,0,4.9070154305176725,0,1,3.260316703500839,0,1
9.55486673426993,3.4403660718488993,0.0,3043.52292125317,3.39240634214112,353.8618373288656,0,3.982122399745548,0,1,4.056770446909731,0,1
4.919546063709717,1.9898228727134692,22935.812934867256,14430.86825447779,2.9151318491369156,0.0,0,2.9988298695264763,0,1,4.551455588661752,0,1
3.327425819259651,0.0,30468.200301997484,4259.413181175353,4.961578788026126,617.1047825460714,0,4.0825175092044885,0,1,5.567877571057031,0,1
5.495157648212605,0.0,0.0,13622.563222514524,4.388634135272952,366.1039141385231,0,3.0233461518167735,0,1,2.7168981847010034,0,1
3.4370491603665023,0.5097889480784599,5767.834190379159,4638.852397460688,2.503279939164267,193.17402267018934,0,4.046930344185188,0,1,3.7193596982340638,0,1
7.205267640719168,0.0,9364.239006222298,6834.758749233281,3.816571307030562,133.32118121214805,0,5.015906828437522,0,1,0.445917884419738,0,1
8.417493104774096,0.7356225961621531,36603.13093194174,17299.691230394008,3.995765569627173,93.89630738168376,0,2.854129702770515,0,1,3.3655127199044554,0,1
6.600249113660123,0.0,18851.489989928687,3324.4935658226627,1.5759023882049195,0.0,0,2.8346703680747884,0,1,3.499296685174662,0,1
8.782161511232811,2.8342561489779015,28436.600360548917,17863.50509719037,1.828627222312277,268.256238595767,0,2.7731619907636844,0,1,2.945913168356299,0,1
10.826780205696595,0.0,70575.41223413342,12906.032849497531,3.266274053623772,0.0,0,4.872406710431837,0,1,3.4121064927686766,0,1
9.013072269889975,1.7877265020469104,0.0,11610.322801053466,1.6877372058703548,0.0,0,3.965944719353112,0,1,1.587308752106094,0,1
4.019642878070124,0.0,60131.564098815485,16434.217894140253,6.710842589648125,386.04442048504836,0,3.027920632339975,0,1,1.5886623443403334,0,1
2.1662478976396056,0.0,16556.453640643067,15957.395548292076,1.6607967804005017,0.0,0,4.744166111881633,0,1,4.993184263811983,0,1
6.960799742977174,2.0116785878747843,80549.54808823235,10295.077881725249,3.7143149716439052,310.8903777735263,0,2.911958290147668,0,1,4.642010620272597,0,1
9.677759062852338,0.0,42421.31292492539,9308.59646710127,3.68180303189041,0.0,0,3.941607181611929,0,1,1.8167813450842074,0,1
6.489008057991351,0.3667308949193505,35472.51325409058,12470.295107041784,2.637654522337038,178.5246760627407,0,2.942187366193446,0,1,1.6542093416990837,0,1
6.3787661743870325,0.0,19174.0814937659,16261.805695355237,5.508241613736182,0.0,0,2.943178766783145,0,1,1.2295846813025955,0,1
5.980131400993388,0.0,0.0,1790.3801822852206,6.416726849991333,0.0,0,2.8506473383947877,0,1,5.297303259928706,0,1
5.264937810960413,0.46491908184078723,23648.87460442577,7784.445932193608,2.895111390255246,245.08739556486728,0,4.97266270976789,0,1,5.050219314972571,0,1
1.9997824925048993,0.7586182728602104,42536.15635066604,17893.614824535405,3.744598772457137,496.1937633136751,0,4.901522200350669,0,1,1.6719379755363475,0,1
6.301934987016788,0.8475509097084469,44034.34582604593,14255.960542264907,5.763545621753853,391.44843808882376,0,3.1302037576454627,0,1,4.088222158206616,0,1
5.664647822837454,2.140870635667096,33107.460807046264,9591.438191090005,5.653172565396891,131.03871950262084,0,5.115243596710007,0,1,2.2824685431701464,0,1
7.106462644604516,0.8292038609983918,10265.658007514383,0.0,2.8878268844666235,0.0,0,2.9081111888373035,0,1,1.5328918986617186,0,1
6.330724587034484,1.2365129080324022,17159.49388347266,14306.929094144376,4.535812510796571,0.0,0,2.9210819410354576,0,1,3.2266747607541832,0,1
7.589437676878475,0.4867636452863193,22151.853793930793,18155.63196973205,2.863575494768071,576.4420555742448,0,4.183736325095248,0,1,3.1174749342610424,0,1
4.565800439858318,0.43359704936037,9567.435723446517,3875.8417293439916,1.0198159795293573,0.0,0,4.850175678782233,0,1,3.856685023450422,0,1
5.616381025680557,0.0,0.0,14433.080641983546,3.8306724341929366,429.2991852707727,0,5.004549966970433,0,1,2.789450854286187,0,1
4.764857311886895,1.4003925455702126,2198.7984613994704,11038.389455427803,5.024038112389493,179.18216000226096,0,3.1535529622255707,0,1,4.789949977161963,0,1
9.875750115161434,0.9942546897645861,0.0,20419.085683587393,3.924833957061204,0.0,0,2.9027622153611135,0,1,5.126683992803423,0,1
11.618092359922493,0.0,16702.116857641762,9597.830260494535,4.385222575596036,0.0,0,4.831287847739496,0,1,6.353067749855934,0,1
4.585831481615589,1.416878558903497,27820.16526476893,4940.172729417966,1.981550738074984,182.15238196994505,0,3.9415653422910957,0,1,1.0903872916772155,0,1
10.469750788430302,0.0,42378.81450733908,12633.273789765288,2.676490213690279,0.0,0,4.969925153926819,0,1,5.700859129542173,0,1
6.102065370250059,2.153919392291836,5903.6220231047955,10602.139174246615,1.162841787070926,0.0,0,4.015265540859122,0,1,3.7767736056361287,0,1
3.4066717390564865,2.7700363540006614,71037.21202610087,0.0,3.895081935092407,0.0,0,3.0100878878519888,0,1,3.9368360954601354,0,1
13.895796251057266,0.19307965444786956,20056.88402233279,4350.767251110203,2.0573621895893854,434.2269212789792,0,3.038972831051102,0,1,4.615006805248339,0,1
3.0520918537972324,4.438781277432361,28449.006223713703,4158.832536062916,1.931522262402014,0.0,0,3.7233614216477506,0,1,3.0776609658477723,0,1
8.232099089286695,1.6272374926530953,30708.194730004874,4015.4888094615317,4.236409265238766,145.26854309507934,0,5.004003907596766,0,1,0.7422951365500885,0,1
7.785306268967591,0.6201670992081697,14344.45087369504,15557.380291927086,4.519542822259257,0.0,0,4.922094980919924,0,1,2.46393738769899,0,1
3.8491829707699092,1.4871469189040962,45327.48716660798,9432.581486525432,3.54321660780444,0.0,0,4.135017184546841,0,1,4.947360236908442,0,1
4.806994376275757,2.519615561748235,33429.81482572342,20140.20754726369,4.74876210257181,1.9393293295450675,0,5.076379431828884,0,1,5.401070652717376,0,1
4.795727703189668,0.6017646604199978,18681.9772753395,11878.836810763081,1.6351916369979955,76.36137522706181,0,3.1003980814612158,0,1,5.2384256868086325,0,1
7.260447488568864,1.908144198638177,11209.079921983077,4355.325570205849,4.722365163541753,24.742642290009343,0,3.102446542602988,0,1,1.9822635401021884,0,1
5.7896652551970735,0.0,3649.011748915411,11151.228867467167,4.533635717073689,0.0,0,4.013534591657724,0,1,5.675497132675667,0,1
4.968813904676836,0.5623196333998821,16285.46741423848,7742.613186353758,4.266108878926378,308.6442635185141,0,2.949281077594493,0,1,3.012371420284695,0,1
9.42444755439762,2.58702932051875,6981.380654702156,2557.4968419104916,1.1943350586736208,470.31800104035113,0,2.982333059620306,0,1,2.678457106331238,0,1
9.257977592554289,0.9685520075930993,60425.19130611475,8202.323862786341,2.743709296499786,91.72926695558495,0,4.096495464993743,0,1,4.862583259458694,0,1
3.0103640093636983,0.0,16743.443673730664,5627.589443395844,4.987000925237154,0.0,0,2.9681723529330317,0,1,2.0422834915231283,0,1
8.640563433690998,0.9321575394365003,43500.867750201614,11984.956135988577,3.600524874289703,360.108123572617,0,3.0071722052329064,0,1,3.99896768940876,0,1
5.776799067549903,0.0,30978.21396530392,15283.158981295644,4.416130118053857,205.63474415052593,0,4.988479784649341,0,1,3.999237798025983,0,1
10.826565158024174,1.971568526975643,3108.7049042737417,19796.199939503374,1.0100296549709535,26.655521402749244,0,2.9711247780704304,0,1,3.417661003637025,0,1
8.111981799431227,3.6706027829599543,53195.962912477575,3794.321408897291,2.3272466985615115,0.0,0,5.130357769853361,0,1,3.2665792964886946,0,1
7.82496649828861,0.8762599173451459,26295.806435777093,7939.540273039209,1.6078257886502845,40.452659311589315,0,3.943924133724072,0,1,3.9961760242556115,0,1
8.595957059714866,2.7804960891213244,42213.52220682436,15352.883844503118,5.155627089350259,0.0,0,2.8814398391320344,0,1,6.284338563568743,0,1
2.596842208000067,2.859790191208597,51086.91824090911,12746.875744699655,5.663402712872461,128.8067186173973,0,5.070288047708152,0,1,2.4926956805320186,0,1
3.719649239221953,1.317749617273667,42656.43868389404,2720.2646154191725,5.091814225006141,477.39651396899626,0,2.983490844141322,0,1,4.703669851834929,0,1
7.417126622751426,2.327094540263598,0.0,9193.065510639854,2.970014200575809,0.0,0,2.938614485609459,0,1,3.5362815281002096,0,1
8.335326141137882,1.4980657201053902,47580.6815011281,14734.916555515978,4.625298293941768,0.0,0,2.948879801947844,0,1,4.543412784316882,0,1
9.485491368660968,2.4092571172705095,34795.95649417376,11332.287131323996,2.0606266848072874,297.5909795354851,0,2.962428039860104,0,1,2.0008785410146563,0,1
1.4851891688876966,3.467510315218969,18335.278261407613,5836.564088719091,4.080527601412462,675.8879327475233,0,3.922316998014259,0,1,5.240017325905131,0,1
6.791236187274129,0.6962118236701025,17870.277690862767,0.0,4.826380881952735,637.5765416620741,0,5.162867759299169,0,1,3.6729157269184336,0,1
8.282288210789183,2.383025383612719,124.19693019528495,5552.604210589887,2.3137363412488288,0.0,0,5.114135313144723,0,1,3.6670473575895333,0,1
8.663389800640845,0.0,12989.186558122048,13580.009268430878,2.401088475401832,225.45157218431,0,2.8647089047193357,0,1,1.4656202340714457,0,1
4.181220032765775,0.0,31884.717055808047,637.9075910353063,3.0755584931879634,405.91805895625924,0,4.934653868901035,0,1,4.024404274399953,0,1
5.947185623862337,2.248695856209711,41722.605284923615,4512.58401753623,1.079278608462094,0.0,0,3.961707163820503,0,1,1.3676268912137248,0,1
11.867227473080261,2.214507487787322,46034.11420944303,17746.326776898986,4.468427210971607,0.0,0,3.754969200486823,0,1,3.6327274196530013,0,1
8.746074006362393,0.0,21706.499215992928,7976.444953371913,3.6791098378946008,0.0,0,3.9291398000985507,0,1,0.018388873866368893,0,1
8.846631870839644,1.0217103745047211,50054.1859037187,12574.855428940682,5.090269523477364,0.0,0,3.0487985071032866,0,1,4.356251434551712,0,1
6.876971720354553,1.6517451328285735,41571.45908618555,12004.045113802524,4.499455616643667,131.39314654721767,0,4.977022712147719,0,1,2.0714656240822906,0,1
3.7290476640986623,1.2549393315709292,74826.923146777,19346.307848287808,3.96519972890423,0.0,0,3.1331144307779835,0,1,2.9910614939343265,0,1
4.620367947571252,1.020787561940561,19637.305041400734,15687.017832940253,4.277676630673641,594.136111837162,0,4.041827877250395,0,1,4.682426856671506,0,1
7.229874617456964,0.0,0.0,12983.37192685267,3.9451370195743687,234.32042844052415,0,4.146707177481585,0,1,0.8925951723857339,0,1
6.717840168195625,2.4956590441963566,0.0,7084.205562381541,4.217900310256675,0.0,0,5.06921278218261,0,1,3.9019312902300154,0,1
4.0342773162138545,0.30919224507921295,47162.95424278416,14405.25510770407,4.109869589747561,0.0,0,4.984819638481213,0,1,6.002923230771213,0,1
3.549809801181637,4.69936428255334,20044.482348756108,14277.920721558796,5.703266858768178,179.30984083105233,0,3.892147169410633,0,1,3.726930245704328,0,1
5.905147636777686,2.81012197474596,25806.81688207983,20561.05666047136,4.226545990698076,141.87394590193918,0,4.876938634008548,0,1,2.8536937124307142,0,1
1.5674248614625481,0.9871471660218835,45797.214195525514,20676.552754752458,4.891536474173529,0.0,0,3.0322267786315016,0,1,3.688637052420365,0,1
5.317947726229742,0.0,39126.42410263111,14906.151365987072,3.734864310439341,0.0,0,5.095789390351411,0,1,3.822145376433073,0,1
12.905173787157219,4.023487077528724,3087.6258686553174,15688.309589470047,4.725301938091081,0.0,0,5.014928111001962,0,1,1.7265172629356325,0,1
8.931232014181711,2.4672523939285123,64343.77535051608,9594.231922175844,6.238894955839719,496.3587870724903,0,4.0464177345036,0,1,4.8974606042452935,0,1
7.467137601848134,0.7703770952186788,33435.14357886111,16510.737223794677,5.255605227646906,443.73365947520585,0,3.0714659803496875,0,1,1.529644721586606,0,1
6.975218610472833,1.4051756136802158,32634.95106949887,5521.994695898288,2.916045139089671,0.0,0,2.9575417189298068,0,1,2.129683727013483,0,1
6.713474131629839,1.519102704208001,61415.363113203326,6361.551611127521,4.186032015497128,174.46734455294603,0,3.049335233778486,0,1,4.955009033065987,0,1
9.179451982805734,0.261587986944146,38820.049792921774,3958.393269677661,2.8423381781093235,174.0926189021779,0,3.056222224119685,0,1,3.1456677435454057,0,1
9.282944908504946,0.0,20886.15527156814,15158.942037332603,4.712071973305731,0.0,0,3.8837183618931164,0,1,3.6830051013583587,0,1
10.387660833353015,2.9966250401507155,50219.88965639561,5001.0440899968,4.131538480138324,0.0,0,3.017243079267183,0,1,2.910801386812763,0,1
3.2706372175947553,3.238667298280382,23425.92527972566,8526.169006343129,4.152784004380047,443.5179927627005,0,4.04350799943206,0,1,2.772204665764005,0,1
9.554180513878906,0.8443259777028265,60683.11194417604,18735.6178492795,5.593447591062023,0.0,0,5.038936700790054,0,1,5.641739650296698,0,1
10.280938350820879,2.313863349546076,0.0,12463.463293547078,3.285840156577282,0.0,0,3.0285587597724946,0,1,3.332583171161251,0,1
5.451998884251996,2.608178751287443,17568.909899592843,3788.079820550154,3.4109958579277118,0.0,0,5.082143487975521,0,1,3.873901190529297,0,1
7.790607571132,1.2679562672474116,4997.696593436123,6912.739122449759,3.6893961755068747,0.0,0,3.230372329297863,0,1,1.6796868906322315,0,1
4.820232696296766,0.0,25810.508059375312,2019.8176731070564,4.684370369475488,0.0,0,3.020345831446504,0,1,5.080519888939077,0,1
10.57896468737616,1.1506931958053461,32241.87359838252,9966.994237640176,5.978037558831257,0.0,0,4.165719731777732,0,1,4.137490488269614,0,1
8.337443193807117,3.12911119638484,46396.75143866158,18737.17032090876,2.449198542787105,0.0,0,2.8220867258008124,0,1,3.1987894286878826,0,1
2.141833927312989,2.4682987682061444,0.0,17089.674616830605,2.1990915824906256,233.68144682325084,0,5.0149443191176335,0,1,3.0716033032182604,0,1
3.4328268328502363,0.015518937116242526,72356.50634814367,17545.02262857747,1.7795975774336292,0.0,0,2.8348578838181884,0,1,2.700304611523768,0,1
10.20844619107978,0.22463162043959595,27083.235301411136,1867.988663665898,4.507925067423159,0.0,0,4.94697836070706,0,1,4.554836673619684,0,1
4.458429020823923,0.7535964291477104,11275.795966892458,15744.51875992442,1.7503521166297944,0.0,0,4.176892809792397,0,1,4.462301288872671,0,1
5.577312319349623,0.0,21787.072849267606,3517.780521069006,3.100252951593462,0.0,0,4.084007301029043,0,1,4.169585918602387,0,1
10.642299777060174,0.0,29029.020436303785,12773.015801066273,3.2817988918018193,0.0,0,3.011377416630857,0,1,2.5013853203853054,0,1
5.22004791195943,3.8309496523628637,45470.18628122894,3352.6799249272644,6.572106712430534,0.0,0,4.11973050458933,0,1,2.8032620093591905,0,1
6.655576954938368,0.0,31334.192247304985,6048.211706578062,3.2353006086331595,721.982012955465,0,4.026413978928895,0,1,1.9182189316078364,0,1
4.344340459438568,0.0,13176.527375054362,11105.755879935054,3.4409467850855835,112.26689956530844,0,2.9582808779911565,0,1,2.671596391869947,0,1
7.549874065885903,1.7209212185678284,34285.30062649135,12160.34566868883,3.4661109207062477,56.16294343390014,0,3.8219380817846127,0,1,4.018380959984817,0,1
7.5435489376385405,0.0,44422.003884305435,9620.773004412891,1.0331429325219665,0.0,0,5.044471053360906,0,1,2.6722717737322625,0,1
6.718422152613647,3.5683466609235444,11749.241170978317,4533.8187946922,3.383089983627341,123.04086848134975,0,2.8989278879724867,0,1,2.5469252145636183,0,1
8.546209341661518,0.5060274668799474,39251.643770393595,9475.794438809695,4.129220965515662,93.37765770485468,0,3.9987897700905033,0,1,3.6757918780136145,0,1
5.042270884036763,0.26806443448765926,30863.21167368381,16741.808868434717,2.4769332316334975,251.6244825899184,0,4.988162981435985,0,1,4.652937826976816,0,1
8.030932367122078,3.0718073612496255,21707.280638824628,15644.308427427082,2.466315914608465,0.0,0,2.9603228110863755,0,1,5.872584929451477,0,1
7.7088431253921685,1.9402068799510808,36508.362512771484,16151.559115249664,4.349245165419632,0.0,0,5.033587953298494,0,1,2.8466561502019134,0,1
9.171613534838368,0.0,22369.810643182405,0.0,4.70708260573238,0.0,0,5.189010252471935,0,1,2.454615722447246,0,1
3.535009528421578,0.9048324424431813,27289.057122201782,10774.094341933687,2.8386854086535855,0.0,0,5.017474554023257,0,1,1.41107852701772,0,1
62.88192173941406,54.02415510851464,16524.932229523176,591.562201356795,1.0113944855435766,51.395617159388785,0,4.990933760089455,0,1,1.1262732563776754,0,1
84.26437644371752,44.51633320740754,9098.051324611264,0.0,1.1321696674741661,389.0381844611364,0,4.976431582098734,0,1,0.9759746503546748,0,1
73.73241185162192,80.8368767216618,0.0,0.0,1.5759243867461379,370.93051641713186,0,3.0022014475129275,0,1,0.2464081497424927,0,1
13.326094500381442,30.33435527716724,35263.67909456563,2152.4660855366155,0.9214044370009087,0.0,0,5.111112936462888,0,1,1.217947659726716,0,1
76.01888268702821,12.848360541057279,0.0,1005.9910001255935,1.5233635918726047,736.7586540064498,0,4.647822136352868,0,1,0.6768766827887033,0,1
33.37293108441982,91.23640826526022,0.0,2158.474068403517,1.0076057403962706,149.36680036100168,0,4.972744468915872,0,1,2.2249713155894506,0,1
83.7987537765578,20.296061007524965,12722.255131454402,0.0,0.5016912021459096,172.85218003633148,0,2.7557691762269356,0,1,0.5724897507753284,0,1
66.82630576546771,29.294859501344092,0.0,21.85840886086344,1.3757220273626307,246.7094903672471,0,4.949993609406138,0,1,0.0,0,1
42.239565948810295,12.013027009498488,0.0,0.0,0.6325254830715119,376.10351182842913,0,3.005755226378962,0,1,1.0469943449992671,0,1
71.24499512969035,89.52940647061094,16298.532471010143,1772.423101634927,0.3286797548516043,293.00928952237155,0,5.105912037150746,0,1,1.4989908896807282,0,1
43.896213165108485,58.80939105331359,26431.303963631846,0.0,1.053409006984887,0.0,0,5.080864920261045,0,1,0.8020338616028495,0,1
77.9359984071077,48.38162613852407,0.0,0.0,0.4572151418141509,0.0,0,5.141042845486471,0,1,1.3128446571419836,0,1
16.90623552109669,89.25643094635919,16132.721078788443,873.2780173472103,0.7895279250469752,0.0,0,4.96320719321464,0,1,1.551628679008731,0,1
36.27073034113258,95.53804718382335,0.0,1304.4124777249997,1.757343711469526,169.41568092616708,0,2.9037915840679003,0,1,0.756971231418306,0,1
45.331735571098,21.94819124182531,0.0,0.0,0.6166374775581734,285.52661248346317,0,2.938441647613538,0,1,2.8302080678815074,0,1
17.910962300508505,27.27481949792676,8676.555423238227,376.9099559511476,0.17278025598726232,301.75778692102824,0,3.0674679461179952,0,1,0.8246495700636837,0,1
19.96082673206972,9.579816448016794,0.0,1546.552003671731,1.474549970736573,83.94253511267914,0,5.146234266706382,0,1,2.3257688791091935,0,1
77.21491091047913,68.46674985078803,0.0,508.27825511872317,1.8467866508318382,193.18103642146613,0,3.0449459364966924,0,1,1.6764742233862302,0,1
60.97772545091672,91.93771151492626,0.0,0.0,0.7297841729243391,0.0,0,2.9487513031553356,0,1,2.179085415387205,0,1
98.55969813009453,32.54663255702379,0.0,544.5279156226735,2.026819035222097,0.0,0,2.8556137014655505,0,1,1.5396134938101562,0,1
26.37566856159901,45.74115374193127,14427.92703710228,1062.4884336604505,1.4634588848992975,0.0,0,4.975313102141155,0,1,1.3196392377427841,0,1
78.21520628077957,31.699892713206438,0.0,229.79438745864962,2.096922900088405,432.6059971978001,0,3.071167264939495,0,1,0.4647271933156797,0,1
96.65597083285864,70.61906804160981,18377.01557115429,861.4061669655524,0.35408465731807104,104.17210498106425,0,4.8678040658029955,0,1,0.6999344567801535,0,1
15.468712004400084,22.14072693658787,0.0,1563.5833706747578,0.0,93.4662879166346,0,4.209258865431239,0,1,0.34301015084137787,0,1
98.34921680364042,69.08505555934349,0.0,693.2033359428194,1.4274881615284885,0.0,0,4.978829108310756,0,1,1.2614932019731202,0,1
44.01486510309891,72.09194031105429,7889.413113025547,1378.1369821037854,1.0387093363776996,0.0,0,3.105232634103863,0,1,1.8038747887935376,0,1
57.138209522620265,45.44831958952478,23786.319112653284,0.0,1.213384487001249,0.0,0,4.887736776421494,0,1,1.1549039256399403,0,1
73.61638840177883,23.258933817970345,0.0,0.0,1.3519365227418998,227.84117240304542,0,3.9516307475556296,0,1,1.4592224819525477,0,1
93.93969151912692,66.31931595291647,0.0,2333.4668010722635,2.1685688745564544,0.0,0,5.139193572169228,0,1,1.8694043455643465,0,1
22.671852379640093,15.541748806608043,0.0,0.0,0.5654136972466756,433.0729638944535,0,2.876237268462936,0,1,0.603596764942357,0,1
43.17836444882691,36.60023221759611,0.0,764.3301533636768,2.2705076726533098,0.0,0,4.057677443255818,0,1,1.5116474117769338,0,1
26.735348690794176,63.30510810267522,4059.3472720716245,0.0,0.6686249466043466,160.41151997290734,0,3.9089544705060537,0,1,1.9160405102124125,0,1
43.88841108200558,13.613942128551376,0.0,1144.3526426278681,1.3913856348676439,0.0,0,4.904331077786621,0,1,1.6529157694100673,0,1
76.93286193618435,46.18368091694505,8525.732054254164,0.0,1.3197195371253279,370.0148008712505,0,2.9919308191320764,0,1,2.0600122854561045,0,1
51.51661937668808,34.40475093666785,0.0,634.4001058368195,0.4597581474719692,567.1654655919106,0,3.9307252487179927,0,1,1.9147329400091058,0,1
15.316491365511013,78.17885532445109,9213.28810434722,1003.6249254986492,1.3623386890397562,184.60898324525016,0,4.032104527153466,0,1,0.36881597793262233,0,1
85.90446959850165,61.69039796292579,0.0,679.4522691231621,0.3064330645206892,0.0,0,4.975203259953296,0,1,0.7389610386328016,0,1
50.86265268459281,36.909040626035555,6464.377314803501,0.0,0.0,0.0,0,3.9230116659171252,0,1,1.3647764233406339,0,1
67.77935461736384,39.12206132758695,0.0,0.0,1.732269553279632,0.0,0,3.980382444807568,0,1,1.0789389511442689,0,1
90.64419292168515,89.21263631747456,3768.640260122017,1180.9803017649476,1.7729394835938415,0.0,0,3.1592806527942487,0,1,0.0,0,1
41.8408021204527,10.834027172016755,0.0,0.0,0.0,0.0,0,4.902106331487061,0,1,0.0,0,1
90.66759097811543,23.488965474507147,8115.170078763072,0.0,0.829636070799608,380.5505074810172,0,3.8879012160570046,0,1,0.0,0,1
75.39740284257488,56.20922301891983,0.0,0.0,0.21071015184674002,36.71970346867905,0,4.896212501691647,0,1,1.6780857427263942,0,1
40.819757065970464,28.13278232168161,14520.239474495906,1894.0074454339847,1.474622239539268,165.66831186034514,0,4.898729429752771,0,1,1.2681765129763352,0,1
16.938862543165918,65.3439758036223,0.0,0.0,1.821866728409777,0.0,0,4.903941741507495,0,1,0.8114820034356837,0,1
35.05215133437458,84.21077919528744,0.0,0.0,0.3711072737795291,0.0,0,2.8606662725918066,0,1,0.590730661842396,0,1
79.03560289587074,90.98671912348685,1807.6127378696583,0.0,0.0,184.40731002699454,0,3.0922506033566766,0,1,1.580330571167539,0,1
74.4477794612825,51.719600312812304,30924.452070254996,17.733033673630416,1.3678988002816557,0.0,0,4.018275470341193,0,1,1.4691374422664396,0,1
59.40557094992237,83.12559733171844,14207.00974835368,0.0,1.443919005338477,95.53413091661716,0,3.994846592560743,0,1,0.0,0,1
65.28727000931917,76.40554605847687,0.0,2128.669918855112,0.37470178533476983,0.0,0,3.2515457986552154,0,1,0.33651890526740713,0,1
26.259833493148385,70.59533749057037,25.40310512955088,0.0,0.6403854577388413,354.1638201793353,0,4.0620429459273515,0,1,0.7440393018237932,0,1
83.9841308878124,66.47128456186036,0.0,0.0,0.44055630897408216,7.186045806533641,0,5.372348143710137,0,1,0.6386911642668551,0,1
41.73692218586624,59.79478100928887,0.0,0.0,1.0121302169296034,0.0,0,5.1355025953579245,0,1,0.7878591022865032,0,1
14.766729271642523,88.32646018469565,270.0542879248941,0.0,1.6085160671214012,93.58594560172756,0,4.872790315178112,0,1,0.568224243763771,0,1
95.49408570097931,98.29390133031683,0.0,690.0787274948498,1.3028054657283055,94.33333426970437,0,3.860262282130624,0,1,0.43642822865408804,0,1
20.3271275209045,73.64638963835915,0.0,0.0,1.4007517817054298,284.5396427809607,0,4.946016705700344,0,1,1.2675084291293173,0,1
22.560747401639787,90.62245149184193,0.0,0.0,0.07269337648578533,0.0,0,3.962990357505158,0,1,1.2243985879278858,0,1
51.02047382418171,14.17895884419167,745.5429099601474,0.0,0.5929985520945755,0.0,0,3.1337905939282575,0,1,0.0,0,1
36.255820779877006,26.12448124074944,0.0,0.0,1.8598690225735357,71.07371588083807,0,3.9568953065328913,0,1,0.5349097431604255,0,1
61.00919482823931,77.78058099715065,0.0,2027.0527468254427,0.12928305122576456,0.0,0,3.9883835135692185,0,1,0.0,0,1
13.128002957773296,99.0958426812893,0.0,1171.3561449440704,0.39396070919744,44.35440854524538,0,2.87766722502934,0,1,2.087458632242355,0,1
90.41803797645858,93.40203528909974,6228.715415203676,878.5332996210459,1.4616670594417234,72.03673323546062,0,4.069274668396907,0,1,0.9876158461988618,0,1
12.836329982603315,85.31981175383352,0.0,227.11667295523506,0.0,0.0,0,5.115033314261969,0,1,0.7317001300918795,0,1
14.253359051360878,96.81061976354746,8407.410376244201,683.3775401899591,0.2761480243530957,83.13661889636974,0,5.081142082182464,0,1,1.2992505833035197,0,1
23.160470510315847,22.928048476153755,0.0,198.91948348714635,1.5756205527078622,0.0,0,5.013644440934467,0,1,1.768000455180251,0,1
84.84920803816104,14.55778055370229,0.0,0.0,0.0,0.0,0,5.107401120523626,0,1,0.0,0,1
99.20854536802595,24.516718751751718,0.0,0.0,0.44509652952745205,0.0,0,3.0559592902282993,0,1,0.41097199610329527,0,1
10.958231696051786,78.11860294759198,6712.729747268286,100.72013298452626,1.440510864070132,0.0,0,5.08273534276699,0,1,0.9991292407784363,0,1
100.03481527297447,37.169337665383345,0.0,0.0,0.1920091702567428,0.0,0,3.918114380973234,0,1,0.16467200437460494,0,1
91.50559112718078,59.74681537138468,0.0,0.0,1.622285966693705,31.994746186224596,0,4.969411559928754,0,1,0.5247104485558955,0,1
90.4615734165398,25.727006420906747,8237.57182489301,1003.7600850712429,1.2006897877137914,145.596333226676,0,3.0649731609240023,0,1,0.0,0,1
79.65401402899083,69.45845681032651,20026.91011167838,778.9944466999464,0.81048998379069,0.0,0,3.9513838935738916,0,1,0.35676568881308757,0,1
31.532880096975145,97.33471468630219,15219.696375439586,0.0,0.0,250.6052421440978,0,5.213600019966473,0,1,0.42413094053533884,0,1
96.35657674352544,23.991187820239396,1482.5694106205808,0.0,1.0168591500114164,0.0,0,4.044409149416389,0,1,2.1416400354563754,0,1
34.740561487236356,74.95122562814988,7406.709773350114,573.8776911038486,0.0,0.0,0,4.060263094886596,0,1,1.4432763136670619,0,1
35.90093797991593,74.08839053316687,1241.4742184813306,0.0,0.0,437.6020918029266,0,4.110420636878381,0,1,0.04241778603471913,0,1
95.9847284714709,25.27432479091773,0.0,87.93004927553417,1.2878867605953104,0.0,0,3.0282866114171507,0,1,0.6162626817229573,0,1
32.784888784163016,41.394267796373946,16702.60717949938,1424.6697683323587,1.201002460510481,0.0,0,4.049379777504503,0,1,1.2222608435104587,0,1
82.21603856022753,25.973218634494327,17325.95665630204,0.0,0.0,0.0,0,3.939561211493982,0,1,0.4477620768883297,0,1
94.11725300772014,48.8810967685646,0.0,1066.7774459148286,0.7991877396755278,425.466791707372,0,2.964686220989566,0,1,0.5282258091473984,0,1
38.66206880628114,88.66746772356456,0.0,0.0,1.3434106786020337,0.0,0,2.999660540740185,0,1,2.147004282637525,0,1
19.0293245718431,89.32748258708882,20254.633205915427,0.0,1.192555984195735,495.9297140803568,0,4.8852101295316,0,1,0.13571699206226895,0,1
53.26119515220718,84.79890319559641,2923.3105751147646,670.5153415002858,1.1447460500195599,318.30892877496166,0,3.1687911914254645,0,1,2.4633080618703103,0,1
63.50942023028239,12.85497968036755,0.0,1121.4911661922772,0.8118010921320482,122.66759171810362,0,4.880629746635367,0,1,0.12492866417518322,0,1
28.245187719019842,68.77280891284795,16053.003729773653,0.0,1.781516419066326,253.61042439272902,0,3.8874591740439417,0,1,0.0,0,1
29.238050342522968,61.22447269335875,1619.2154362085641,0.0,1.1215454237240015,575.3797716766608,0,3.000984489050272,0,1,2.144102153578192,0,1
47.05120738760482,84.74325427882158,17134.084823899695,0.0,1.8230113761052886,0.0,0,3.0474534859373548,0,1,1.2095942724686504,0,1
36.75831551155003,15.46431540643519,1129.8131741381596,2729.374460284893,1.032016827162153,48.4731614499757,0,2.9237741859177953,0,1,0.8905624865958175,0,1
88.86120394569701,20.206441652712385,0.0,0.0,0.17341001484271656,0.0,0,2.946227850990511,0,1,1.2718573863448168,0,1
81.190384450731,82.51245728098974,23802.91709639916,0.0,1.1268197350745237,0.0,0,4.971587230936376,0,1,0.0,0,1
38.39883809713194,74.42506099576235,0.0,514.6678069526138,0.022361738832708755,0.0,0,4.003455710601605,0,1,0.608474815353425,0,1
28.42558769373744,79.45907176965181,0.0,0.0,1.3107628839628434,85.09334235457953,0,4.067307272689484,0,1,1.6708928832440788,0,1
10.23861139729739,91.11069526443191,15861.038133964286,0.0,2.3824725132364426,663.2330407858858,0,3.921514631443516,0,1,0.5170421277380997,0,1
47.87557981604107,58.70069475324739,30057.643480041086,56.69808227019588,1.0455339152348289,0.0,0,4.955708551098398,0,1,0.5046183065490915,0,1
79.72443819711395,21.29248022434056,0.0,0.0,0.9289612370074631,0.0,0,4.039985992665866,0,1,1.80919277794237,0,1
81.10223619246116,76.08443056179385,4742.988396386391,0.0,1.6567212018893178,0.0,0,5.12363579381919,0,1,0.9622624142191879,0,1
28.889483961547356,67.58008613641783,0.0,0.0,1.1870641506036934,166.93525140336973,0,5.095669429702552,0,1,1.248072992648089,0,1
33.115528444326756,24.457422766199187,0.0,0.0,2.7321011021511943,171.12163975666127,0,4.040109675797403,0,1,0.0,0,1
30.295068467906543,23.536119689039886,14449.5710081055,0.0,0.9700878936044945,0.0,0,4.784432591774522,0,1,1.0011265117023105,0,1
60.939124691048,47.50658075645658,4081.4203972834293,0.0,1.2317609050676268,51.141913206705254,0,2.908380782833071,0,1,1.976510288396042,0,1
73.13541844201345,94.41385491243226,22886.709965179703,0.0,1.753022914969923,0.0,0,2.9178569346728387,0,1,0.0,0,1
81.90619463196863,86.55353414338653,0.0,2068.3146680213104,0.0,332.4139369052113,0,5.106255708330707,0,1,0.31285433438721766,0,1
43.9193988304371,69.46921715321604,0.0,0.0,1.5196487635069602,0.0,0,4.888796186329533,0,1,1.8544688761406443,0,1
64.44006226004751,24.254810920653043,0.0,0.0,0.6812870588994904,0.0,0,2.8390757563642683,0,1,1.2701686020091467,0,1
12.031209542580743,73.57699831256268,0.0,0.0,0.7795100133473305,128.9980458392515,0,3.040750790291116,0,1,0.42998093855666353,0,1
57.8881102041077,66.6885517731609,12630.567173065125,0.0,1.558217153276323,0.0,0,5.052028188044624,0,1,0.9359886470979911,0,1
93.57925746228686,58.18171104939245,0.0,0.0,0.4948545140392989,109.25516949578198,0,2.9209031704991553,0,1,0.7878545963904691,0,1
78.86822605974515,72.24370243112011,0.0,0.0,0.8269268787386699,531.8059790537361,0,4.953707191896062,0,1,0.0,0,1
27.981826720006815,17.36580682825003,5232.928788740633,0.0,0.8906607836454435,315.0052226622505,0,5.167517227903419,0,1,1.042955816116941,0,1
76.0305837502375,39.42041647501368,0.0,1723.4317228516263,0.9382298889977955,0.0,0,3.855811020694857,0,1,0.0,0,1
33.50786095241146,88.35509327782646,0.0,0.0,0.49615565631605785,0.0,0,2.8910950244119435,0,1,1.1917003617299928,0,1
66.16622885245611,96.17087884680078,13989.721516601867,0.0,1.4054200137395092,0.0,0,5.064072432782081,0,1,0.0,0,1
40.222408238413756,14.874688294882251,17045.07226925364,1444.9061407777904,0.13578266911827963,308.6314318998555,0,4.012072872769007,0,1,1.606498608658923,0,1
86.37543657102444,39.82830456715092,12895.55262379932,0.0,0.0,147.3679536246082,0,4.992965751274644,0,1,0.9294254766159205,0,1
26.63290890345062,24.800823851890694,0.0,0.0,0.7849839736263485,0.0,0,4.837869282011914,0,1,0.15918900882008058,0,1
81.8244226127183,50.03043665116617,0.0,0.0,1.3888611299561213,95.06465245692343,0,2.899733137976433,0,1,0.17049126659405123,0,1
27.07827990456202,40.9271477252335,7211.542140722074,1669.3869767787003,1.4092961739740693,0.0,0,3.967365242338894,0,1,0.5088555935058577,0,1
66.29068886003374,25.459985679054476,9811.028684331555,1463.9771649615689,1.2256584038858769,106.68513183454925,0,5.198828688215856,0,1,0.9283963577930875,0,1
91.70611905859096,88.091861970331,0.0,0.0,0.753900100639635,377.9278833653075,0,4.944356029247645,0,1,0.7835417318635447,0,1
94.32819682542555,73.66442561014576,15914.68469765097,2256.822863135202,1.2916112070363968,211.45394289718834,0,3.8446692026160614,0,1,1.1802250634755485,0,1
62.72990925880477,70.8022872096465,0.0,0.0,0.8993784828861893,82.96766027701223,0,4.953468424675135,0,1,1.126140939658943,0,1
26.547932390314767,96.57538082619025,0.0,0.0,0.950252973237458,311.1000888513686,0,4.924893702486934,0,1,1.648421558544016,0,1
46.1829766605058,39.205527608670714,29230.15686979061,0.0,0.0,0.0,0,3.060408241886822,0,1,2.4841134066895734,0,1
53.87238793661631,76.83493768199078,0.0,0.0,0.6755674735652408,0.0,0,3.7262661712938807,0,1,0.8291268576893015,0,1
101.01122773509428,67.34304569941798,0.0,0.0,0.0,408.7844471327902,0,2.928794147864396,0,1,0.8745448313002001,0,1
76.39208108013527,33.74276912477016,6264.038106304656,0.0,2.5399425227629475,261.2937853351256,0,4.149556361625228,0,1,1.2672203952179293,0,1
24.445730968602042,28.015033623533082,0.0,0.0,1.626256227335639,100.8316472717838,0,5.065266495352494,0,1,0.44628448530702236,0,1
23.711026773626195,28.61554463667321,0.0,800.2516773844663,1.8694888259958269,31.61819932645897,0,5.006614060136696,0,1,0.022058143135501806,0,1
6.930102873490693,90.94424800785727,39560.35282757937,0.0,0.6281497118090358,244.1658440842176,0,2.941613666792498,0,1,0.43115633740469084,0,1
52.07501156640693,72.27150889649518,0.0,1251.7829967845908,0.94255424414241,243.76421923123686,0,4.070668991382617,0,1,0.9823146551695537,0,1
40.24739541204897,21.043462345504135,2942.2190079406846,1378.465632209891,0.05558117161275311,0.0,0,3.06681893158236,0,1,1.1634207504238112,0,1
31.697428275806868,21.432425095186783,2335.6954758526067,223.43776445716483,0.160980573401163,386.4106247035106,0,3.8823285206662894,0,1,2.4077230947418844,0,1
62.666385485534335,54.727828897254504,6615.000885761413,1082.8213340706063,0.8075871008833768,229.0306736121236,0,4.115068203800723,0,1,0.0,0,1
81.9820503686075,26.959118498222985,0.0,0.0,0.5963900133702673,0.0,0,3.2340249984167886,0,1,1.1825322912137262,0,1
31.35202179127937,73.45011793391625,0.0,0.0,1.3277023293830092,679.4792579811545,0,2.9579554937502612,0,1,0.7644735515822838,0,1
90.24640759765042,40.04180286880981,0.0,0.0,1.2879297793992415,0.0,0,3.8941623969612156,0,1,1.7869282490073064,0,1
59.8705868683906,75.51294864602224,477.67863766300246,0.0,0.7112892339597394,0.0,0,4.084170787967015,0,1,0.1360520460594009,0,1
62.37393823693217,57.320942547726844,1377.1445245573857,1180.3034077105763,1.603478751099906,0.0,0,3.0976412653160748,0,1,1.506069249222248,0,1
46.86328346086169,74.24015799692472,20639.48570986677,147.86854599815723,0.15986012036793007,351.5117455611573,0,4.972518680809874,0,1,0.5951959787689429,0,1
96.57783657305495,69.57631975763283,0.0,0.0,0.08697922226258592,364.09033169611615,0,2.87419400257191,0,1,1.6392749074326098,0,1
91.32487970360842,42.045461650707345,2809.830749573122,956.5200163371227,1.3681242057687253,0.0,0,5.045575628816916,0,1,0.9391614464893411,0,1
15.888981449461744,10.511456900735695,0.0,57.378327949355146,1.3944129937785792,0.0,0,2.6957678985429987,0,1,1.5674916571842492,0,1
57.466479370383894,91.91667191762151,0.0,0.0,1.6161789116880685,0.0,0,3.0147770582633826,0,1,1.228869781270209,0,1
59.02019687067633,36.305411148021406,26448.254471449927,0.0,0.0,251.6603032028216,0,4.665454589656902,0,1,0.26961680674578714,0,1
51.63576180365742,27.255882536873216,0.0,0.0,0.3950179994503986,0.0,0,4.955384227059906,0,1,0.0,0,1
67.44613477514596,102.2190611062747,0.0,1803.07171932967,1.218940917725678,289.8237503854545,0,3.1263990490487434,0,1,2.053839435482901,0,1
60.755565926054295,26.025904046449753,14302.942912278844,0.0,1.236305534672195,56.29425485657775,0,4.225833261358206,0,1,0.7826530744177604,0,1
37.54463602019143,20.611828956653873,25171.773735796898,0.0,2.3775493690079017,0.0,0,4.110043787139692,0,1,1.8828236351151433,0,1
98.77930757547293,21.39055310500392,10747.922693502675,3445.421202704607,0.2563022153998318,0.0,0,3.0176240529254748,0,1,0.9417805503057989,0,1
70.38837319693788,49.07084181052835,10745.862464392836,1544.4150360878941,2.5540408503255865,0.0,0,3.050377382992371,0,1,1.6856973851414612,0,1
59.24944489176681,71.82793336180261,0.0,1502.896738622502,1.3763466722836266,0.0,0,3.0241011511654587,0,1,0.3093459522086417,0,1
46.22326764185529,84.29956602609037,6811.4433339283905,1563.0125726008546,1.8474792597303074,0.0,0,3.8920541820523353,0,1,1.112871766861814,0,1
47.08714964688224,62.72290897477833,0.0,1911.9277549992628,1.4422563799124986,616.6454773966531,0,4.044326646595042,0,1,3.186355940405775,0,1
23.58302065309376,88.10023732821844,6309.348825844807,731.1691672615666,0.4626395165671279,170.01873540430623,0,3.9633596776384943,0,1,0.30620740333517416,0,1
21.176923250864796,36.21843456241014,0.0,33.42985761099813,0.5951726004278522,267.9820960741854,0,4.083315249685266,0,1,1.4284736293601892,0,1
58.550242254724814,9.91080706568323,0.0,252.93887059157913,1.0022417711576872,45.47293810125407,0,3.119776075718995,0,1,0.9672151105394893,0,1
86.08664846507496,73.24358710298371,0.0,0.0,0.0,86.22845951926887,0,3.9534917249352555,0,1,1.2829844444974179,0,1
53.57061612870167,46.759321371128536,0.0,0.0,0.0,0.0,0,2.9922359738183197,0,1,1.042583084920673,0,1
94.61265354399042,25.372451338962694,2359.416293460273,1213.2763346141833,0.5505385714173454,333.31517220835315,0,4.025583086332128,0,1,0.0,0,1
30.185934258102932,64.50479058892739,0.0,2896.357011674112,1.5092698509860933,26.094083619335507,0,4.023154052983983,0,1,1.3286322702217241,0,1
16.633147454145686,61.857340176928126,0.0,0.0,0.5212413937689442,0.0,0,4.230650341849828,0,1,1.2597796788841558,0,1
97.48561245296793,50.27474405224714,0.0,2235.737281747578,0.9490024128404669,0.0,0,3.9710152160906715,0,1,2.134664108660775,0,1
61.63375082235666,38.66359736383875,7557.328999043265,2468.445424228141,0.891950050922348,0.0,0,4.803359828593874,0,1,0.13802904929660853,0,1
100.69017609511071,75.58356969877742,0.0,0.0,1.7336786976878553,0.0,0,4.978443709575289,0,1,1.1988376430681336,0,1
90.58677739002813,29.358569814520123,8327.030714425084,1935.476541208048,1.3088822766544146,16.926659659462736,0,4.200001466738667,0,1,0.17717131161699806,0,1
48.966757645189304,85.21191495918318,3725.820442910867,1094.3219422981322,1.6214585214498762,0.0,0,5.042731721405528,0,1,1.7192259440874327,0,1
11.99676694878498,79.97124622409204,11507.168938641371,0.0,1.8484864995793606,0.0,0,3.0112246448085047,0,1,1.5092570219242003,0,1
28.043763102168082,31.003443754367233,0.0,868.8725723591606,0.2813949827915502,650.6973300114486,0,2.8737614104114115,0,1,0.8193373474408467,0,1
57.16642017680668,72.39072339849201,0.0,489.4909017990279,0.0,1.0836227981479245,0,2.985813820801793,0,1,0.06519847965056746,0,1
44.98730404346461,20.846112993927623,7558.511267124633,0.0,0.7025237728188451,0.0,0,4.160382638969361,0,1,1.0012155933057416,0,1
90.2956686105077,74.18916682385178,0.0,3989.0957542723977,1.823992920939045,56.90080275503808,0,5.115538787259331,0,1,1.373840777884681,0,1
24.97719133394981,12.762547779732769,0.0,0.0,1.5043864285798463,0.0,0,4.151571466362774,0,1,1.763874673014336,0,1
58.514473098510365,38.16004093492849,13067.917234893124,341.7722491325619,0.7252401736134819,320.8691943657341,0,2.8698870725898113,0,1,0.07510591569739611,0,1
76.713451755969,98.84870920305568,0.0,2922.8381371476266,2.3953534707416533,0.0,0,4.0774080934509325,0,1,0.28904525518751256,0,1
46.94600872701739,7.399088952072848,4366.886847137823,0.0,1.5647153076553157,0.0,0,3.7850403525522713,0,1,0.2534616059927812,0,1
40.84236683459314,89.1650738033192,69.67125469301982,0.0,0.5621004142198627,0.0,0,2.9905048713859235,0,1,0.8377647670910028,0,1
21.280747892655285,83.99201981662053,19350.101986811747,264.11583858809564,1.847492117935747,0.0,0,5.032808895979852,0,1,0.5717269110528351,0,1
39.82077690364274,66.07813163685,1086.390334267727,0.0,0.0,0.0,0,5.123278500234802,0,1,1.59836029780594,0,1
27.855580696898592,74.27913488045691,7043.531186818913,1986.1268285378032,1.2406852617344388,129.55774326944257,0,5.097636975670436,0,1,1.3829017233794274,0,1
66.2567455397565,19.777888857245742,0.0,0.0,0.6146969076839495,171.23194219497836,0,4.132350122008921,0,1,1.5410989578673946,0,1
63.63676958975967,82.86467708374575,0.0,0.0,0.9507259039818099,0.0,0,5.146964906250602,0,1,1.8659717804495686,0,1
26.156463236423825,30.11960824251616,2989.795147052487,0.0,1.44007338838629,0.0,0,2.9921519211081145,0,1,0.0,0,1
60.898983565167356,32.79034010815867,0.0,0.0,1.672910723255431,39.241803624378164,0,3.860493860092007,0,1,0.9264683696039812,0,1
59.69291400415298,12.89991041436715,13706.185122010153,0.0,1.0814548829507251,0.0,0,3.058907477557375,0,1,1.0765649339239312,0,1
89.56638250408695,33.3838615022779,15529.987162813377,0.0,0.8395794146135864,234.83715918498388,0,5.088789539061116,0,1,0.3992510626013783,0,1
85.60664533557191,32.82548600756095,984.2200936693572,0.0,0.0,457.4491688535001,0,2.943176612918213,0,1,0.9629289416950891,0,1
47.58395671321777,93.5285670494843,0.0,0.0,0.0,138.77170752177466,0,4.007822851606607,0,1,1.296076569757642,0,1
30.622608140117073,37.56038048005289,3089.212344059273,1234.6823172613006,0.0,0.36808497628833936,0,4.071904706580785,0,1,0.6229261048627155,0,1
87.95614371200054,75.18640494029829,0.0,0.0,1.1209445677569305,0.0,0,4.16073726074184,0,1,1.0284818263664561,0,1
22.939390462819752,56.183610739738874,0.0,1616.8781933561459,1.6714866550200127,0.0,0,4.852830940733641,0,1,0.752360807736751,0,1
98.93825534222017,58.57747249242188,0.0,0.0,0.0,0.0,0,5.1289352482538755,0,1,1.4263869681203185,0,1
10.187046885167963,23.602104571124382,0.0,517.6807457160071,1.7657822641853094,217.1746597920135,0,3.9937763980094227,0,1,1.6479522013158014,0,1
79.49039202238095,64.44378152635186,0.0,1590.0903360097664,2.011112503526988,0.0,0,4.982745606671348,0,1,1.3673758929933086,0,1
38.61129457689919,79.80042044277303,0.0,0.0,1.132165841201847,362.1171989718623,0,4.131039758003995,0,1,2.0357862856079305,0,1
18.112669511193157,64.26518563193858,0.0,800.0532065343533,2.1203723787731605,0.0,0,2.943344182753157,0,1,0.0,0,1
81.87401071945888,73.62555710194358,0.0,0.0,0.9684783108305233,0.0,0,5.056201631129016,0,1,0.70734684059626,0,1
65.73826344740618,75.85152370397485,7547.29101174293,0.0,0.08616764753318795,64.70621387253996,0,3.9275415854362232,0,1,0.20726390174208542,0,1
27.19304093967132,30.013635031808857,1390.8430258719102,0.0,0.7597636190365403,0.0,0,3.9782682488613883,0,1,2.091130962413671,0,1
52.10005025744255,14.453013204123208,18680.76613534587,0.0,2.1670956774974783,252.94669894313952,0,4.154578570156835,0,1,0.11276700158673603,0,1
53.13523667497326,93.55184684378504,7774.9498593189055,1603.9485941180792,0.5540654952125447,0.0,0,4.044526393028476,0,1,1.9971645181951998,0,1
2.666529393337163,0.0,128791.7342548525,0.0,1.3051802230315217,0.0,0,1.1342819505800248,1,1,0.7765692630150083,0,1
1.9568645799716435,0.0,72835.82223525556,1675.6937725750847,1.3952052754829785,0.0,0,0.7853210005172934,1,1,0.49020550474993474,0,1
2.5490390709987016,0.0,103830.43539349036,0.0,1.854934738880477,0.0,0,1.1382168828096835,1,1,1.2076104585856529,0,1
0.0,0.0,66951.73736332236,208.57946486287796,0.0,228.51474205793318,0,0.8928204231053501,1,1,2.3718959059294713,0,1
3.6079140203128484,0.3788156756889981,111021.86768871566,0.0,2.0073272063544527,305.3739028532671,0,0.9341735001076354,1,1,0.37555639847158173,0,1
3.1796722994478035,0.0,92611.65581771987,476.39385336404524,0.3126075131102728,0.0,0,0.9518285938319572,1,1,1.1771604030242486,0,1
3.601098808677535,0.0,95692.96804796073,1498.589843048344,2.1024482579281285,457.97710136655917,0,1.039485089396202,1,1,1.251164942836225,0,1
2.7787732733746062,2.318084473848715,90027.06407926144,86.0221208750022,0.7354671389595344,0.0,0,1.0411327425637837,1,0,0.2938163624521074,0,1
5.939297235843136,2.187512364868543,92861.48729648098,0.0,0.7386054131580284,0.0,0,1.0641991998465932,1,0,0.5438018603661621,0,1
5.4070062016310025,2.526951860968398,89539.55087691195,3135.9560764253424,1.560285835277622,0.0,0,1.039315952307175,1,0,0.6119915072897157,0,1
2.657904142375878,3.352275914723863,94439.14531873786,0.0,1.948239072929117,0.0,0,1.0408447791832176,1,0,1.073261669232402,0,1
2.9125787445229743,0.0,71008.51336922648,0.0,0.6567674585375998,110.09161774793084,0,0.9680449636027634,1,1,0.0,0,1
0.0,0.0,97039.78737410458,0.0,0.7948522031240787,439.64175948470205,0,1.02380243872631,1,0,1.0227245136294625,0,1
0.0,1.6815735724315268,86489.71922219916,3282.9166776054726,0.5578927551323694,0.0,0,1.0460383582520927,1,0,0.18305560022016165,0,1
2.308429129039593,0.0,88927.16083890677,0.0,0.5816959693537612,0.8142869347118666,0,0.8516012572469562,1,1,0.8559121059670938,0,1
1.1186029167498637,3.1081312992500423,82149.52934675207,1325.1492382354204,1.3611602251003554,0.0,0,1.055861951661298,1,0,0.18802140115529842,0,1
0.009084920645512806,0.1874976727541556,98971.44518101776,0.0,0.9338330984595647,0.0,0,1.023170737557983,1,0,1.9284614926884296,0,1
2.7877541052409267,2.4841310309789293,110359.97367091029,1462.548247854148,1.9150542818020215,0.0,0,1.110432118135869,1,1,1.1863182254800926,0,1
0.0,0.0,121737.3272172318,144.5755045603496,0.49557937103374616,439.6732537802697,0,1.1578776292533002,1,1,0.43722644677381806,0,1
0.38489503683818205,0.0,105760.16782104575,638.4179827386492,1.5476934562375142,0.0,0,1.163963857233897,1,1,2.1852657948512233,0,1
0.0,1.096842492195337,110246.13437772705,1262.8171519154994,1.5175012180476128,0.0,0,0.663936619086462,1,0,0.0,0,1
0.0,0.7709850491134,88285.56456649413,0.0,0.7953026610374554,465.07923935268803,0,0.9094549040568559,1,1,0.9804641333519735,0,1
0.4253928161931295,0.0,80890.20213401566,1156.3907159409305,0.8146268981661201,33.56869178229508,0,0.8933838910322265,1,1,1.3044549732674962,0,1
3.2749423764080507,0.018985816114504013,92896.87927346861,1009.717015160445,1.3544812488329045,0.0,0,1.0033259403769836,1,0,0.7843487475629923,0,1
5.01619135458132,0.0,95375.30210308572,0.0,0.49655481317639727,94.03399751446081,0,0.9309215661819072,1,1,0.8952580748731503,0,1
0.0,0.33793682933900787,85093.65318180283,5102.698192270009,0.7354810584074318,0.0,0,1.1022485932788175,1,0,0.5077915825198389,0,1
4.66113621380968,0.013030086441604957,105290.50823509127,0.0,0.05100731884784515,0.0,0,0.9296029993743914,1,1,0.3891190282153927,0,1
0.0,0.270447566687452,84776.97037482723,0.0,0.33881638142243486,68.49401868369847,0,1.0214790349961065,1,1,1.6086041749718307,0,1
1.363999671442757,0.05240279128029813,71286.7890375497,3103.9473391867496,0.24753846684396974,35.73902823474707,0,0.9178985939624477,1,1,1.0638833710854314,0,1
3.57741857104304,0.0,101037.19928104429,0.0,0.31825325928726156,91.63058357925667,0,1.0140149424904514,1,0,1.2171690782580347,0,1
4.22256881283796,0.6173254723870139,90123.52990203815,0.0,0.0,0.0,0,0.7283808327525791,1,0,1.4583150004986696,0,1
7.1083378222126115,0.0,83467.03526577266,1079.4669097029596,0.0,0.0,0,0.9306572908196387,1,1,0.558862239986667,0,1
3.4321803237049524,2.4710872810901687,80737.36845244946,0.0,1.6317668911293581,33.91132769061994,0,0.8161277734758596,1,0,0.505306889865609,0,1
1.2152433413867776,0.02496233997967353,109478.88169337553,1791.6231710741463,0.8971901626621613,0.0,0,1.1162702185101459,1,1,0.4795934525151284,0,1
0.0,1.3258541170285383,126803.09869781336,1292.2065271203762,1.9060695568063368,266.2031253648628,0,1.0119276815839897,1,0,1.0322118425369597,0,1
2.9460999227464595,0.0,105421.82735448773,0.0,1.7611509039246944,88.45192446788755,0,0.9874504511079736,1,1,2.363353765370128,0,1
3.543518601694071,0.0,86123.0516135333,2733.243208081409,0.6635364803177904,350.45189604620924,0,0.9585993960993537,1,1,1.0270493886320144,0,1
0.0,1.423017061608308,100397.4506359319,2.700258102588407,0.3262869933310648,331.61817702963634,0,0.9807899310248567,1,1,0.0,0,1
3.3477480773098485,1.1936515207363172,99421.44006460813,1010.7837681082572,1.110389544536931,179.74019626709168,0,1.1109884877928577,1,0,1.1940558968695063,0,1
0.644928555658723,0.0,94101.23560841597,0.0,0.6770929684336876,0.0,0,1.000174802681624,1,1,1.2590184993677627,0,1
0.0,0.0,82494.46766507132,3.441267490413793,1.4628298341312984,95.73886084178439,0,0.9589414481852174,1,0,1.6933570485846188,0,1
2.723401700446773,0.0,88344.27575429593,463.09937840220607,0.0,125.60813830799526,0,0.8171807722359583,1,1,1.9039730063614595,0,1
0.4277500955074873,0.0,79193.22804557707,3817.3791310218985,1.2449467105560728,352.2919971215097,0,0.9424171205636334,1,1,3.0175461246670805,0,1
0.0,0.0,99785.51771943142,791.8206308397279,2.1563650806210264,0.0,0,0.9875768973757514,1,0,0.9563286447403687,0,1
3.2189618197392376,0.0,91793.51537997469,0.0,0.7109244394651064,124.14789467526565,0,1.0390170861346752,1,0,1.167917725993977,0,1
2.811538897292614,1.3241228581257363,109262.4680058925,712.4027702398585,1.4462312223229503,0.0,0,1.0555151118567356,1,1,1.2363696141858638,0,1
1.209095828095661,0.0,94511.86046104507,0.0,0.10733033681752113,0.0,0,1.0745262904366404,1,0,0.7569115822068527,0,1
3.463810272315503,2.7096749822498363,104023.84890873027,1716.6827679835646,0.56321476385962,67.30550350382138,0,0.985485764409337,1,0,0.8346694955898638,0,1
3.3759028040630796,0.0,91954.8300159655,133.3773957490031,0.3615271476976881,111.20253819827343,0,0.9052513616589464,1,1,0.4927432491932725,0,1
4.292544871516545,0.2978494178279657,63490.22329832768,0.0,2.114824929600098,183.0240551267778,0,0.980902768108552,1,1,0.7152738535146907,0,1
0.0,0.0,108495.83721278116,1446.2095554191478,2.4268313677986626,0.0,0,0.9011343436623859,1,1,0.9116028803774109,0,1
2.0404520000946906,2.2853020033009797,96917.22498050392,0.0,0.6428127744465562,16.089262823497585,0,0.8105641872210219,1,0,1.342579793011038,0,1
0.08890536250440406,0.0,103859.2840588841,713.9030633524321,1.9464498913753117,0.0,0,1.0434383124861892,1,1,1.2958699896130743,0,1
0.0,0.0,100684.49756792642,1698.7488814760634,1.4245557207453654,540.4610401018832,0,0.7971627980534105,1,1,0.2099086474341183,0,1
3.4851242987770625,0.0,93880.802560588,162.81197070241853,0.7205301760987226,0.0,0,0.8852671416908464,1,0,0.05381918898068905,0,1
4.31205594087288,0.6365024508175476,66957.6233668784,17.430000953857075,2.156929023050159,624.373646113571,0,0.9942358025266226,1,1,0.6585833855770339,0,1
1.6862895072840818,0.0,93285.76052896888,1257.8279542312223,0.5782580486377096,198.37654693068214,0,1.1728483437244686,1,1,2.1085173728957987,0,1
1.55044140141489,0.0,85291.11077746056,0.0,0.5304659335893493,0.0,0,0.9280090022417944,1,0,1.2803666714840607,0,1
4.074612925983038,0.0,83011.69662122348,1073.1752032237189,0.25463306017428533,0.0,0,0.7825521617627604,1,0,1.103888859371598,0,1
4.830291025748432,1.1587531009565104,90440.79198848868,563.1197618404253,1.6455343302407623,72.16354382044064,0,0.9834412824315559,1,1,1.5177597504972868,0,1
0.2982475074036943,2.4879753113353593,87680.58585893491,0.0,0.30776046144819513,0.0,0,0.9896471008063292,1,0,0.1343241151152481,0,1
2.1282297523006415,0.41531198398837,116854.7378117886,2695.267581499405,0.8948729261133226,0.0,0,0.8992209084717107,1,0,1.5123785577971973,0,1
0.0,0.0,106250.0774271256,0.0,0.7477500579981661,0.0,0,0.9737977165593467,1,1,0.5867183454726138,0,1
2.423637075702042,0.6921490395219263,107682.15213790671,1557.4481025283535,0.6189392288664252,35.04621095095686,0,0.9182962707743292,1,0,0.0,0,1
2.4211959954841555,0.0,82859.08549244344,2396.223319387811,0.8346783946919444,0.0,0,1.0359292989406552,1,1,0.8693198994143732,0,1
0.0,0.12356552274345725,117306.64492292044,1610.6133044196795,0.6955457412428673,245.3604537966346,0,0.9217258759694003,1,0,1.7453371097326675,0,1
0.9864546527409305,0.07757451329223233,101442.80801108049,0.0,2.152856886373171,0.0,0,0.9227391186436094,1,0,1.1342685570665927,0,1
0.0,0.75938016785582,95063.17314414875,1788.191737106306,1.3211861353657086,173.8491370992059,0,1.0821067211826088,1,1,0.9166648433872131,0,1
0.0,0.9299829944589859,76331.68363188572,4056.566098078158,1.0649383439082363,0.0,0,0.9774595545287689,1,1,0.46427181047506094,0,1
3.4622694371385645,0.006808359230711783,99548.65936297283,0.0,0.6984050613636045,0.0,0,0.9373333303006601,1,1,0.8871638708716583,0,1
3.035040253070728,5.238405665288736,102674.06574346774,284.23601367680465,0.08755546786379398,303.42029503243896,0,1.1581790475867806,1,0,2.5173083321397214,0,1
4.728742564063558,1.4256601550522439,106514.77206980242,1458.6550928673914,0.5433297929001631,0.0,0,1.035732886293752,1,0,1.5457300569980785,0,1
1.5702273867980214,0.0,73193.31189663595,0.0,0.9832545726156886,0.0,0,0.8215816235907321,1,1,1.019959872003214,0,1
2.2643312232959616,0.0,104750.37148304196,0.0,0.9549631373070898,0.0,0,0.870763027870374,1,1,0.33235080542188644,0,1
6.532919530866254,0.033219029877704476,89210.66565555715,1503.664149170125,1.110243405059533,58.6856380250141,0,0.9886851666034262,1,0,0.0,0,1
1.3804630638924769,0.9858271834774466,70739.95062377155,170.8441207583202,2.063691732869122,0.0,0,1.0918292088790398,1,0,0.12969557299709844,0,1
0.9542466873388261,2.7383466700052757,119257.26182400672,0.0,0.6739156705140269,0.0,0,0.7737444610447105,1,0,0.7603145966667708,0,1
2.2840516896277836,0.0,117011.16552855299,881.1398746438217,2.025548029179506,0.0,0,0.8673101357701061,1,1,0.3074771935289997,0,1
0.14939104590278562,1.7717760919012833,95348.42540753423,0.0,0.8522778066817869,228.21364515048683,0,1.1426974759806532,1,0,0.0,0,1
2.7829270233941976,0.32866838069283366,96277.93404313689,1455.0450085439825,1.1450219110318678,0.0,0,0.9145746741512647,1,0,0.887626857350714,0,1
0.09444084182162094,0.5299494832349466,118359.7329992255,1068.5138513373458,0.9275698119718829,280.821525849114,0,0.9151932382151202,1,0,0.0,0,1
1.1925718978848812,1.841461828916818,84417.48406410374,368.4760077755677,1.9658489872939746,80.78361108041095,0,0.8473381649546246,1,0,1.2736215178563208,0,1
0.6199292233323184,0.0,120176.8620022998,821.1423624053266,0.3888188471639338,0.0,0,1.0569452199000176,1,1,1.587419045529113,0,1
0.0,0.7970518340797587,95245.61586113485,0.0,1.5792204572857358,338.27936452163493,0,0.823695652549745,1,1,2.1674320265870364,0,1
0.0,2.478923004752927,110834.28089921357,0.0,2.268087910515181,0.0,0,0.9886179629448506,1,1,0.24481686427170246,0,1
0.0,0.0,98381.84881509375,2838.057161501306,0.9245931526814248,0.0,0,1.047766148156205,1,0,0.5533626787970162,0,1
4.632022089011978,0.024981874562377295,86554.30010205579,2791.188354891799,0.0,0.0,0,1.0074715756273371,1,0,0.2497668674592749,0,1
1.9115131028178705,1.0845177994753576,89981.7250166878,0.0,0.1837920183206102,0.0,0,1.022325442163938,1,1,1.6694939390938215,0,1
1.5784393934549552,0.0,114214.79336273688,894.9923088816623,0.6861878699959704,13.869891780131413,0,0.93581725232774,1,0,0.36540826244086,0,1
0.496102635569017,0.534340776127529,87124.80972982036,0.0,1.28872780858456,167.52673658588455,0,1.113550179632882,1,0,0.6595490881995225,0,1
3.5357591652730798,0.0,117478.09064878529,0.0,1.9575291451021797,0.0,0,1.0420367549310134,1,1,0.9904996077247193,0,1
0.6268258919259557,2.0690328934917805,107015.69783905614,0.0,0.9260460881874358,433.94075428656623,0,0.849181549366912,1,1,0.27333415973557007,0,1
0.0,0.0,76372.2179032948,0.0,0.6795703056794808,0.0,0,0.9451536031504821,1,1,1.887058769150849,0,1
0.0,0.0025707349111752376,99045.05528878086,0.0,1.4843377875575086,0.0,0,1.1996380985680795,1,1,0.13100327198690676,0,1
0.0,0.0,89177.68712027502,2098.46503270391,0.8806803047293141,125.19020494856622,0,1.0381893501820203,1,1,1.101687801366737,0,1
2.5505216018813885,0.0,74797.66734241272,392.81342086041207,1.0190204129601124,0.0,0,1.0735768829215648,1,0,0.29878168676562344,0,1
5.32426594896627,0.0,95458.7292198639,530.6889895773835,0.6480976573411055,0.0,0,0.8747469681201682,1,1,0.640218740199709,0,1
3.160220990990911,0.0,74420.97340317855,0.0,2.1903076157081673,0.0,0,1.105581135017764,1,0,1.013902831340949,0,1
3.2668430365879733,0.0,109124.4833225815,353.20806909426426,1.137586485200109,0.0,0,0.7800521445013272,1,1,0.3330011073415149,0,1
5.106403539829374,0.0,83179.39230397547,0.0,1.8569419788781916,501.6783324072009,0,1.0324718001355089,1,0,0.0,0,1
3.1301393974194123,0.0,82916.37291657145,751.2288474315932,1.2718771667811557,416.0486443471667,0,0.9669843398284039,1,1,1.7741495844135358,0,1
1.5293409218609033,0.0,86861.00559633004,0.0,1.8148108779435734,30.121633125204486,0,0.9703871323452286,1,1,0.0,0,1
2.9287785249115226,0.0,114828.67566441183,730.215389808537,1.6188506153119644,0.0,0,1.107420499130435,1,1,0.6403461229998284,0,1
4.656027693171874,0.0,75482.818941859,180.9315934928837,1.6135928054182953,311.22377425898384,0,0.8822736004533839,1,0,1.0157687230044259,0,1
3.1500281010782043,0.2829054127296,85453.39739671304,2852.5629179274883,1.3381893845262107,346.7296001006557,0,1.0247950198938467,1,0,0.9789082480188516,0,1
1.265151326388674,1.8701926676495029,96914.80010085214,566.8024574504827,0.0,135.6782867524454,0,1.0273522272125915,1,0,1.0862895451138783,0,1
3.6919878616299284,1.1945449506940464,89919.7629417316,2913.1246463395064,0.0,407.6916243341697,0,1.0264558494105973,1,0,0.8334256035372574,0,1
0.8339027085308783,0.0,100446.28077084373,0.0,0.25425964530618383,103.60360417711934,0,1.148226570152786,1,0,1.0910704747967872,0,1
1.0233244553323637,1.5143614948379907,83806.56451491344,0.0,1.8557131041385468,38.24222816864924,0,0.9958745753539643,1,1,1.263613308206033,0,1
2.7146902767765364,0.0,98366.7066079517,3256.491866087897,1.4730868394021233,79.69895163781057,0,1.0469219357617798,1,1,1.9533972950150336,0,1
6.266952858072303,0.4539246389089753,61323.46432374389,0.0,0.7594489577424585,0.0,0,1.1085419566187695,1,1,0.5961235655010467,0,1
2.4232597115441994,0.0,108000.62075871944,0.0,2.0608936626321483,225.8957518874971,0,0.9210436193652521,1,1,1.885657881153585,0,1
1.326523380798825,0.9485954674934508,98006.37627181695,893.1629466055383,1.733737435931263,0.0,0,0.9835565823474641,1,0,0.8019856934868088,0,1
1.517126278575189,0.07818223443297259,130353.1318891733,923.3737573674831,1.3839692429060362,85.29483119691882,0,0.8666979150435286,1,1,1.4067730957536195,0,1
0.9443917030435836,0.24784107174989164,87976.95395303934,2469.586810834873,1.522004836236294,0.0,0,1.0587271210178721,1,1,1.1684978206557801,0,1
0.9619934134078809,0.04121149493866136,113342.45464193435,0.0,1.4328203904419559,128.3802396076778,0,1.0113116410257936,1,1,0.31334590345069846,0,1
2.861280192362749,2.7900061090513093,78427.77746531591,1552.868765363249,0.10606250036578024,66.49314906195151,0,1.0770700963270303,1,1,0.0,0,1
3.193005707246872,1.2945932982221535,92920.69489570257,3569.9316320706844,1.0362562327324778,287.45942935896375,0,0.9916925547028558,1,0,1.2957085309070915,0,1
0.0,1.076781592812153,77870.05306738525,2607.7098132010506,1.396712558779663,0.0,0,0.9427631848295908,1,1,0.1894481970555546,0,1
4.215380213470113,0.8669084643184852,93586.86532148284,3169.742813114442,0.9773151771032094,0.0,0,1.038089099896153,1,1,0.30525672578049856,0,1
1.3968394636915158,3.0187169990853655,79890.0094069725,991.9464742587338,0.48164233981778515,200.5485686767659,0,1.1509359009660303,1,1,0.7582677800156233,0,1
0.0,0.0,102763.02222286916,1913.7673415236686,0.0,492.6079073659767,0,1.0609712847613704,1,1,1.7574288333103207,0,1
2.050192288493026,0.0,112091.27230498492,0.0,0.4087026485955422,0.0,0,0.8502687487709628,1,1,1.9449823223323852,0,1
0.39486536938459726,2.5687580185624057,98130.8901178359,4595.852517560702,1.6731613927062436,177.62811472873886,0,1.0197729523627268,1,0,0.023376150933914208,0,1
2.302958897190095,0.0,127582.40207869656,1593.9480017113915,1.4080703256318174,0.0,0,1.2227564258779218,1,0,0.0,0,1
3.7484978116758376,0.7947066320055002,103952.09826882431,772.7848008881892,0.0,0.0,0,0.9308316963764686,1,1,0.8822692367703882,0,1
4.39932861113441,0.8608524430381909,80875.1776906686,204.21711891143104,1.5491542088485102,11.565591238252049,0,0.9490655626425812,1,0,0.5185551248231679,0,1
3.845441723692466,0.0,129464.84738846135,0.0,0.04796050020539799,89.07338593249216,0,0.7948556637780562,1,0,2.1538521702597304,0,1
0.0,0.0,105135.61852466295,0.0,0.8618687868967267,68.73005631747554,0,0.9907326625073426,1,0,1.5105113271958721,0,1
2.2400210293639424,1.5898984288496205,73838.72614530346,0.0,1.5921954635195692,0.0,0,0.9524694946618442,1,1,0.4135063648586661,0,1
0.21888818788018383,1.8696116502000841,96315.00968913366,0.0,0.7640507179136966,0.0,0,1.0497809627175942,1,1,0.047409311279733024,0,1
3.7476977001698173,0.9397113031853458,104999.31558945187,1799.4612055667053,0.0,0.0,0,1.0011563834285278,1,0,1.324464396073934,0,1
0.0,0.6806442176358019,106310.15503883953,1836.275362364127,0.0,382.9589700786756,0,1.0195090543523517,1,1,0.5520995097351085,0,1
1.189599797970378,0.0,102502.70693409441,772.5602195150692,0.31216556092138315,0.0,0,1.0580050838444095,1,1,0.40258859534671476,0,1
0.0,0.0,101601.32810706334,649.5942359311764,0.6847440184352045,0.0,0,0.8095540342447475,1,1,1.2097790094505787,0,1
2.1677278658383026,1.8592334030062403,86793.5310360016,291.4939860920892,1.2892082656641226,54.539796873413884,0,1.1199579592268916,1,0,0.2545976279303612,0,1
1.6902252406521316,0.0,97332.29715446255,2440.7497201240317,0.5633951281428,679.4797380329766,0,1.043463606782798,1,1,1.1653064621960625,0,1
0.0,0.2581820223937567,102031.38733175259,0.0,0.6252387364203968,0.0,0,1.1019314009255452,1,0,1.2913552000857176,0,1
1.5746426355004643,0.7302768278153845,92840.65686865948,328.65623607516784,0.6239840468881224,293.69063063092,0,1.0437251094706388,1,1,0.05031557806554454,0,1
0.9483622597716117,0.7839827847256645,103547.26618618742,1186.5602222020955,0.4824699748626111,0.0,0,1.0407994310868405,1,1,1.2850569745494342,0,1
0.0,0.0,96006.48589159202,0.0,2.346764757678653,0.0,0,0.9809412869306703,1,0,0.9815296997293016,0,1
0.0,0.0,102272.68205780673,0.0,1.1837036387706152,140.49485514664207,0,0.9487663338860414,1,1,0.0,0,1
2.357940010267638,1.3359110978882465,103682.38823936267,1414.121748621999,0.3105607272567522,182.07578564197996,0,1.0912853390851334,1,1,1.1530470470190437,0,1
5.018756082507387,2.7951562659116393,87497.30639834404,4254.5252229687685,0.0,113.51602109814685,0,1.0454987226245263,1,1,0.5131581715142601,0,1
2.8322233582795695,0.0,97289.97150105191,541.8904292753014,1.091235621563335,10.650787040823488,0,0.963933279016925,1,0,0.7465845774741771,0,1
0.0,0.6691144214458897,100786.74082279089,1298.9441756942192,2.057824337627789,0.0,0,1.1396424119903696,1,1,1.441083098103803,0,1
5.383787640295201,0.0,93330.29419504131,0.0,1.37204254918361,371.84438750589635,0,0.9804722116704621,1,0,0.715001896386861,0,1
4.754361576626211,0.0,85873.59733369065,657.7323626036632,2.8583479311134816,438.94991932827406,0,1.042341880045214,1,0,2.1375403509667144,0,1
1.4361388033737432,0.0,101334.1814892928,0.0,0.5804083551815964,0.0,0,0.8796644276173001,1,0,0.0,0,1
1.2645985392400472,2.902725610308248,107008.52397107767,0.0,1.384071222820112,0.0,0,0.9530774993049432,1,0,1.0982547749427058,0,1
0.6890149085155368,1.1619911310139062,96467.1888908793,1296.569638898614,0.0,0.0,0,0.8838876249736842,1,1,0.42254736865409803,0,1
1.7525332077648432,0.15759226339988064,93831.44372498957,463.78880558759255,0.0,0.0,0,0.8850404898600011,1,1,0.5240219634127362,0,1
1.003443315515939,0.0,93375.75729831935,0.0,0.8678452671573759,225.19265962221897,0,0.9793992637813658,1,0,0.26690408663840115,0,1
2.510385858058332,0.4804998949199686,99057.42607090813,150.14679383527948,1.8472651431476277,0.0,0,0.9441177675787152,1,1,1.4341306655086254,0,1
0.0,0.4988803782299271,76166.56574097302,2189.7629976131016,2.2239681008254863,63.054172311683764,0,1.1004633737199847,1,0,0.06954149680465727,0,1
0.0,0.0,97200.22615824304,0.0,1.0406203910219842,120.10314586804715,0,0.9332773773788227,1,0,2.1152751904672575,0,1
0.20620328425613588,0.13454073633179225,98509.15188846589,0.0,0.34218235449494494,0.0,0,1.050853677283633,1,1,1.5377099486107875,0,1
0.5891365326379876,2.674674715666668,99392.93646793325,2921.4576841291614,0.0,0.0,0,0.9223346045104743,1,1,0.5121866630226082,0,1
2.086320416582111,1.4361759667454284,82064.42502944144,453.13865808387266,0.5614546380854212,24.921179519706815,0,0.9988299361438946,1,1,0.6846734040772371,0,1
2.4373551175085946,0.0,74045.74312786032,3091.6787111336416,0.9600961702640439,215.873465430768,0,0.8850449134767174,1,0,1.5969919427494041,0,1
2.920949331086874,2.944545621828806,92200.30525423317,888.0964288643818,0.5728528836989073,454.70868860379943,0,1.0697315916042174,1,0,1.1310754517183166,0,1
4.807361134772502,0.0,86107.2003013928,0.0,0.0,4.596907878793046,0,1.1548384012532293,1,1,1.911802603551546,0,1
3.0985269369705426,2.465453861289872,94568.61010826493,1440.881030528577,0.992029476556986,0.0,0,0.8780990860495996,1,1,0.852732732857066,0,1
0.0,0.0,100394.62735439895,1482.0091345233582,0.7373167944886545,161.3560832497761,0,1.0605612311051558,1,0,1.6854073403440146,0,1
1.0791612667452184,0.0,117658.7449504081,3444.395325146664,1.3230068483413544,0.0,0,1.1671355565432544,1,1,1.4850384102075918,0,1
1.3174928268146764,0.0,99956.33709321237,2770.6156474017926,0.3951391782260948,587.3898925408184,0,0.914002302121178,1,1,1.4837405057410649,0,1
2.314548639577346,0.8548772739912279,95903.08294093622,1923.0794337656653,0.7146112474652502,360.47151032042206,0,1.1529367178617398,1,1,0.8975575449467261,0,1
1.0684496974569835,0.0,114455.82932649212,1477.5065455783806,0.9958119805905895,0.0,0,1.0035038664755427,1,0,1.3420514115426523,0,1
4.360761661480905,0.4023193958198983,98573.08636912737,1078.231632580967,1.2514210264174555,0.0,0,0.9880464760518486,1,0,0.6793011053777578,0,1
1.158188631365256,0.0,81542.1458671339,0.0,0.6329524815557399,434.3902628159111,0,0.969171478138169,1,1,0.4770125469468862,0,1
0.4260423783910433,0.0,86462.83179559307,2564.5192687021467,0.42184324396933204,30.745532862248623,0,0.9708092776181526,1,0,1.1208418837687075,0,1
2.1445722769699267,0.6732326776747433,129099.10804931176,315.7975889306639,0.17787423031442218,169.14469458158217,0,0.8723599910017992,1,1,1.47404902181464,0,1
0.36356494299387987,1.2468311768575957,83359.81224550087,512.346231425521,1.0357700778670214,0.0,0,0.9390453225104705,1,0,1.0206560612645015,0,1
0.0,1.993935893202929,89324.23713450633,270.35125479185115,0.6972627196511358,528.8504535990284,0,1.2239502322792375,1,0,0.041920561345726304,0,1
5.2519834990640355,0.0,107541.33129715375,0.0,2.210056340141609,42.6834065827655,0,0.8505112396067,1,1,0.7929079197355628,0,1
0.69696334964675,0.0,79690.72211337535,0.0,0.8372024218388606,236.69547445007586,0,1.0184560500774091,1,0,1.1846950090129809,0,1
3.8759000124369902,0.0,101808.96748153695,148.64011295120696,1.0763840305587444,0.0,0,0.9911852793127526,1,1,2.1055911349615952,0,1
1.4000070780158649,0.9036103073477252,113186.1890992425,868.3469902283696,1.649527643173388,0.0,0,0.9842690218431137,1,1,1.6202699227095623,0,1
0.6759364569584201,0.9273298630533664,102945.61943935433,3189.877510432435,1.7395216304796315,608.9610540432872,0,0.9164108050458096,1,1,1.7767812933443996,0,1
0.0,0.0,117651.39035103835,0.0,0.6516877865130533,0.0,0,0.8184529674871603,1,0,0.0,0,1
0.0,1.7901743967188448,96077.08647440432,939.8384255864343,2.3431632963052804,181.1265766530982,0,1.0292367599504337,1,0,2.2665527902360516,0,1
1.3599766958782145,0.6391074937734248,108578.27441603459,22.526619222444992,2.5245415864557224,273.0382709271086,0,0.9318118658592662,1,0,1.338726189035135,0,1
0.7809616890651564,2.6922316817394045,63510.9622498636,0.0,0.7300628099110253,84.54584612957167,0,1.0089847571247037,1,0,0.18270060813661937,0,1
3.8174768068166705,0.4998530958881251,102576.22085926766,0.0,0.9777839430992751,287.7113926552076,0,0.9217407146949934,1,0,0.1272845434618296,0,1
2.4356896137178032,0.0,115263.85277437142,0.0,1.204298723259699,0.0,0,1.0535223976643633,1,0,0.5327968834234467,0,1
3.2398576323241546,0.0,98903.58779192975,1508.3080507460159,0.4128863450617959,357.45307806195717,0,0.9934135189145938,1,1,0.4020274243976245,0,1
0.0,0.0,84334.3810329205,0.0,0.9315631377895871,0.0,0,1.0193495330292255,1,1,1.193919220480105,0,1
2.832314953885098,0.0,75178.91651689619,0.0,0.2530390283719355,253.15254938827314,0,1.052757766094056,1,0,0.530702722281895,0,1
2.6416051945713788,0.0,115157.1326550491,401.5134440282405,0.9253524936767249,792.8153859124428,0,1.000614949908583,1,0,1.18786305226835,0,1
3.2004546849865427,2.8626703138978686,78340.0375133034,725.034231748152,0.8585762652475835,371.5316552767725,0,0.9174692214328384,1,1,0.889364202055947,0,1
1.9819234971032293,0.0,85193.51852348163,2660.3486269658674,1.245265673881996,24.139606195239796,0,1.0897266323236892,1,0,1.7085890598177933,0,1
1.1053590553405375,0.0,95934.59270373858,825.1408221363034,1.3561343849336551,0.0,0,1.1942551049811354,1,0,0.9368476860050741,0,1
0.0,0.15488880176979547,98293.28509634713,4817.998714095939,0.9376903798613593,0.0,0,1.0388570632278147,1,0,0.0,0,1
0.0,0.0,114893.46659340455,4458.373093528871,1.9138405654209292,0.0,0,0.7116925416839095,1,0,0.23137889631209319,0,1
3.315418115054049,0.0,122598.09517955323,2862.9235137405212,0.288348938454543,0.0,0,0.9108851047836778,1,1,1.397214263020078,0,1
0.5648972968981536,0.0,90982.51561266024,1694.4682146778196,0.6948537922149354,0.0,0,0.9778083291592171,1,0,2.0444528827857233,0,1
1.9588922207503636,0.0,97722.63939050843,1205.9152289654562,0.4660656522374781,0.0,0,0.9593868508573188,1,0,1.2971002382787553,0,1
0.0,0.0,93051.99295668658,2719.860970554988,2.078363119530824,264.719824361396,0,0.8361378036084507,1,0,2.461536859596592,0,1
0.0,0.0,84046.93571629959,3645.5645700463783,0.8418761880258835,237.1322307811337,0,0.9202857930692901,1,0,0.0,0,1
0.0,0.0,108203.36018156474,216.27804158593565,0.8506306790394588,120.99680335204383,0,0.996275543791948,1,0,1.1067190222442953,0,1
4.791753024322503,2.4188498539071213,38951.667438826415,8915.910808471603,2.9318647143315593,65.91410320269523,0,4.021652491363803,1,0,0.0,0,1
0.0,0.0,87595.11798361035,9586.378690531656,0.0,0.0,0,2.997869765115983,1,0,3.4456015107793156,0,1
2.9363075635643243,3.408921353238475,61820.645391711514,8585.939212157566,1.2391052720251645,0.0,0,2.9071919603801946,1,0,2.916639341787705,0,1
4.664211738831647,0.6471729231103085,38592.95069720833,7450.704467962714,0.8925398916692077,54.62155857697297,0,2.870278537019377,1,0,1.9868729781104737,0,1
4.277284599219191,0.0,52428.30431087551,2992.6453990763193,1.5767080923456889,0.0,0,2.946790138260719,1,0,1.7443954845432859,0,1
1.9467960343388304,0.6597153483604759,70209.80596848855,5190.277438927107,3.628445365768378,0.0,0,2.9475273699392597,1,0,2.31882261851169,0,1
5.111888475533979,2.145348723944616,60831.65248588532,6559.449713330263,0.954768851045382,367.9793286969808,0,2.045168356944814,1,0,2.3866778195469145,0,1
0.5201254229806744,0.0,104757.25791979811,7712.393040355299,1.4220110136504744,173.59749553103524,0,2.8730491311244615,1,0,4.216590899762203,0,1
4.480630896636181,3.145458411479989,60299.681779666,8783.165112578525,1.270152957178631,0.0,0,2.0161491266413565,1,0,1.4108356752512152,0,1
7.144389827736646,1.1790087582655442,68429.49448923772,5592.549960568535,2.1872007652579573,474.7143766117681,0,1.992640369834366,1,0,1.137354313659617,0,1
3.327768771141953,0.0,81311.98118106574,0.0,2.6399748265945906,335.08497684852165,0,1.9580295395673442,1,0,3.824300432847921,0,1
1.653591974109219,0.0,58616.161626669695,8954.604749646276,3.3601753756744874,17.157281844909505,0,4.039236604986801,1,0,0.6549264942451811,0,1
2.445862284586659,0.0,66866.08980121557,4169.68274695111,0.9070937455933863,0.0,0,3.951317121928837,1,0,0.7953517101561549,0,1
4.656543597725626,1.7602919585159604,100099.1638579827,9925.250890448582,1.0745299544661486,547.9686381319345,0,2.1053446904469277,1,0,1.9670409878942239,0,1
2.504534207407687,0.0,70198.36337131582,6936.703728155795,1.6922656965856402,557.8415503274217,0,3.0743696896255686,1,0,0.7135157071901608,0,1
5.018468720101595,2.5204649740420852,47961.703897298496,3436.849405314085,2.050831826487173,426.66788704418553,0,3.9282245527322757,1,0,2.2937171920237223,0,1
2.997486381968619,1.8661544159071348,89603.79812761267,7572.648425574892,2.2769619426804226,419.16556003307227,0,4.162737396128329,1,0,3.1109767742204633,0,1
3.8602913172723183,2.4846035278288565,20218.332768466134,3671.7863513751035,2.4905550207167892,17.10103209790541,0,1.7909671101784368,1,0,3.3128661236915224,0,1
6.406440433114636,0.17440374294662528,49377.16832588626,8659.410570345473,0.7634099217726054,102.88332629284965,0,2.1609865100376964,1,0,1.7053831643674262,0,1
3.667257256121232,2.1683120177730206,34387.601556354006,1800.5871703557502,0.43531583557136055,483.5667579477056,0,4.144867067492702,1,0,1.1938765550920594,0,1
2.870540860820849,0.0,67016.5649076025,5060.122414419095,2.441338263168472,171.71343056780256,0,3.8849615469439214,1,0,3.6517877022840315,0,1
3.577022490202154,1.67441244959319,68407.20107549528,55.93037431548464,4.347005416975341,0.0,0,3.9676231175323062,1,0,0.9146654534084891,0,1
3.3518604008871233,0.6214890421191883,108443.18575578475,8609.237961554938,2.1143355152091656,0.0,0,3.882728636989061,1,0,3.049610898081183,0,1
4.243065036275149,2.659657515359484,34849.263647572116,48.25473148263882,3.0439872958206453,373.88102793759856,0,2.95098928458483,1,0,2.3317537814813303,0,1
3.2148748173350747,0.8735060692894381,37215.67952774551,9663.01788752971,1.4440484968743676,653.8382570120315,0,2.143432701105379,1,0,1.6572876930861948,0,1
11.053624258346662,0.0,0.0,6406.649330633328,1.9493949898576979,225.31807030263968,0,1.9829232529131642,1,0,0.9647971673441811,0,1
0.885860750727878,2.525783316963723,21878.47904389739,4455.744440722841,1.4127756831345635,669.1074785929178,0,2.7859271442295572,1,0,3.1665750645056128,0,1
0.012917736845199368,0.363011583544715,81399.40829434586,3611.7458904567525,0.7979940564547128,0.0,0,2.0765905862135314,1,0,2.899666759396689,0,1
0.924854465079511,0.0,46552.33928589862,1272.9003130284577,1.1178725958233635,0.0,0,4.022524254743965,1,0,1.222212300267293,0,1
2.363663062931262,0.0,18943.0184075313,2508.727163835354,2.988935322350873,0.0,0,3.875436565784658,1,0,2.78360893627937,0,1
5.308002202356457,0.0,33467.79646241307,8415.838217692512,0.0,0.0,0,3.163182586717288,1,0,1.803848903443939,0,1
1.3999778980489888,0.0,65224.67884221513,5385.678302124838,1.3038031957757328,0.0,0,4.072730491415396,1,0,0.5525584981135061,0,1
3.9135857062243185,0.0,68597.7474754049,3398.189293829789,0.6915323297554317,408.80064138366356,0,1.966168953302084,1,0,2.0798501445041335,0,1
5.165794150980936,0.3774841769002709,28498.33917543564,7828.9693225998735,1.0919138092509058,0.0,0,4.025737138764623,1,0,1.5498054485478616,0,1
4.119583150561522,0.0,42000.659821091984,3818.1134566247974,3.2318384288286377,315.91374203564493,0,4.1322554277957755,1,0,2.2398833445306527,0,1
0.060476969191896934,0.0,61012.58721626601,5663.092032990758,2.448655743297222,0.0,0,4.060127978590428,1,0,1.3207251663673985,0,1
2.9868606468223717,0.0,22950.766812013404,1403.4493584552897,1.2504412677069192,0.0,0,3.8438000785095414,1,0,0.8319172916603712,0,1
5.329954104066507,1.7662366086321617,80718.18638562795,2835.502719987905,2.6306697645473,27.413288302927747,0,3.922750581642848,1,0,1.724492487433124,0,1
1.8210919290722387,0.239913478130937,64513.72683225722,0.0,1.1009708018644409,82.41595047563908,0,2.795618772478135,1,0,1.0519467720194586,0,1
1.3640445372468253,0.0,69347.78999616129,2698.7928858012497,2.528867095869589,340.4798093142911,0,2.978105604263077,1,0,3.567544920223515,0,1
0.0,0.0,59132.749120394634,6893.165788294091,2.785411000589537,0.0,0,1.7951451801612368,1,0,2.4437778365506873,0,1
4.264142109232451,0.3403287741456016,100925.17034090085,4722.95615876318,2.501375259688186,276.3066390075634,0,4.0105416921816,1,0,0.6922451616022316,0,1
6.782784667541135,1.551418006871884,44460.1624712417,4115.212061257212,2.750789865150601,410.0248800495441,0,2.0846720847821523,1,0,2.307638756790401,0,1
7.590454027346157,0.0,117839.36520206337,4363.727843122102,1.5119203202792257,118.35884518115206,0,3.9842341330699957,1,0,0.3036374903365633,0,1
4.984523847289977,1.3102853787963564,54812.51837063441,2367.5580478107477,1.6968362598965665,672.1980288787614,0,1.8661593687037406,1,0,1.850518915348471,0,1
5.799407246546783,0.20580438435158926,11491.752251122858,1990.9635426560285,1.1584722443182698,0.0,0,3.994405210642258,1,0,3.974960932505174,0,1
4.279827903695985,0.0,31955.18503579926,9775.389620738033,1.3833628349178633,0.0,0,2.023789493465343,1,0,3.1626446111726656,0,1
9.489214449134758,1.732549596211518,109235.13631815863,5463.386947148287,2.7011991351324562,0.0,0,2.095564152082077,1,0,0.4872584830054856,0,1
5.066584765403891,0.0,42844.869305114975,3887.593672490688,0.9121307833489691,723.1803624477807,0,2.928792036265306,1,0,4.1568896789551575,0,1
3.8593996914437727,1.7732437395083496,73403.59907676972,8583.562760623492,1.509447668334585,318.8435659559045,0,4.05228019915136,1,0,1.3940431491195198,0,1
0.0,0.0,91253.06481392652,3327.796547878503,1.16665208689107,392.4511290812508,0,1.8786616454002325,1,0,2.495367607884626,0,1
5.551748605641535,0.0,35775.11441025816,1959.1365792412398,0.7339396001596419,292.9446477088997,0,2.9026722348501335,1,0,2.4775277813905463,0,1
0.30838621472172734,0.0,31670.692720742853,1794.6621086090317,2.2655403918057337,0.0,0,2.130866491614867,1,0,1.3078317228308023,0,1
5.263593181518309,0.0,121304.88923779623,1710.7311018011414,0.7858452447384948,133.2979791778491,0,2.2017832514255344,1,0,0.671451530877964,0,1
4.818857708433098,0.0,42696.36837622222,8966.60297979022,2.0918008810288584,0.0,0,2.9202787616133667,1,0,1.1903003478424532,0,1
5.902350400599774,0.20896419263164753,17077.166492866098,3343.8804974581903,1.0847564876755331,670.981884124038,0,3.1206554950315635,1,0,0.8727631777836873,0,1
3.8751096515573753,0.0,37361.67935513621,6788.566295053017,0.6063361604766283,36.188872814378925,0,4.071357842242771,1,0,1.3484206194255535,0,1
1.347463244679727,0.6375434734403598,27581.973356242896,10217.646224119875,3.425606577402311,0.0,0,3.9479010782448287,1,0,3.6130526217292402,0,1
0.0,0.5734864192096267,39958.39589598919,9637.735133114336,1.1046594075527167,0.0,0,3.9908200707908352,1,0,1.39831503164378,0,1
3.457733377637113,1.578127579427736,18962.81421444846,5498.278592036471,0.8051234389353598,588.888164537879,0,4.053794229939249,1,0,1.0230727841318377,0,1
5.668536969981253,0.0,30501.63232168239,9029.317227133986,1.7734636182281944,367.960928245698,0,4.064467320771199,1,0,0.8537522572391292,0,1
4.188642911879773,0.740145625561216,74300.96061184238,7761.893558798667,2.4189773745674827,172.81448412472727,0,2.141006383600344,1,0,2.0727707444279218,0,1
2.5111085949544965,0.006318980165629637,63291.870450679635,4715.238312763428,1.926644452169705,0.0,0,1.9021234831796172,1,0,3.0963891177726897,0,1
5.465511695857035,0.0,3089.307244542759,6124.4371917521175,2.638584867259765,163.10444550926604,0,3.09117082870101,1,0,2.4172761550408155,0,1
6.248626066198668,0.0,81500.76051041702,1322.6415753110475,1.554534469587527,0.0,0,4.078141010768245,1,0,2.6772302959761296,0,1
3.663699931936245,0.39898753233496703,73847.78880606414,5300.413583266647,2.2478135747144017,0.0,0,4.154941614483984,1,0,1.725057498637379,0,1
4.446794137861312,2.063099490695406,59380.75196125004,8342.412313388068,0.4100306313433475,475.10105658179884,0,3.9652093895546,1,0,3.1658160832838522,0,1
5.336565299375875,0.0,4171.986988604871,9679.668325445207,2.2009787056950447,0.0,0,3.117560888255288,1,0,1.9489374490456899,0,1
3.0021071418443066,2.004879812194851,105120.91015954634,7658.103907104091,2.3139699928513022,0.0,0,3.152292300791495,1,0,0.9339138918270165,0,1
6.010535476569414,2.1002530957049306,18743.741225688675,1689.501639663071,2.021439596294169,0.0,0,3.0298408189176205,1,0,0.1807636245093167,0,1
1.2424954498658098,0.0,22844.234090186394,9246.335257301283,1.7092061566155752,0.0,0,4.024226917461962,1,0,2.2928950651824627,0,1
7.674980245593342,0.0,59149.61594749512,7245.292046222201,3.417314641237097,0.0,0,2.999835520263193,1,0,2.8855760681379516,0,1
6.019614463205298,0.0,95960.64657953627,10810.648214749854,0.7362182211112469,359.0766149543025,0,4.088948534200376,1,0,1.0820632398726957,0,1
5.283866843060181,2.3646209700390592,64566.296422897176,4297.8032104164295,0.9054899740297442,0.0,0,2.1178594205929935,1,0,0.5892005728741648,0,1
1.832186154639421,0.25635376237577995,89741.46931010479,7493.677200249062,1.4928454284765094,99.92181962313956,0,4.063334254332563,1,0,2.151511166912271,0,1
1.6133879931657351,2.2596247424913507,82419.65384285788,1008.9058510486323,0.5015628139282331,0.0,0,4.06889607320948,1,0,0.9466371959172669,0,1
2.4327211501239763,0.07617478034411804,84689.39547642735,3369.25481261414,1.5459781671076487,306.35750445886805,0,2.9300970190872286,1,0,3.004236004601519,0,1
2.104355895035546,2.407789580558314,37223.29151808201,9200.264322775172,3.262342414598617,258.2975193251074,0,3.9323444358518995,1,0,0.47918049274627716,0,1
3.553296849323842,1.09757958174871,75036.9599874352,11971.01462846359,1.088958737488519,74.04615356118704,0,2.8722002442921806,1,0,1.9396336678964612,0,1
3.50268401807097,0.0,93958.21638090495,4153.403537060647,0.7861034947765556,567.5176928262505,0,4.211976308656482,1,0,2.0122621800892553,0,1
4.908419698535928,1.9792511065340572,25884.9474091811,1941.1423658931485,1.3135887297437359,0.0,0,3.958986392980652,1,0,2.9621912915687485,0,1
4.602092818840758,0.0,44632.27795421996,3013.603257870997,1.6746795028290284,0.0,0,2.072605358584761,1,0,1.9936010951241097,0,1
2.0222610789318387,3.114252507046955,102300.95182751765,5830.400221712511,0.5866723924434376,79.5867483135887,0,1.899341370322083,1,0,0.15729231906657226,0,1
6.488126825791129,0.0,52282.852470289,1007.9892536929042,1.6181069633502219,278.0258494708644,0,1.948977651141862,1,0,3.787843377219004,0,1
0.5933384068961858,0.0,85721.2462398032,2679.189846605186,1.047234865441578,0.0,0,1.8768328792398463,1,0,1.7240953115415318,0,1
0.0,0.4317144751481111,75147.63415613736,6857.367667174736,1.580869195546957,352.6685031289354,0,1.9110740118279967,1,0,1.3223452663103779,0,1
0.02037238092071969,0.0,56806.03219235793,4801.878529146436,2.3645423513956656,0.0,0,4.008071481313201,1,0,1.1949501933481563,0,1
3.4957510187989103,0.6756400835372034,90193.7111393801,657.5735448020841,1.6430254556217903,276.3172534748692,0,2.033693102172713,1,0,2.752899618286445,0,1
4.867846056167594,0.0,107131.10681382587,6104.366693017979,2.1404677705218917,0.0,0,2.004983111635119,1,0,3.03070136079174,0,1
6.8767331235045495,0.6476039002671756,13334.34863106387,4217.990042447687,0.8871934219165867,447.21724301405925,0,1.9165166578120534,1,0,3.2662902103734397,0,1
3.009671690405538,0.0,0.0,7406.4570558666,1.9431320670630783,330.69204187282577,0,2.980240729626173,1,0,2.9753287095836707,0,1
5.640034345453858,0.0,11421.151743644983,6849.396350859304,0.7063289554430534,386.81167827399776,0,2.093621604828272,1,0,1.6772673729168843,0,1
6.780014277142843,0.272682032403187,71622.06190407988,4686.435854090101,1.349969447089834,143.5284771405857,0,4.119710007074014,1,0,0.11276693810688632,0,1
2.5214085688976255,1.187820884368487,67348.2130094439,10815.290089297463,3.575528269982889,36.598542945880986,0,2.072796596697887,1,0,0.7096285098400295,0,1
3.638072258015436,3.111042011317787,47959.148833859814,5716.981041506535,0.0,0.0,0,2.0355484454553388,1,0,0.35009219173524864,0,1
2.6276715732406974,0.0,17372.543775721286,683.3662290576644,2.7272486879540585,34.30837098032076,0,3.968504345452447,1,0,2.2570152616859236,0,1
3.0986328754961114,0.0,38639.462351465074,3666.0025031177247,1.8661543248672865,365.339280483479,0,1.9298074763167912,1,0,3.0168871634586623,0,1
0.0,0.891182623871856,113137.77547538037,876.7795165587104,2.0126016663876274,254.31628283995335,0,2.9918965045921615,1,0,2.0897853807643116,0,1
7.413740787545443,0.7395455483795942,83777.03613259425,9551.212419346128,0.0,0.0,0,2.0179965518711604,1,0,1.0246673556508712,0,1
3.8120816643823416,0.0,67592.57817722872,2762.158590922098,1.723024993677445,991.2172571908088,0,3.1059613714135716,1,0,1.891300959667539,0,1
3.062096159186747,0.0,86958.4896379471,3746.370062931423,0.8495138316431479,401.5699992178754,0,2.935892870418387,1,0,2.48330876861968,0,1
2.0485854183895214,0.41686510305828056,73902.05925324894,5820.187692150992,2.515291706751447,0.0,0,2.8940579072499992,1,0,2.265299308395684,0,1
3.292210426694881,3.977580677292522,0.0,9250.733041814237,1.3692690155277831,0.0,0,1.7950943702682525,1,0,2.7446470926575763,0,1
4.254205155794563,1.81775544826163,3510.530713319522,7012.604871647252,0.7506457875952847,0.0,0,4.112972795721723,1,0,3.609738294510576,0,1
2.8264041251887697,0.9703101984105,0.0,4709.005914980298,2.9990377521778435,0.0,0,2.9871758385596907,1,0,0.48973145584820754,0,1
2.545187303755355,0.0,33024.554638130474,11005.670007566534,2.9426539016503455,474.07175333700155,0,2.834740618824745,1,0,2.2641639199948442,0,1
4.523956800528588,0.0,47647.12486345702,2393.5851780807,2.1081954908364673,166.70551457138563,0,1.9395306478239551,1,0,1.6086879604293325,0,1
0.0,0.0,16550.19801865394,504.0301438796814,1.9717725364626024,579.23576572219,0,1.9252021875101601,1,0,2.9427713977630825,0,1
4.3685398225320125,0.690911325371061,70813.20154856548,1549.6162696350657,1.691142300132312,560.1907939708243,0,3.9459365001699545,1,0,3.803099386311601,0,1
0.0,0.13909470842751046,84568.40641451081,3731.632535318408,2.3333956293099214,492.98282460169946,0,3.065072075732366,1,0,1.5538070671384752,0,1
3.4705380687196827,0.0,18991.744515256836,7748.1945962516675,0.5147534774548352,556.1950451121231,0,3.88859301165789,1,0,0.8250325387800843,0,1
5.429308004895116,0.9437585811128664,83075.03863122681,1548.7251109813326,1.423300194611099,56.75373005720546,0,3.0872251154783146,1,0,4.591903130202705,0,1
6.157375179471033,0.0,45710.352536910614,9854.000536320185,0.289496587633559,102.88525358245772,0,3.9282849935814528,1,0,0.7815402525272558,0,1
0.0,0.0,70858.59795605493,0.0,0.3246232047977671,0.0,0,1.9171154772764418,1,0,3.235337860548061,0,1
2.3508153498366338,0.0,69050.35390753431,3172.6460068243346,0.920276954465739,250.230507610823,0,1.8779337035566692,1,0,4.483326133280977,0,1
2.4195147957669363,3.123912926823601,31402.414419912922,7323.550246707469,0.7457804345424082,157.8450807450335,0,2.9890598604496073,1,0,3.3887254298374683,0,1
3.964473601082733,1.6164923077151487,17765.88566355448,9796.138023304713,0.3593458692784195,616.6012526180456,0,2.0286063731777957,1,0,0.9426193141685555,0,1
1.7340373201390142,0.8381230279163429,15931.789379729724,4242.0754022475885,2.8330189872490275,0.0,0,3.9561682647669203,1,0,3.0261127437927646,0,1
1.4000324192786922,0.0,42659.261525735375,7104.380517713605,1.484509153323705,0.0,0,1.9931354137745676,1,0,2.3627115379592483,0,1
5.173035723421319,0.23125284845045824,42189.20381686404,8223.658801176878,0.7196051428040536,0.0,0,2.9714245874219425,1,0,2.63218301474678,0,1
8.574367598020325,1.946050923467731,61249.50055732435,285.33255620922705,4.709699414457175,446.58873433944785,0,3.0921357228863777,1,0,0.665594409417515,0,1
5.932895809735046,2.697162278959333,30850.191309138685,9425.810301318483,2.8784256217737973,89.33641923594567,0,1.9756286595932373,1,0,2.6452487129002797,0,1
6.1222061882633145,0.0,22977.59558213189,0.0,2.1106151248613045,0.0,0,2.006302700602536,1,0,0.5989649135532324,0,1
4.353789738497245,0.7582665476245527,20675.44847705704,12817.882305376646,2.0533497289994216,84.89790652426043,0,2.1620379189531103,1,0,3.1936657134728317,0,1
5.08030420261875,1.5410645766745896,63327.27290303499,6732.736670418359,3.236212822648824,0.0,0,3.2822113834911013,1,0,2.493282671030715,0,1
7.488574939521745,0.7049583205246606,90938.90750216815,4353.264379960034,0.770945870975572,0.0,0,3.913157133846954,1,0,0.49958802066321417,0,1
2.157711114093867,0.0,60443.20910455819,10215.085957685267,2.505709284874162,590.8418220636146,0,2.1440095603390743,1,0,1.675744953032706,0,1
1.1800773943987968,0.0,36047.689582787236,4920.32158381571,1.443717585802534,132.68769876769025,0,1.8980255054644515,1,0,0.6268172089656335,0,1
3.668675051196342,1.5214110680042827,40499.25436571299,7644.728579805521,0.47020020401003515,142.47193366298947,0,4.074586378898941,1,0,1.1490484497042206,0,1
3.638046029993862,0.0,54246.573255526804,102.04207514265886,1.8432407950964813,65.36898784704648,0,2.185900998317971,1,0,1.047708322700745,0,1
0.5160106208807484,2.7545116612336384,88563.95835537968,9713.2067355539,1.1008109761578992,0.0,0,4.063870708362029,1,0,0.952102862752037,0,1
2.6758650460438433,0.0,40368.795366775055,5113.46116760364,3.1058367633152524,0.0,0,1.996855420853935,1,0,1.203339799706325,0,1
2.9421243802978085,0.0,16254.666742668194,3812.8216662150526,1.3720855839898802,0.0,0,2.8043539209674524,1,0,1.277129592155024,0,1
4.502306476241143,1.6775917998121248,50389.08452223263,3292.571871464456,3.2164978038519627,404.32061612518106,0,1.9393287202437313,1,0,0.6390457482004162,0,1
5.563280339893319,0.0,42950.12968229896,5930.4855475,2.7362917896372836,237.7627344868867,0,2.934457551302273,1,0,3.58609866523124,0,1
0.0,0.0,54411.91795540928,5681.755148233921,2.344648323332065,0.0,0,1.926734542852612,1,0,1.0874846658156596,0,1
3.8418356884044003,1.4178217220867912,2064.5972661730375,6877.640023786148,2.6449397079003263,236.83391938894013,0,4.0017192979495855,1,0,0.0,0,1
9.105018253574489,0.0,52640.88584355694,2051.2963893041324,1.406366376176173,0.0,0,4.027777187130359,1,0,2.238463031965535,0,1
5.569236458396659,0.5842695965593381,60028.54651017514,9939.481086477057,1.7334322706779175,348.5996233846701,0,1.7626144281273668,1,0,0.5376551944592622,0,1
0.0,0.0,93989.50586769411,7252.734216077582,1.1352716425501408,0.0,0,3.826811487242194,1,0,0.10806155465028877,0,1
3.9919556168365373,0.5906055157607595,28730.97833768679,5544.136003153285,1.532296361106238,103.28130662254546,0,4.1262919650465015,1,0,4.271180796773999,0,1
0.0,0.0,41745.132899192795,7079.97427019634,2.584396422211766,0.0,0,1.9631426199544382,1,0,1.6690902042895388,0,1
5.389827188813068,0.0,59648.67302991991,4846.307556471687,3.025372911909405,510.26123125521144,0,2.934675219770214,1,0,1.342454777739702,0,1
7.165338042569977,1.3264353976607997,73065.01704309449,6392.730084361352,4.1735297807505125,512.1217881141268,0,4.033804530095953,1,0,2.8113152659991822,0,1
4.511356079610048,2.230112277753598,45914.963239175195,4794.176325559796,3.598113771816585,274.32836512722133,0,2.125993372190824,1,0,1.1010903958356844,0,1
0.0,0.0,59081.39675628426,6166.4021673483,0.8198092998213788,27.876343255842166,0,2.8210430233651835,1,0,1.1310368173733931,0,1
4.38930877466103,0.0,91796.53637630628,9450.528417506248,2.358764698883475,0.0,0,3.867651900445681,1,0,0.7524345173692669,0,1
1.9888645278647439,0.5409968574177662,20758.411275137478,2086.056822987756,3.3415568766790837,98.30510863234267,0,3.946682695337987,1,0,0.0,0,1
4.81500151805688,0.0,58527.44317197676,10005.135414135038,4.267635180079547,0.0,0,2.138091956282109,1,0,3.3090560387250894,0,1
2.9525544035418942,1.6850707889027063,41344.73463524776,3592.0421623891,2.816175138756539,340.7924342437812,0,4.172941095347024,1,0,1.2553072381715586,0,1
5.801889960632433,0.0,110572.48178072607,6041.840773991374,4.078216208981401,35.62899669816341,0,2.005603259914792,1,0,1.3862404165990658,0,1
2.3624040298020765,0.0,68207.0691866432,2780.3577596302266,3.0739966366611604,121.35333283878249,0,3.04354586668173,1,0,2.414332032930904,0,1
7.0707671220827315,3.1475520111687882,0.0,5385.894724362178,2.671094727557872,120.96859211898293,0,3.9340131269621206,1,0,3.037267324378714,0,1
2.244236995270806,0.9998832339448194,77767.06917273036,4505.931102777737,2.586953878574653,526.6968325094268,0,1.9903749922528664,1,0,2.250577914637987,0,1
2.4035809509630717,1.341344094776566,104250.97847213387,6318.311502441645,1.3459756243112169,52.46724956900899,0,2.0013569343434554,1,0,0.67172093261146,0,1
1.893401627223075,0.0,81455.61326815466,9489.1404734735,3.668023247758132,591.9073610764149,0,1.8781534943810043,1,0,4.281297986570072,0,1
5.5745558874752295,0.0,51551.04072335684,5349.131472402615,4.238526092404101,328.01566436660653,0,4.0314865920030005,1,0,1.896492175665502,0,1
5.309086677992836,2.4817845819454045,33250.78595225403,2847.5401627734777,1.3959792234578658,279.3555222188381,0,3.0802747174966054,1,0,0.9008645181415642,0,1
0.0,0.52515606001234,51874.11674890876,5229.574531818756,2.5379849809064225,0.0,0,4.067112405559089,1,0,2.4788427228821215,0,1
2.4317419246709564,1.6220271596375226,55066.81475647877,8720.502626639001,1.467119471337559,0.0,0,3.90034895222269,1,0,2.503765777649176,0,1
2.5945108508845456,0.0,10125.352161040311,6671.166130029005,2.489101347833711,37.56523534796863,0,2.9355349835446845,1,0,1.831622244402372,0,1
7.592850911910839,0.10563934745793495,80474.2851809733,5019.022232175057,1.140149202000741,0.0,0,3.952195201563008,1,0,1.341642432845516,0,1
5.13266609629337,0.0,57496.001886208076,3232.426331342366,0.6567880314380072,0.0,0,3.03086974710824,1,0,1.20389025607088,0,1
4.862370538787286,0.5843378353682813,112772.01137065006,7972.402300765487,1.2349177119327273,0.0,0,2.0224027941200258,1,0,2.3959964675726497,0,1
5.562897388458426,0.0,78167.25600645803,8016.21200097871,1.734422683339802,0.0,0,3.122415504769681,1,0,3.5407196563632786,0,1
7.915926230685104,0.0,64388.79274433771,2018.441054458663,1.300059951812197,327.4042795837627,0,4.019180485941698,1,0,2.482586891138669,0,1
2.936064229856714,0.0,97743.18142523667,4887.4157556187765,1.7013141652653005,0.0,0,2.133488014413531,1,0,2.434172575062558,0,1
4.024815836065191,1.1193826284621695,70983.05826172077,2265.4404334714136,2.5320472070341387,0.0,0,4.133690437506748,1,0,1.2788666280166612,0,1
5.53167033817993,1.8615089719613667,49360.66188817732,8054.805640363539,2.976873063460823,0.0,0,3.938118861047072,1,0,0.6595789628165504,0,1
4.852739585752997,0.0,44764.50138490011,8422.413145159524,4.628565811300843,230.45670547865075,0,3.010961416091416,1,0,1.392169471280797,0,1
0.6989569992520712,1.4699343050364415,89066.74815946953,2252.4199034021453,2.749337532767511,0.0,0,3.981076862324413,1,0,2.8268963622054324,0,1
2.459402615590318,0.0,70571.00357751799,8670.376648833106,3.0333013150442185,329.75629210381345,0,2.05733258441699,1,0,1.8765092145111248,0,1
2.584989181192867,0.0,0.0,7856.367866533442,3.2915715202309803,237.68422850051846,0,4.056792517593002,1,0,3.4814295896478584,0,1
1.7240091747534059,0.0,84603.55181084565,8222.072049590999,1.2101941962083878,118.25370729150272,0,2.055435499959237,1,0,2.040292942887874,0,1
6.269296092785809,4.272373727131054,87617.71331366518,1569.1249090012143,0.0,0.0,0,2.994291208759145,1,0,2.274113499628102,0,1
6.07774642264684,1.2002623109048327,2251.5418114302665,8302.751716959034,1.247415685423446,158.2117421297939,0,4.01534292047566,1,0,2.7378066198862516,0,1
1.4069563054289427,0.0,22651.913329032945,4497.317930128712,3.8321770739658048,0.0,0,3.1889598294171178,1,0,3.047313498900333,0,1
6.789050968167102,0.0,70314.60859398467,8230.898185868022,2.942579645742054,41.67142449957423,0,2.9554468660369433,1,0,3.398027303735237,0,1
3.884947395696162,0.0,42554.662720701504,4086.379176148275,2.5443237191577177,403.9797576895625,0,2.9498358413287673,1,0,0.6902580239170144,0,1
3.904386404505627,0.0,17424.3954895071,11156.40521228332,3.3817872573664784,0.0,0,1.9259194404964242,1,0,2.352157676484635,0,1
2.70512522596082,0.0,90367.78407852694,5329.038230763837,1.4752319606005897,150.41720994491268,0,3.0681185070094634,1,0,0.029484014860125307,0,1
0.9955722145059391,0.0,56322.27064380009,6953.836603232928,2.233700641675008,0.0,0,3.0437702421207824,1,0,0.9612994375415295,0,1
0.03719060090652304,1.228538045948912,52164.91362167867,8919.383084317835,2.2957086228851353,257.7259437630781,0,2.0087252714190797,1,0,3.1333515375559453,0,1
3.8667662402785075,1.654221426145769,97787.73085954871,7420.112813239866,2.25154643092024,0.0,0,2.947607841953645,1,0,1.595899496260063,0,1
2.318227171379006,0.0,100110.99560098145,2435.7447116784747,1.9825882480596992,0.0,0,2.026690895252337,1,0,1.5149870954085518,0,1
0.953808098459757,0.0,43650.33190334668,1764.1510602792926,2.810633735888131,0.0,0,2.060595734084321,1,0,0.9870030108549227,0,1
2.0122318256610825,1.2703719207073725,31365.267614062548,1894.5529612819678,2.6008139579736738,164.1410130642273,0,1.8904586603960039,1,0,2.1372892153929657,0,1
1.8948039034253852,0.2847052462134628,98119.75784261094,3390.819969869841,3.6760105326034034,0.0,0,2.0650927031623274,1,0,2.2128208276537826,0,1
1.0211902737609373,0.7308721624166102,38441.114884633294,10961.627050832747,1.886780371951588,112.08494556062132,0,2.87044557697507,1,0,3.4519227994398634,0,1
6.79506852543834,0.0,93558.10603647599,1836.6795340942338,0.9166667770199264,0.0,0,3.2012776633531237,1,0,3.179955245501676,0,1
0.0,2.6925165597321654,51767.78173728921,3782.6949781018025,3.3898083509761077,0.0,0,3.98530125627383,1,0,2.307247829756502,0,1
2.8778467499033926,2.9638823923994844,34483.654953455654,6926.130029954363,2.411004952093366,178.25137390132022,0,2.1361664202037147,1,0,0.6607334989801749,0,1
4.565249811870693,1.2043918464689505,99375.8220677024,7387.65825982497,1.4119930310971514,40.9683047680203,0,1.9935302037537401,1,0,1.8993179759130618,0,1
4.104220038098295,0.0,39631.66638888517,5143.411477994372,0.0,166.95325287555735,0,2.138372844024098,1,0,1.1981445944520888,0,1
0.0,0.0,76566.58705343588,4461.259804809863,1.5732400610705164,259.183345752467,0,4.161042604596878,1,0,2.4690513027204117,0,1
3.8423824003550795,2.6145586028456957,79828.03776968695,10194.911950883568,1.3124847446631458,248.3433586856728,0,2.0518108211624906,1,0,2.2664429331870104,0,1
2.264829000797918,0.9492948464957125,60727.84742942732,4325.621420989114,0.7004580752035207,241.20599092803536,0,1.9066092680312208,1,0,1.2379920830049747,0,1
1.2061341516667794,0.307826723653551,56199.40028252134,8607.183353515502,0.5308589423037946,0.0,0,3.9133043362245497,1,0,2.7433903738620273,0,1
1.545708302102426,1.2893406695087613,73993.86632112946,7989.545593853935,1.9442530794813109,0.0,0,3.0354983276519154,1,0,1.5257519104710937,0,1
2.0219659579344733,0.10617671094187281,82671.16490953551,5191.308105997145,1.7368851182489338,604.9836218572515,0,4.013126042426387,1,0,2.760304345072898,0,1
7.6339451659510695,14.117988388646335,13482.255269102377,2428.4294027275823,7.09624810171308,8422.631121706554,1,5.097068147577417,0,1,6.628395422615356,0,1
4.161129528713128,16.120590767961847,1575.9100688090552,0.0,7.134279975604863,5011.69528504071,1,4.98684492150186,0,1,8.154370292565387,0,1
9.247646164555423,5.06279946362643,18297.76308770585,1840.743296610488,5.830301891238641,7673.83425238991,1,3.0481165673387425,0,1,8.224943801362588,0,1
4.71136317926711,9.72665991240264,5206.806973438584,71.41883129941203,6.758667260938482,6537.638082584144,1,4.001846472901153,0,1,3.7895498621647965,0,1
5.870441329316845,17.447848142387546,2874.569947622559,1369.8101956861128,6.9728289125113045,5008.790087427167,1,4.044956875084712,0,1,9.13670147253554,0,1
11.90674993706078,16.16761334439452,0.0,788.3825568228484,10.0597195146095,8624.068839751411,1,3.0365158290485215,0,1,5.134729768473468,0,1
5.311439828096103,14.686153583232844,1681.177871338451,0.0,5.601874629428699,5074.614968285485,1,4.083942126220977,0,1,5.067538975208191,0,1
9.785120254251678,18.24740975666984,0.0,0.0,8.063012915473243,6511.160352352012,1,5.040913562291554,0,1,8.564104639237202,0,1
0.2726067452591199,18.8649538576687,9271.815281930038,1129.5677508395238,8.35888065428798,9504.268627884137,1,4.1493376777468125,0,1,5.735874172877218,0,1
6.6062797584153525,6.7245300213962595,443.310957850305,0.0,7.625836021858011,10061.671040204703,1,4.205805539847413,0,1,9.849280255435367,0,1
9.269583512184596,17.72779089915284,0.0,648.3587557932013,5.861636741611323,3247.047912816603,1,3.1144379389881838,0,1,6.607280425604194,0,1
4.290020378951933,18.763402170194546,0.0,2195.3123861519985,9.011046422747262,8654.433709939314,1,3.993437801194843,0,1,7.25800647524338,0,1
5.578626143127466,18.635609881011163,9683.988951138348,2342.8808202613473,6.360276097909111,5452.232882748927,1,5.0900037433217635,0,1,7.657628504527746,0,1
3.558725765167625,18.82395745737642,0.0,0.0,9.134110990523027,2339.3674511196036,1,3.082519827569558,0,1,6.427660769353617,0,1
0.8972791152591735,7.376909873868291,14301.625905324017,1894.365034093171,7.808323190126344,1002.528542263575,1,2.934800576985098,0,1,4.5268516700009975,0,1
6.130024463086079,9.83906632695719,0.0,2628.178697828354,8.545502709702683,6767.079834809411,1,5.205403711885901,0,1,8.165019980464683,0,1
6.742093429903269,12.021257821450813,8895.29446959672,680.7230663181042,8.269371421988177,2040.4995193158647,1,4.128605535683246,0,1,7.800592069496723,0,1
8.463078307750374,16.642438837165933,0.0,0.0,8.436576216786401,4164.234589916057,1,3.9851928640748024,0,1,5.007406356819477,0,1
7.36022754931477,1.6425338959098104,0.0,1294.8749438468544,8.942434684258217,4028.361756209111,1,4.00728278882808,0,1,8.601067476708307,0,1
3.2665516658087315,4.924085251049997,20738.254606064904,616.7592804507593,5.198583919473846,3057.5505854129015,1,2.880907317361279,0,1,7.489855336385658,0,1
2.6346500241909903,13.96448843507136,9510.233660246244,6430.355895983461,9.014958551621984,4176.743586118584,1,5.00490922640134,0,1,8.311320528688292,0,1
7.395391073869902,17.40615647086545,2313.25414188331,1497.7026637169502,6.324346343964977,8103.978316145114,1,5.052396011322111,0,1,7.5219175335140696,0,1
0.0,2.881928396818067,0.0,0.0,6.757128915661742,950.491836256595,1,4.983470978850417,0,1,8.622426407773395,0,1
8.521474897168638,13.966454758277884,6372.793042331081,0.0,6.008405654347177,3056.1514102827423,1,3.883670276924721,0,1,9.556563460345313,0,1
2.8593465053004707,2.6691989504936466,14101.791224814544,0.0,9.120484139670584,6949.950550320686,1,5.063876227471623,0,1,8.724381842750585,0,1
8.84715554265674,13.06310169070644,3471.6209605376853,2302.2807490775363,6.967296385383953,3357.880057984404,1,3.9724519877364166,0,1,6.872891677813153,0,1
11.437065576666221,17.243775683957594,702.5984702987138,0.0,7.80651234491274,1584.0040942396204,1,3.9190224326109244,0,1,7.307172561661909,0,1
5.098211360282905,15.433738632405493,3435.2564800221144,0.0,9.767049851771239,2824.6384754621085,1,3.0411109382342656,0,1,6.078740953277248,0,1
7.0314911602217505,8.073456408498416,6269.816168156028,2554.2904342781294,9.835822341461501,5074.756365397558,1,3.8842328519813694,0,1,8.148592983423612,0,1
4.913086024718935,11.61601431888299,0.0,125.60462468548633,8.000439198838851,7971.114869634233,1,3.011542395487039,0,1,9.175383157427623,0,1
3.618984611499655,13.64832774837913,622.3292375362525,237.9886485550329,7.59117903716143,3116.450186773608,1,4.128664391136711,0,1,7.2173225379302,0,1
3.064849598864083,18.81617156266546,2355.821985928876,1490.3396066669636,10.940421529164333,9939.77755883234,1,4.093559623513579,0,1,5.207941747422558,0,1
13.003052088178094,3.8115274020492986,13121.208099064153,476.28656082318867,9.664299406554033,8980.033806425019,1,3.051589149434218,0,1,6.621852574215325,0,1
11.569648751803989,8.222133046554838,0.0,0.0,7.826321775075566,6110.939471006943,1,3.0068821659900564,0,1,7.885254639184069,0,1
6.501050169501513,2.7830115097420416,13653.169844868919,0.0,7.374417166995215,8222.19087354834,1,3.7829945676390677,0,1,7.985338056164064,0,1
5.092559906704663,2.3820026509795786,0.0,1589.8820383418326,8.767465566204097,6694.814685802461,1,4.968030318069085,0,1,7.970143387040383,0,1
8.909534057127487,14.447561776945316,0.0,541.4568881836888,7.871644045374988,9732.632250067953,1,3.0000367372615986,0,1,10.107145589199407,0,1
7.069402765190806,10.102608101294193,630.0123649694558,3135.388036382538,6.452845750271374,7705.267519984296,1,5.081011920964367,0,1,7.7435430293266245,0,1
5.805184216024028,13.751021167854542,9706.250488577942,763.5507727243711,7.390055773610538,7942.0209132539585,1,3.909506818305175,0,1,9.143858132574902,0,1
3.561059065272359,11.883121088944133,14661.138655303292,0.0,9.277101558520103,7101.663861426456,1,3.056032012450015,0,1,7.329659640889108,0,1
9.084903480139149,5.902576557618994,0.0,2303.57174866651,6.0460205290352835,4119.130793545778,1,3.06666842380786,0,1,9.926712781075834,0,1
6.970698792119262,8.15003270524392,8529.574457706214,3037.662232775094,7.890713105819963,788.0265324097841,1,3.0074881776033644,0,1,6.187439682601163,0,1
9.889885860241991,10.258844504073007,0.0,0.0,8.371918396042398,4688.516462241394,1,3.093504281259343,0,1,6.260670678624924,0,1
6.003298491640939,2.615141674107454,0.0,1532.8184168718885,7.474457575611955,6896.3371028693255,1,4.871439660970224,0,1,6.505358634753996,0,1
5.693789208145199,11.823099836017244,21177.611068210932,1850.1396493975133,4.991417587307592,9038.34458756232,1,4.905387531310495,0,1,5.8815416390375255,0,1
2.0947418351267455,4.204802318095792,20531.663474427685,1092.3222235070111,5.636020441455798,1155.8541074795749,1,5.011203149708357,0,1,6.863363913227227,0,1
6.596498040706111,14.8300978924953,0.0,0.0,9.478653971785006,9511.38809202988,1,3.923710167730978,0,1,7.689759036668569,0,1
7.2278925106644385,13.807992806789438,0.0,4929.787653726057,8.07772428526417,2268.4108870093114,1,2.9898355274221053,0,1,6.172687722194858,0,1
4.8478296735892386,11.683157320582527,0.0,0.0,9.479482569744581,8397.543664734283,1,4.11998932850935,0,1,9.378976135503747,0,1
2.4283772040011056,7.658097336598596,15610.848777529012,1350.793844262591,5.898359335099828,5597.578239735427,1,3.6708683105054822,0,1,7.646476761815555,0,1
7.378186830575654,4.666859682406237,6188.1557412979255,1809.5309291575202,9.141496693296787,4618.963130295009,1,5.246148598035736,0,1,10.06516676669771,0,1
3.5794977981611042,8.458429319292575,0.0,0.0,6.081564732421448,3024.4934341347825,1,3.0679359212500117,0,1,7.031552239364765,0,1
10.361140525928844,16.93411870649472,2522.32260182473,2518.034985950082,6.438056718531701,8437.895824121812,1,4.0092382819830945,0,1,9.764951973513478,0,1
4.660215794523474,21.10152017462075,0.0,716.794023367019,8.323315651058543,10147.073140854563,1,4.961152029418012,0,1,6.617558468985718,0,1
8.353363642119684,9.254384151806736,0.0,0.0,5.515755237882007,5407.275406508904,1,4.043969415633313,0,1,7.057795708038638,0,1
0.17491487991109356,14.867920011217315,0.0,0.0,5.982376064620385,5975.554762219357,1,3.9578838801548786,0,1,7.528206594000578,0,1
3.7283730064174954,10.920522995399875,14542.298789844806,114.11215449862686,9.086813323770675,4603.672294003642,1,4.015617931283872,0,1,7.308021031385104,0,1
1.0367504857832939,14.082281150667153,0.0,1300.2138105351814,9.092999475750103,1995.9908247154483,1,3.004145431203973,0,1,4.283517540657244,0,1
4.447841533191932,4.3668488728510395,0.0,373.299376904385,7.970005759347208,2163.805071547744,1,3.953312840885556,0,1,7.312383364143113,0,1
4.807484318844209,3.5973356028600243,0.0,1196.8340540850263,6.7209049398070135,9334.612415324618,1,5.026008422740988,0,1,9.872081882957728,0,1
8.549304813073332,15.972745772807269,16398.17697347027,3597.5717112887687,9.652676976634257,7960.067258856843,1,2.9395363204039393,0,1,9.081001462724263,0,1
2.1236755867956623,14.22517554011641,0.0,375.048023633047,6.640603386567984,7541.4008231231865,1,3.0390763401837897,0,1,7.334448218455803,0,1
0.0,0.0,14032.424721016718,2245.4775752459277,8.199079062784996,4127.6443347214,1,3.069191778029448,0,1,4.928788030311468,0,1
6.349760137749963,14.524080775964375,0.0,986.5319871106559,9.808008171371227,5863.13894935619,1,3.2045455859213283,0,1,6.810230626492322,0,1
4.583521015166415,4.859875594382939,2927.2488610137657,786.1370743517973,6.199111944804152,7024.05507031685,1,4.015624393031414,0,1,8.624943683416966,0,1
8.031854415849729,19.502129623721732,0.0,437.8950303438732,7.1634761398350815,8886.375802626651,1,5.240221361873531,0,1,7.705599966824089,0,1
1.9015522657753434,18.45167466789977,0.0,641.4017427343123,9.38940647841509,5763.3034724878335,1,3.059205811600404,0,1,7.0452566963441505,0,1
5.693055305444251,17.555681376393803,0.0,0.0,5.761209154616319,3660.6272873853063,1,5.023892917612596,0,1,4.796861247488773,0,1
9.18143907655457,11.928072959952917,0.0,0.0,7.487271960530905,608.8932770937295,1,4.909592205211711,0,1,8.888433294169811,0,1
6.724765024513445,13.965709150469019,0.0,0.0,5.026614229246993,9622.232420165656,1,2.9775632412434385,0,1,5.014228245112041,0,1
11.33462381499713,10.375731564623312,10510.313322569229,0.0,4.9010721016205165,1921.7406874218163,1,4.112596092190976,0,1,5.138256785013744,0,1
7.011396350450671,3.1345682058877715,0.0,0.0,5.790637443867461,9969.114071565908,1,2.8827350664694897,0,1,7.369058783416504,0,1
7.551574489959231,18.582136667914696,13988.267857197892,706.4810782906388,5.3148939256918535,4631.338318729502,1,3.922377192129062,0,1,6.684143637371503,0,1
3.6740459557951546,4.785912161766405,0.0,0.0,5.452791308532717,1882.4517672023344,1,2.9976749986493805,0,1,6.411945010211264,0,1
3.4033554540884037,14.152913520135874,0.0,104.93202531083023,6.560880675020286,3651.203321765172,1,3.9923465729450833,0,1,8.837905123492499,0,1
11.241291455212496,13.689834267818242,0.0,1658.1184661585144,6.963521628639465,8487.472816031455,1,5.11761410300905,0,1,8.071790326833097,0,1
6.967041101166201,3.775989437858443,496.19472345490755,1119.410660215582,11.021420993015777,6929.29366237336,1,4.12773544260337,0,1,6.247646831856256,0,1
2.8630473288931495,17.77308357696722,0.0,320.13330853871764,5.376095890842151,5002.327940160753,1,3.877335540214813,0,1,9.235670201230045,0,1
9.068851679462847,5.8885993231150895,0.0,0.0,9.20086208294884,3306.5435591426262,1,5.085146021634796,0,1,5.273455674814705,0,1
2.5459578194527395,13.226623892537397,19699.810783843226,740.9903310345442,10.272922764665246,9904.518737389044,1,2.948543743064894,0,1,8.598048745404604,0,1
3.8849410481253104,17.89119767861064,16375.469473775072,0.0,5.734458079612345,3167.9921805731715,1,4.03188512001733,0,1,6.117730968457265,0,1
7.719202963164814,13.614720996589245,26855.82340877432,2030.6025278843188,6.8811103168568994,7451.54924482381,1,2.9905218974265217,0,1,9.698467070160412,0,1
2.7927856456429145,7.571611441643503,0.0,0.0,6.4634033292905855,5399.360141215947,1,4.083761731789949,0,1,7.214499798824704,0,1
0.0,11.524784028873139,0.0,0.0,6.272909088376139,6349.688465015682,1,4.787644437670876,0,1,5.179604364286547,0,1
8.26782945841531,0.8640931861413965,0.0,2570.2809199475764,8.165649005154354,3856.620251868013,1,2.963969138600227,0,1,7.764760132492186,0,1
10.653972598406671,15.108847678605624,0.0,0.0,8.596174995697183,4681.310760909638,1,5.157342802860347,0,1,6.930893810172336,0,1
3.121103036978167,20.75393799312566,0.0,2921.148592771171,9.620990867988061,3147.7619900060504,1,4.991521922151189,0,1,6.5673441932949785,0,1
3.109325196115421,18.029485863720378,47.19819029040116,956.6170162334327,4.8327791199962995,1751.0416953156084,1,3.755184848773925,0,1,6.01496280438265,0,1
7.097305673287258,5.939793122498218,23315.83243132622,0.0,7.991607468792886,2918.0776985592593,1,3.9265289198860707,0,1,6.082041329168128,0,1
5.830682923571504,16.20735033920388,1764.893018683991,0.0,8.674845810364387,8527.360284208018,1,5.109331754110844,0,1,10.712125100443828,0,1
0.8561055288923964,3.764417801501455,27974.796467230422,1647.6559017121376,5.814112474864103,4150.22593928774,1,2.884842300470568,0,1,6.20427681851668,0,1
9.99057061113498,3.2161512403879144,0.0,1185.867193929244,5.862656101406635,2725.0875042166786,1,3.9447319470453603,0,1,9.632259477453596,0,1
8.35567734571356,5.41617124896442,20012.40514726472,466.65157595088965,6.796197831052376,5235.140756266411,1,4.0623343595498005,0,1,4.919936388341336,0,1
1.7627750983251071,19.648116092241573,2649.9436970202337,835.913122040282,10.249133056218586,6138.2219764480615,1,3.031462468356106,0,1,6.6557144417989855,0,1
8.664312289030502,17.33116652136287,0.0,0.0,9.730939112609281,698.1379961386276,1,3.8608379325229047,0,1,8.077441978557953,0,1
5.4504601220680975,5.002325742895967,2573.608948571906,2357.4880238826618,8.88963024515269,7170.0437726903065,1,4.816099087927528,0,1,6.105631279004441,0,1
3.629223298033365,6.562426250733876,9533.967767812981,0.0,7.097362248012829,1838.5951206170544,1,2.9289132525616663,0,1,7.6076623637347875,0,1
5.029654672525771,6.605994700249167,0.0,0.0,5.606995414047123,4002.091217652204,1,3.025021087050336,0,1,8.865548092205781,0,1
5.338447095558088,5.9318284159913635,0.0,999.2757900167713,7.598110621824982,9153.835263610541,1,4.030302190405047,0,1,8.125586362795591,0,1
5.779470466868028,13.022963594699528,0.0,0.0,11.977254987078744,6551.649136253243,1,4.13167355480602,0,1,8.58929439086247,0,1
5.533902722194309,5.7743358109508245,13373.191115732134,2402.5481582039847,6.851683690998776,5832.4174662476,1,4.799680275864553,0,1,5.22311062284975,0,1
8.846262502811722,9.904513978696963,0.0,1415.737677743965,7.516326271032975,7872.0828351161845,1,3.0501472113721384,0,1,9.458821844694562,0,1
9.86094394687591,2.751395423091526,0.0,0.0,7.2133841395672365,1859.0386818957022,1,4.945613049838809,0,1,7.701697710598675,0,1
0.0,6.703222179347327,0.0,1437.5134962231416,7.028590794771892,7192.407108879348,1,3.9835174579254056,0,1,8.47809782668453,0,1
0.8961704661823173,4.4289228587599805,0.0,0.0,6.4096305882052995,3868.351439987718,1,5.0619020458418165,0,1,8.749401852875618,0,1
2.413790430495446,15.148465573892715,0.0,2411.548575385413,8.370888994896042,8420.746891608336,1,3.1499757043722703,0,1,5.291225259781216,0,1
4.84512545389353,13.180216811878006,0.0,0.0,6.903367344917889,7089.779378793358,1,2.9965430190183855,0,1,5.752523710983108,0,1
7.138307706915331,14.358854729985794,0.0,461.31921029436216,10.289946460890791,4396.243788028971,1,3.0112470925041293,0,1,5.414302834124804,0,1
4.1173280980011,10.231929708355667,20403.506845349642,0.0,9.036626950174522,3747.019725523582,1,5.062371044424686,0,1,9.42913602291206,0,1
4.841423323866808,3.015921276626806,18542.218470362965,505.053213080492,8.692030160935547,2436.427820168081,1,3.024714361569362,0,1,7.900472212846342,0,1
12.621662642510543,6.397314371770711,15809.832827354723,0.0,7.32064978945397,1607.3545029417296,1,4.076793769659102,0,1,7.7607472016257955,0,1
2.634060289639899,7.2819083118546635,1940.076268916352,0.0,9.328782675303126,5225.464252212113,1,4.223721869079624,0,1,8.948043129466075,0,1
3.0898230885235924,6.51914164125301,0.0,0.0,7.918876508957493,5479.43616444538,1,4.313814469778684,0,1,9.55865606056792,0,1
2.3226700730799132,14.459929184611934,7564.542191237259,131.28454783005373,10.11536577665253,6564.314629092532,1,3.9959376270676366,0,1,10.228048448292094,0,1
5.358568986948651,0.004856689827493099,19536.290502428958,2128.5407252209952,6.188875556428771,3592.9492690379357,1,5.198703611552936,0,1,6.557072606365117,0,1
8.53790434058224,5.4529351988423915,3720.1657559485793,3021.1882841760967,9.417941937745638,4621.16104908771,1,4.959153305376301,0,1,8.18187284291442,0,1
11.329090777871082,9.241068894513466,0.0,999.9278363333237,6.481218836365472,5043.882440146468,1,3.9221701206632185,0,1,8.575106271090915,0,1
4.488316953673814,4.840178679005361,7993.834421959004,0.0,5.1738676774758,4273.727270681221,1,2.7786516786247653,0,1,7.800280569624968,0,1
0.8623882672192082,1.8699753998589617,44504.337257700936,0.0,4.783203512805158,2467.2604303132784,1,5.020547993638526,0,1,8.52810375673625,0,1
3.0214752834015455,18.015398289128896,0.0,0.0,4.260080096589934,3703.2478605782317,1,2.9762834309881687,0,1,5.839342171686962,0,1
3.081762350582656,1.0083577641850554,0.0,0.0,5.0571920465211635,9949.785234138733,1,3.007521522439275,0,1,6.9147082656033785,0,1
6.112797168973246,6.3548183953802955,16349.76683654128,582.357596164455,6.4761022816611815,1476.3101181437476,1,3.0128562010393587,0,1,4.383205479492993,0,1
7.290305614190421,2.3250483810311153,14146.240564122378,283.2601900359425,9.002874092534102,3398.136488300383,1,4.012281344692884,0,1,8.31593151477071,0,1
6.792411048973109,6.454910276028798,0.0,1242.5072422351293,9.796979698129785,1200.0400012933867,1,5.021652958397862,0,1,9.689523817097664,0,1
3.9741612485525697,11.699105039312755,4981.782562235758,488.4967113782001,8.762124366741626,2052.605199046211,1,4.782117105457341,0,1,7.197014683244371,0,1
5.1733505515071165,5.056236138218953,0.0,0.0,7.341507998536294,2164.9976127450873,1,3.879823687036407,0,1,10.24956694532104,0,1
3.6805603426113374,10.300072056216612,0.0,0.0,6.020803995232296,3574.181265237239,1,3.0180439633143727,0,1,9.811224659585486,0,1
5.8308451856901,18.272113159148798,0.0,0.0,6.908221664128228,5810.910313483096,1,2.842567849522623,0,1,4.763472148465201,0,1
6.296948708305157,13.703398926744386,0.0,0.0,7.1247334043058235,4066.423356120741,1,5.05900936306448,0,1,5.935770397283553,0,1
1.6616169577663327,9.917324205470056,2685.614695142085,826.2927010035545,8.011769452684923,6460.534263624392,1,4.950211547994809,0,1,7.283164212725284,0,1
3.0059610082703516,1.937041165532503,10040.130279920717,0.0,8.082469689756035,4188.122606902663,1,3.968336698297262,0,1,5.236620160815134,0,1
8.17730361196492,3.9208771642132736,0.0,5781.005499723588,7.562703223379649,8835.42171902432,1,3.0281353645287865,0,1,9.790030210914146,0,1
7.13172640758372,8.395356958915825,0.0,2650.2878541625055,7.002817898769568,7665.925626253498,1,3.089090184080883,0,1,9.659154298803834,0,1
7.714468678656465,11.222933347829095,8180.614889261685,0.0,8.345672853739947,4719.854778510299,1,3.05792754566646,0,1,5.827973788750056,0,1
5.94819041847169,6.281197209629177,0.0,2919.3394799162083,9.287662011536048,1506.1454304578685,1,2.978951810525224,0,1,5.066744208963587,0,1
5.734865777015305,12.014077333035994,0.0,3595.026387447171,9.305028393141281,4814.934656265641,1,4.0479336978168385,0,1,7.263178016332205,0,1
8.552427883660581,11.270008842243561,15816.30085329518,0.0,7.691887855077346,8266.370232809135,1,4.930403458521624,0,1,5.889493182733173,0,1
4.165745541560142,3.7090914414580833,0.0,0.0,7.6788396783572095,6304.874863216605,1,3.842193732394207,0,1,7.251023790734335,0,1
0.0,2.13462292983267,0.0,548.2594036350358,5.764738105053114,2541.8792204285473,1,2.8361427552712426,0,1,7.5579269723864915,0,1
7.325850900178235,4.335265709464964,0.0,2254.2416422113884,6.387698383387618,3173.8151774685102,1,4.978453011498157,0,1,6.989822705575925,0,1
9.496624806181753,2.404835751720375,0.0,707.0694878594821,9.80630004414667,2596.6535715324767,1,3.025902854284581,0,1,9.118853632678562,0,1
14.369768044025342,1.098575919348169,17136.289841368394,0.0,6.389775597579322,6398.481702260031,1,3.931529014702129,0,1,8.75533197831246,0,1
10.09160907022687,2.4134956116739246,5834.969292350635,0.0,7.5093694002130436,3090.1328463532564,1,4.905663498536261,0,1,11.00454022467897,0,1
11.026694039151147,9.122932773531327,0.0,0.0,5.577913312281435,5487.462653808654,1,2.9337473989202554,0,1,8.448504521307228,0,1
6.953096989446248,10.50074597764645,0.0,1861.7106958338818,8.173565809286863,5943.522844532259,1,4.935186330351045,0,1,9.654950786119775,0,1
5.068259770005378,20.920452027033,10619.288549938961,0.0,10.127265015471764,7724.398581027761,1,3.905844342089406,0,1,7.096296795697003,0,1
9.33954221512338,6.270368220841762,0.0,0.0,8.563327067200763,4654.1933436514555,1,5.027039468338015,0,1,5.805871533610563,0,1
8.957783918432487,16.722682867327386,0.0,987.268041447325,6.331550658486941,5643.594524998891,1,3.006340781067883,0,1,8.03208123560761,0,1
9.548788855112493,12.65534150309571,5380.063233873362,864.0524198212623,5.6092576643386405,3518.8084446661733,1,4.262830574976299,0,1,4.3265385567938965,0,1
4.073568711074974,1.9704399142512847,0.0,2394.1651087548626,8.956245167599233,9607.415424973107,1,4.963792944041504,0,1,9.183180752228251,0,1
7.325408054379407,11.845992760387693,26157.594947852995,0.0,5.548980012490295,1404.5231809462816,1,4.952301478204621,0,1,4.336523947909619,0,1
13.460436104760301,15.113333267521906,25190.96698088363,2404.112017959377,9.924119135029448,3399.7366752866933,1,4.098464887513823,0,1,5.56147917775297,0,1
6.622866348907461,17.41971719928925,1179.1541262189762,1714.7761877192688,5.163653311681346,6062.862412777442,1,2.9722724464286827,0,1,5.388224985826379,0,1
7.267090039972405,5.944553601846134,0.0,479.7973534170305,8.25254522038818,5303.586431659573,1,2.866267385078114,0,1,8.293811446503437,0,1
10.991028948113463,6.109048606911425,0.0,0.0,8.398636493805997,3648.388068654692,1,4.084385591537423,0,1,8.26826039775644,0,1
7.66000994840648,7.36674139786938,1298.3649206002474,3106.325298103242,5.269358006886614,7510.520361535365,1,4.958212278958263,0,1,9.027520993678058,0,1
7.123089467536179,20.208792154934734,0.0,1721.9112557823769,6.739679096242302,7052.831317334233,1,3.1361615059932353,0,1,6.166989836633997,0,1
7.653007092598465,4.635866348254675,0.0,86.69573892708848,9.504725515203484,8206.903638371845,1,3.0977321548802275,0,1,4.918862662456506,0,1
9.75800469063284,14.174249312941825,10355.620080984081,0.0,6.129264406688023,4576.63720916936,1,3.2340061783728884,0,1,6.727012700667929,0,1
7.656237817347216,13.785865560089078,14051.773948491831,2392.0201196815465,9.932268162697216,7104.831619594862,1,2.941252211485941,0,1,7.027229115118618,0,1
9.662888640286356,19.08199988062224,19284.537427403604,0.0,7.650752908580353,6544.610961326034,1,3.9987451731706174,0,1,6.247963400112292,0,1
6.448130857152356,0.0,7051.9376478375025,0.0,9.35732138910942,1577.2468573436297,1,4.9178776385271865,0,1,6.994994308915443,0,1
11.571799823518326,3.8737146358139998,0.0,0.0,7.983319311896681,4728.867571636629,1,4.957645994335689,0,1,9.003250834464176,0,1
5.682564144377274,13.026205481149345,19572.319018754948,0.0,5.728805726245229,6373.210529376455,1,3.984110043019594,0,1,7.19491505363553,0,1
3.017091099269414,6.417527888537222,13315.385519455569,1146.8142079622849,5.217103642122624,4404.084553608095,1,4.77906384512992,0,1,5.812405687622681,0,1
4.738872730057459,8.471830290695534,0.0,0.0,9.404400749456649,6287.437967810743,1,3.070791869783573,0,1,7.906403509173639,0,1
10.296541986024305,6.980529507013249,0.0,423.58501455472134,9.888257523988896,5806.358273517347,1,3.039295396743733,0,1,9.147155345493596,0,1
5.753889593079157,4.009493341496654,3466.2103229143936,0.0,8.533814404035683,9141.521006779103,1,3.270158492369068,0,1,8.339402631314881,0,1
2.704966267065676,11.590530509189701,17293.803708533134,1270.1061853706306,10.051218740957856,9051.127808436037,1,3.0327202699202287,0,1,7.775280966331561,0,1
4.33714250958498,3.228268661039641,0.0,95.607446745244,8.141803458685173,6291.673777071604,1,2.8168704216412417,0,1,6.066273048843883,0,1
3.8469464408052207,7.065036446738112,2588.7754241426155,0.0,6.956482649223447,9493.132760625824,1,3.0731271814450105,0,1,7.657101724674534,0,1
5.363118917444235,13.011226718438378,8576.278571930956,239.60198700143724,6.235817261271634,6704.62371427165,1,4.978949016570971,0,1,5.040600551304979,0,1
6.6354259990465065,14.011962299063939,0.0,570.152214236527,6.73948339987006,9068.653577758594,1,4.955495808598889,0,1,9.879605566347683,0,1
6.413321809441536,8.661423022518576,0.0,0.0,7.754987155950424,7083.839862376269,1,3.987963818091715,0,1,8.477815933762146,0,1
3.853738422314061,1.7824006181559129,22008.89499971139,0.0,10.446574078486966,6258.336201155748,1,4.11059245088755,0,1,7.080224616510556,0,1
8.466961186502225,12.266754072872216,0.0,2174.088795969956,6.055982119318905,4994.54541088853,1,5.037309398069227,0,1,8.55039721400022,0,1
10.733259128867449,1.213124360994962,16495.61638589503,0.0,4.462628699756925,7566.830066283115,1,4.24054819613429,0,1,9.33250382202086,0,1
4.6427275243214305,10.859819837474266,16288.14831538943,1490.5691586817752,9.002614809024957,3428.840060309174,1,2.9467850641934414,0,1,7.233889304772497,0,1
6.4831225613979635,5.382850164052201,6507.22220655217,0.0,10.214280862565738,6810.857910622231,1,4.042449483621966,0,1,9.87295693629938,0,1
5.03437209625804,5.168335507697373,1933.7816551108438,505.83644404107974,7.428302803273525,8046.408886725017,1,3.0158899602428497,0,1,9.156864718331379,0,1
4.185694978396353,12.560238147931331,0.0,334.4913434671327,6.181410946419926,6649.948919605942,1,3.8837577674890493,0,1,9.256302407976257,0,1
13.069609873391354,12.31795005885799,6766.963460273583,1812.6021838896593,5.977866204460238,1312.5700811862057,1,2.9178586901000947,0,1,6.7940405912607655,0,1
7.367565207848793,9.847100741951142,0.0,996.9471338201661,9.41450503082967,1795.7499806945957,1,5.089544437075389,0,1,8.49414088394502,0,1
4.253388353468232,18.25191797198466,16162.774626239741,1088.6137312921112,7.423329507125947,9703.596388863272,1,2.968682320677368,0,1,8.43561075346084,0,1
7.636559753886791,21.59300793248903,4883.691134418947,0.0,5.676862815869768,7611.756175044296,1,3.0653691313106086,0,1,10.869772410456857,0,1
6.4430636126958705,13.63867683842689,0.0,3330.6583269079647,9.116559130054947,3109.3864787168623,1,3.9941552214594878,0,1,7.3204896977577105,0,1
6.793780887774282,1.0831688213104442,0.0,0.0,5.104336332374951,4173.009134408248,1,2.919341977662838,0,1,7.579971810927103,0,1
2.5181138990225365,6.387596300437631,0.0,2948.1288068130216,6.575366227010265,4596.238899118984,1,3.925633362945989,0,1,6.843770315207433,0,1
5.276040416666104,3.2970444358691147,0.0,0.0,9.22818149763686,7498.941221814646,1,4.876674840257463,0,1,6.084653351413734,0,1
2.504397304967551,4.217271314613145,11508.825969199026,3050.566157107569,5.089185412132361,9309.275685764405,1,4.105607484908905,0,1,8.009749959842987,0,1
11.640957573358305,14.779238806632618,0.0,877.2189885452206,5.5426524916073925,8034.836444085109,1,2.967043633473381,0,1,6.582118191598594,0,1
1.3233644674446219,6.673676940561494,0.0,0.0,4.89536171239786,10196.461485790669,1,2.9014868247725305,0,1,5.996578718150515,0,1
6.989735912636469,16.66361828769658,24.426300411593672,0.0,7.636085753819678,2233.6592902347816,1,3.9390696410559105,0,1,5.086392096903053,0,1
3.177296047287386,17.07506172976642,0.0,398.3789987038476,7.507274502147978,7806.280495343883,1,4.836269494277797,0,1,8.617543173079893,0,1
7.904605125723655,6.682067220102129,2901.2006910448117,1448.0907753636955,5.313502393950407,9557.796126012885,1,5.048079144903915,0,1,8.132331324924772,0,1
11.386725169191376,15.987629790214953,28445.082808765306,258.0189020212599,8.010447087242968,3250.612104671073,1,3.0425431795619007,0,1,6.2836864073853045,0,1
11.138094623415476,6.014110734734073,209.41375158474418,132.4097300331165,8.273669135178434,3691.9220267560618,1,3.0811665000131767,0,1,6.428139523061881,0,1
4.442798054513831,11.093808344780273,14875.420326901123,0.0,6.533648186244677,4060.61090499088,1,3.9539953105259826,0,1,6.2126873707605625,0,1
8.994407320881734,10.602979665192006,0.0,2619.9490930430297,5.462117176860594,9617.609146155373,1,2.9351233595366626,0,1,7.257904924930223,0,1
4.3997847753488575,1.8522107895084232,0.0,0.0,6.494818027951801,2579.058655742282,1,3.0132871023204677,0,1,5.659001637998364,0,1
43.34930730009202,7.325420534398695,0.0,8208.054560211323,2.528586385599647,149.5461075420763,0,4.980801721054754,0,1,3.5608905096021024,1,1
27.138102080751644,2.7692401223328096,6157.8426474931075,6771.948120067728,3.7705956590004845,140.5754270997772,0,4.87681158204229,0,1,2.256226275387376,1,1
26.07714266689701,9.331919287521433,19866.151070084532,0.0,2.7633091512214616,128.26104689333286,0,5.13457238898343,0,1,3.2253802191191525,1,1
38.704541697031246,9.606098819781042,14899.700690164591,5806.801429318915,2.7656189263047217,135.89950576530427,0,3.951592790309953,0,1,1.9067064193155014,1,1
17.41671673940278,9.38155602203353,6508.606308324057,11795.930749002073,2.8574839868224196,276.1391619165568,0,5.154142193299353,0,1,3.819330155836325,1,1
39.826912595345114,7.672946435911935,19733.394242137685,6174.28423797814,4.856701328221634,73.88298571543152,0,2.858418175464551,0,1,2.0719717707138123,1,1
14.594102491825478,4.954772273519488,7968.351909090805,9236.344064011573,3.745554580137025,0.0,0,5.105017242728302,0,1,6.462607753239149,1,1
22.69604741703666,8.007175376824936,14389.65613027901,5560.353850634333,1.946287207171387,0.0,0,4.999214568581376,0,1,1.6136443860225698,1,1
24.575125129000494,4.147108153427322,681.182772833904,4858.742681398205,2.262363655475589,0.0,0,4.01398835638416,0,1,3.809169014979364,1,1
26.02576515921172,7.4651554891146965,0.0,5251.8970350527325,5.438732440719028,0.0,0,4.291123950695918,0,1,1.9089124213011726,1,1
45.8175710224485,6.131933879588104,2772.8631743803935,0.0,1.414368811243797,270.8946022215963,0,4.928952984250157,0,1,2.655420985018704,1,1
32.47175797662728,7.960882480136123,22729.077200583044,8716.609520952728,1.6944852417898928,421.02724844665676,0,5.063152743780569,0,1,3.981900239477035,1,1
47.3946293724923,6.4275451675765805,0.0,0.0,1.6028169846361189,266.1888339338722,0,3.112876168951184,0,1,1.9669470647699312,1,1
36.71057374990137,6.963322260503711,0.0,4977.57835540236,3.541542328634863,119.59099868482328,0,4.092245457500667,0,1,1.4779541889233647,1,1
35.89581056104169,7.376326849459336,4960.601088050712,9016.313695453795,3.956928776190231,41.353563870919224,0,4.993644378167644,0,1,1.4260033839645074,1,1
13.50037021120421,7.474949279642701,0.0,1347.830010098283,2.8123227839164806,97.0077517642956,0,3.9562381915571025,0,1,1.205149045659927,1,1
18.816662182831866,7.209125771349896,23506.935772885685,5005.237614154032,1.7292142012838934,109.14378717656955,0,5.022515251357796,0,1,3.5431896707499515,1,1
41.35431511765802,8.150916013198414,11181.484213452939,7298.778127030002,4.3685543123078965,0.0,0,4.099641359209076,0,1,3.6449550121697127,1,1
34.611691007909855,4.670407205980589,12203.224860585406,4990.478519651983,3.9576025674005795,0.0,0,4.088051492205743,0,1,3.4520906376694307,1,1
26.161655135232127,8.151761393141268,21412.840122748377,4550.395231053515,3.9219130049530846,55.94928446098476,0,2.9466807512917166,0,1,2.8069944457937295,1,1
29.12178032782677,4.277603686151541,12510.877758204322,5027.520349068048,2.467439109905148,0.0,0,3.9769908303230155,0,1,1.4977406407422773,1,1
23.13557690888989,7.101252422757908,0.0,8831.243012870817,4.5391117985306915,0.0,0,2.999606626813625,0,1,2.193563246911174,1,1
43.27951429436997,4.285352896317478,6547.212357176664,1190.9992392049642,3.081747522451984,0.0,0,3.050861217253239,0,1,3.6940193355840285,1,1
25.90650794344417,2.7908904567649704,18077.22363380941,4687.378141092832,3.7547502050020736,397.40783372978376,0,5.051344119231315,0,1,1.0839619210037288,1,1
45.786495265808426,5.533756661846088,3855.687985293593,2614.621947181295,2.501408738128381,479.8716646362704,0,3.974970266776387,0,1,4.173898396632087,1,1
50.72341641031948,6.241825961365275,10133.96066208374,7421.754289168576,3.8900447946221925,29.033840378918388,0,3.1273016065271935,0,1,2.6110760472563337,1,1
13.951010690727557,2.367128067792636,1451.7969807834497,0.0,2.9443470028227274,56.12366225134,0,4.9421445148059435,0,1,2.9576981099512025,1,1
43.17456704886579,2.221552986272902,5081.957238254632,953.5303265949783,1.0419418016735242,238.30169528770975,0,4.127102358653151,0,1,1.311495330429715,1,1
37.10817573434234,2.720532583157759,10518.858781530113,0.0,2.6992997667261034,0.0,0,5.037236406708196,0,1,1.6608965717737703,1,1
22.125667890176548,9.978286969118706,15728.732979481338,2431.5345305435967,3.4306932109887662,84.19350005851271,0,5.109969255032552,0,1,3.1241123648693976,1,1
47.29111110249927,1.8087216103740342,26666.09838650394,8223.45637665211,5.199988996323723,604.3340899463981,0,4.136741104326573,0,1,3.0064405394808498,1,1
40.23892061888172,7.037530463956839,16754.885190467874,11223.913844839153,2.1436785908421774,4.682941003857138,0,2.921090936116515,0,1,3.7448750758440843,1,1
12.344771903203311,3.5236432280835226,29434.34857012684,8434.473006925404,2.986645337287044,0.0,0,4.894599366892308,0,1,3.5722109808123284,1,1
46.04983144465461,0.0,10511.30765291943,9305.660671435755,4.951212761070923,0.0,0,4.175755152340276,0,1,4.503319814419179,1,1
39.152334095138606,5.241261399676362,8332.15446343228,0.0,4.512250160054817,0.0,0,3.174100651769659,0,1,2.625917194198728,1,1
34.84685741805372,1.8480078958859878,35804.57599228362,3384.3490780713805,3.635592249987443,142.43910508427865,0,3.037175900390847,0,1,2.843923909809483,1,1
14.852922014855025,1.0969540505788569,2879.979472245704,9452.391985552102,0.13377566886510106,118.4787630637328,0,4.002350227059816,0,1,5.449827749871123,1,1
37.3267057758222,3.5138560862342714,0.0,4484.098022119993,2.4048871222915644,0.0,0,4.845896404842443,0,1,2.319042004479614,1,1
47.41208210156397,6.783406693914629,35252.37272378563,10746.811584201329,2.6499124886412817,205.4529501508754,0,2.969833529573614,0,1,4.387561084853574,1,1
24.68451752933381,8.322373117477593,12227.917581140806,4441.7113864271905,2.411233943593033,0.0,0,3.950369753257629,0,1,4.160955913337758,1,1
34.25232201859676,8.223007639117704,0.0,4124.034037680919,4.200969036415334,218.77742034273257,0,3.081475012300961,0,1,4.9377509653723015,1,1
18.318436993499486,6.189273351426746,7603.554472449154,5434.576016525263,2.5812952904479687,22.46955246868678,0,3.0442947288207955,0,1,2.719154827681373,1,1
30.69546505554913,5.1287624035020425,8919.109254766594,157.98734229175273,1.7561129752504525,52.23398012314945,0,5.182459897488171,0,1,1.5099773638378289,1,1
50.13235861597933,4.509957565583049,0.0,0.0,2.4138272796566698,90.25987793959129,0,4.788450216169508,0,1,4.60640761543897,1,1
13.318615951886697,12.259937783756799,0.0,7821.7085162788735,2.68728861617427,0.0,0,4.064308715411018,0,1,3.0250342118851448,1,1
26.858299809785873,2.90094660295308,12540.618478933367,4188.249554445,2.3807466523992593,0.0,0,4.935127516513849,0,1,2.9869017170638106,1,1
13.350108693672723,4.401942965340316,0.0,1231.0295055023253,1.9888806721120358,238.84080418522038,0,2.9961015604644197,0,1,1.4024732298167573,1,1
17.44283112916977,7.042646499826887,1234.7336864290364,4037.4730924141686,3.752860918152577,0.0,0,3.1051139271682837,0,1,0.7742205745341493,1,1
43.37234204094842,4.2210389202497085,0.0,1474.4080049578681,3.1225172426856673,0.0,0,4.9780345617344555,0,1,0.8627833187422189,1,1
35.553830034808826,5.817461390381453,0.0,9943.084046225043,2.7525965328512023,177.15173937160205,0,5.338295502456506,0,1,4.644472961523756,1,1
42.9958466197983,11.643260171053306,647.8415425672301,4952.652446868691,2.727168467035052,144.42452892453568,0,2.9622371892890786,0,1,3.1127218339320386,1,1
14.498712289459258,8.743172159787928,7154.247385693404,2599.678819087164,2.134315287210356,24.72003401856462,0,2.95614955723499,0,1,3.681816297563362,1,1
37.0666942220751,9.183748869218896,0.0,8211.469784846933,3.239145709788281,80.13509758443986,0,3.8147226130995953,0,1,5.822457539822945,1,1
36.77164800679604,3.3814797904387235,5178.959438087428,6692.506173514862,5.292531166759531,83.35222723798032,0,5.04056013453138,0,1,3.835877124966997,1,1
49.66231937656348,9.367628517946466,17070.109738361258,8809.179269680802,5.443859655485554,214.23070229520812,0,4.007453556900276,0,1,2.273057566738754,1,1
19.797878806240703,2.778308417330352,22407.09515168679,3472.6105901175233,4.374613486369553,262.9205600212462,0,3.8478205115732984,0,1,3.22793121120731,1,1
47.29561943116219,6.854759497428924,8744.554085210675,4430.755657510968,5.94212464076816,176.23901944845352,0,4.955548356679865,0,1,2.193022206276288,1,1
35.675195529007866,8.889638728617104,0.0,892.3834467927768,3.376172281219446,275.6880550028652,0,5.070373463078685,0,1,3.6371741745952906,1,1
17.743800726137664,9.15130508271642,18381.066990154133,2024.6128325671928,2.1321444633150084,499.4603739125967,0,4.875094023029244,0,1,5.694492378168722,1,1
33.98734221810871,5.38231716231577,8236.511876410108,7199.604871458561,4.396662254338538,161.59760881582918,0,3.919468016124587,0,1,2.025558133519257,1,1
23.9087379766138,3.419875928902461,19200.5319094401,3144.815214609341,2.8088710376223593,9.791779805964133,0,4.021675688358895,0,1,4.228852578262213,1,1
27.91475377327963,7.314888398848809,10430.416808564438,6243.972045928032,2.0267239655258447,0.0,0,5.06061368033027,0,1,3.8948457241999757,1,1
31.51159449570111,10.131357997500789,11913.131470755612,13007.099550684969,2.506943184076407,0.0,0,3.138465680930037,0,1,4.443093503910255,1,1
38.52591688200323,1.1123293522445699,0.0,4283.256075316523,4.238685410104127,157.3456132725562,0,5.34100812801673,0,1,3.9268155540186114,1,1
13.842351750449222,0.029167075644088936,0.0,0.0,3.7006465343479458,0.0,0,3.97835852077382,0,1,3.2204249449743743,1,1
14.250360485525352,2.7430784360126967,5962.8054765942925,1138.6237947937316,2.7208288025478513,0.0,0,3.8062419284679834,0,1,3.172894342588742,1,1
28.063194820111576,3.6502201848840743,6822.820650530818,5231.611613007923,3.894624285438641,197.29272533125388,0,2.82207069185277,0,1,4.6340335111288535,1,1
13.768577949880239,4.88394752211241,0.0,3657.5544154466006,1.8393713490351309,228.09193292530745,0,3.326141836096431,0,1,2.750840633726422,1,1
27.47144337983454,7.172484594535286,0.0,5819.832136630935,2.5515574863238766,132.96490589079818,0,3.9821491278901546,0,1,3.096345268581504,1,1
38.93881710097679,3.086766151499637,0.0,5433.486210182075,5.075594042656282,0.0,0,3.1746324931105554,0,1,1.6446392828923813,1,1
31.44163309187245,2.6933698508493156,16946.251054166787,5452.960674742427,3.241737671884032,590.1969697682875,0,5.08282119201897,0,1,2.9212657057949856,1,1
54.926642947826096,0.8353247586242198,0.0,122.29571988056705,3.051792212274539,24.462934316426185,0,4.857278932030549,0,1,4.587470681963042,1,1
33.37337454191768,6.8433864008691385,9195.110109830657,3948.01705517502,1.1383364517381045,304.88293334830155,0,3.922118857173848,0,1,2.9572584160161335,1,1
22.835848044292135,7.683662565788374,0.0,5041.2521519786505,4.183732531379857,0.0,0,5.239270208737826,0,1,1.8589821219253033,1,1
32.98938271017846,3.034173333580698,15164.350412743002,8710.721877766673,3.2195131813076143,0.0,0,4.930799712020893,0,1,4.728421530688113,1,1
19.450552317913267,7.918857147861038,25154.808588020758,1085.263664000438,4.544899167813519,65.59699889873333,0,3.0407353849337784,0,1,1.4599361740570038,1,1
22.718323975751968,6.566695393209097,22571.334337138454,6744.706947008837,3.1868863199811712,765.7791428205917,0,4.001811868530572,0,1,2.7803984524173595,1,1
15.408003010732958,7.6841998735120915,0.0,9801.861799682447,2.7410639162548875,299.5497898936758,0,2.76109551418864,0,1,2.02277544609326,1,1
46.69935778927272,6.507677606359801,9407.536414846683,2581.932574205586,3.70533873978437,9.144474106222798,0,4.225099297534356,0,1,2.041355562646465,1,1
40.839792845857346,6.47464176936537,0.0,6716.696807773252,2.852899066600405,189.0735500685721,0,3.856296377615058,0,1,4.674513047160256,1,1
47.55245069439063,11.224239878711552,20644.188195540566,6546.534579178437,3.027404675178358,0.0,0,3.0009346305678832,0,1,4.524467298533489,1,1
19.45168929792926,7.500618146943813,4919.948303339811,8568.649943801105,3.6283716710338867,249.7864441263232,0,3.9000660811113215,0,1,5.299893437976891,1,1
18.675190749105685,9.28647028719138,25972.350810342068,10852.225516486817,4.466733018851402,585.8356407175663,0,5.1060650528560725,0,1,4.486156371302492,1,1
19.16111015117337,8.444436958689032,0.0,7717.660132392814,2.94116904765027,0.0,0,5.015245438014343,0,1,4.090456435763523,1,1
32.15834321112098,8.093795388916824,0.0,3020.538669656984,3.126949714041227,122.36372265903326,0,4.154325979673272,0,1,4.677889525701,1,1
33.23533692939678,1.412269074228426,10352.932290787207,9388.823085952048,3.6989826906789416,126.73407876325666,0,3.2319226659475246,0,1,3.449549663377441,1,1
14.02407123380161,10.105749671618577,10272.813449759364,7200.226179126793,3.858041365930701,0.0,0,5.115254665869149,0,1,3.386223997994092,1,1
32.43813833300529,2.8125971483314016,28105.42362983077,2654.2566261987804,3.8204881394779737,0.0,0,3.0546923873009164,0,1,3.1488657800898974,1,1
48.233789592381925,1.8137569090503611,330.6688018101313,6259.713032698217,2.45404494326268,66.44284087122446,0,3.9348922818191556,0,1,3.470623757232477,1,1
44.48382912953119,5.485110287561347,0.0,2533.6303238556884,3.475672997001188,0.0,0,4.952609261240272,0,1,3.8735833914247593,1,1
33.10366250611476,6.922382421006598,0.0,4865.708546155694,4.1944798604337645,323.1784783050225,0,5.090902792257044,0,1,1.7360013975579902,1,1
40.450618294171385,7.37673251290613,0.0,4414.178210196478,4.048984889585033,0.0,0,4.002489431753239,0,1,3.98413004893543,1,1
24.686165154352633,9.272190849386577,9141.709110838954,2315.2948300113235,2.524290366989254,6.086045668752178,0,5.164294174113799,0,1,2.6170079375345194,1,1
24.623990715249416,9.732447197228828,0.0,2531.157413654737,3.7403846132418446,0.0,0,3.165752188352925,0,1,3.8580442622371267,1,1
20.481542159501767,6.739308033641875,0.0,8931.29588064751,2.508423939938597,0.0,0,4.037158856703763,0,1,3.431731346992872,1,1
36.01952019150689,0.9335166207943408,9364.907676849614,8122.02111587098,1.2213126802772734,0.0,0,2.915767690951649,0,1,4.332105141395689,1,1
21.722061006055736,3.303885095324076,11808.960683341258,6875.212540540619,3.9400886270708053,0.0,0,3.9817598050680516,0,1,2.291124779303991,1,1
44.91090249965649,9.369533568562726,1626.1456709237218,5912.154645217617,3.3612171324555797,0.0,0,3.1002520213379823,0,1,1.5820289348516714,1,1
38.331354888789356,4.9873546365837775,13550.586317256024,0.0,4.949358480328755,284.3326928357973,0,2.8784020115352957,0,1,3.339982762355719,1,1
16.80120944141928,8.039385201773353,0.0,8642.273157354963,3.3354210551353147,438.8868484592265,0,4.107781404703047,0,1,3.9069762684184215,1,1
43.18136851140926,6.065860932874435,0.0,5216.438538417355,3.4859301695555884,2.1886582344126353,0,4.916061096652957,0,1,3.7932971162411513,1,1
25.84486903926316,2.0507600525860985,0.0,7315.359085246192,1.1739422579580823,0.0,0,2.938399752094988,0,1,3.4909616073065908,1,1
29.458189159447826,6.936602349077172,0.0,8341.457302483412,3.442801247784215,0.0,0,4.922822572238111,0,1,3.37773166883889,1,1
38.603323116192364,3.4171290837302313,15939.937406443798,0.0,2.6340539727606207,111.53413443525967,0,4.873124152291049,0,1,3.3428916563582787,1,1
34.02515771513339,4.933960195671298,21262.139066091026,0.0,3.4468283847502867,77.0699181109637,0,5.151179106968895,0,1,3.693340325511297,1,1
27.128242412234357,8.53200377263984,0.0,0.0,3.313651119194685,0.0,0,5.03594415113617,0,1,2.605611754752015,1,1
37.251074040821635,9.826750194012503,0.0,9950.596452229542,2.204688464719318,0.0,0,2.9131542031704463,0,1,2.2260702461037836,1,1
26.754910797172865,0.0,5585.612144171195,1794.8998673277406,4.23902683448728,60.97628134190222,0,3.9449346305139317,0,1,2.624785943418024,1,1
40.22080953333212,2.646507066098425,0.0,6261.386459980503,3.5493375330814656,261.6538387895615,0,5.150519864157435,0,1,3.445896782833544,1,1
28.540971833631144,7.954725179139379,3223.778233693213,1196.3736072713548,3.0171398334773665,367.74935882383454,0,2.973881448094539,0,1,4.516806809788834,1,1
25.345946399922553,6.427793410069702,7692.323779232834,0.0,3.9336131590363355,0.0,0,5.079909469555944,0,1,1.7839239782499925,1,1
51.133940022358495,7.638433723400352,26214.050445079974,4809.0166251433075,3.148796129362923,355.1686614179229,0,4.978601651169288,0,1,4.019307461346509,1,1
35.472443424889924,7.59231176916227,4218.007483172577,9509.338410446675,2.326078357248107,0.0,0,3.0856106250696125,0,1,0.9340212050386716,1,1
47.03451242938838,6.114082352698347,19842.756336130737,6267.707164184527,3.9330177845446,0.0,0,4.916453651325187,0,1,2.185004351139063,1,1
38.92239776782862,2.8598927889975037,0.0,1524.0965018499319,2.1355641697211674,556.132249834401,0,4.89817132337175,0,1,3.0132853318352355,1,1
14.911800822958407,4.016483569614559,14394.668121686991,10643.844732646563,2.5306038516639924,0.0,0,2.991643340367646,0,1,3.2986444155393078,1,1
32.69353314536979,9.24766217594313,12832.783957243735,9054.142868882886,4.038588572981337,0.0,0,5.0747435413643815,0,1,1.6408375980568317,1,1
12.213757077041247,1.7748053542544988,0.0,0.0,0.3458680777231924,0.0,0,3.9543205901610765,0,1,2.687514966230069,1,1
37.34565908024896,4.169858333327762,0.0,7992.737111391806,2.664395556591655,147.30092977656096,0,3.9786792940972826,0,1,3.3705987272468403,1,1
25.919397955941573,10.978276499150288,0.0,7280.795367332241,3.3371033689088905,309.2017390556809,0,4.01746465507778,0,1,2.3091683135467167,1,1
29.783742404559213,7.809403065178086,12657.550527561221,2199.317602100573,3.755985516191673,0.0,0,2.942416787981077,0,1,1.7588801331723938,1,1
30.07703594171497,9.196077056769177,17316.477685406746,6432.6536277886225,4.148993072878604,0.0,0,4.928401847371755,0,1,3.1966140571319555,1,1
22.25834167392505,1.8789311614082682,0.0,2539.2059907303874,3.05709847168362,315.6256219734122,0,5.020042400825708,0,1,4.131627909220085,1,1
11.006882769709062,8.532705650675677,464.9000825622843,9083.854336492757,2.5285464223592165,0.0,0,5.137636783506582,0,1,1.524361435279208,1,1
42.02723730269545,2.263063629301584,15234.401455068282,5309.458379856899,2.963058776719697,0.0,0,3.9255412426251737,0,1,1.5263178400007313,1,1
25.86621374970215,6.7848789229585655,28888.304517084187,6111.533938238083,3.3221505683569337,0.0,0,2.9710760077098204,0,1,2.219467249400055,1,1
32.611843489101304,0.8415556785628007,1207.6064804659218,9599.139381563005,2.832429239789281,0.0,0,4.0473563180410155,0,1,3.52570588505151,1,1
8.097533637740664,4.430195136442549,5696.4972805007,7995.366726961203,2.510915377976424,259.52181668314864,0,3.0227776982774275,0,1,5.502639017976585,1,1
13.016388015143916,8.77653778133401,9869.180902517637,11757.93219394928,4.905419200021072,62.90794849709941,0,5.14700668527599,0,1,2.4676373762108534,1,1
11.847106750642382,7.856975439278607,520.7302760480006,11651.483080054619,3.1474111316611975,0.0,0,4.9979303582355525,0,1,2.568403469738307,1,1
23.923486894937444,5.348038592391138,0.0,3299.2204387045867,5.061054242174237,326.1762826989245,0,4.8574522549903,0,1,2.443845797344837,1,1
37.66780564255485,0.9219373885146596,0.0,4951.707097549761,3.85850603313553,41.08278052657472,0,3.876554322957223,0,1,4.271866421338109,1,1
35.682627565951925,9.484188781249863,11193.32926769535,3132.648150509506,4.996111115384168,0.0,0,3.134019182535573,0,1,5.101023424682324,1,1
50.05128988595581,0.9421351154776909,5092.007236875451,2202.2822253553954,2.623186674585261,0.0,0,3.872691810841128,0,1,1.9702701861469254,1,1
47.57189784306427,2.835614366687652,0.0,6579.398334696423,1.8874308025141873,0.0,0,3.984502949635091,0,1,3.6556756252729983,1,1
39.57766354706787,6.105031412801746,0.0,9516.33559834312,3.5668149440401042,610.7186408740437,0,3.8866114659789073,0,1,2.057645603724694,1,1
30.53553005305882,7.384061011887243,16185.651174504743,6030.69676133893,3.5481955202864626,0.0,0,5.003204861467684,0,1,3.30596490360764,1,1
22.66200069357689,8.75195374231136,0.0,4541.709959438515,4.698442496822061,0.0,0,3.0288353654973594,0,1,3.093455782825099,1,1
43.49252845467518,5.414488843672141,16012.864392146423,5214.924198433469,2.5133473585126214,0.0,0,3.0340250351837654,0,1,2.9343275149531713,1,1
39.04229893551072,5.262209122452154,7629.606778431606,9922.115967624082,2.236681252179351,238.00051804866115,0,2.9885730906803953,0,1,4.20731552314049,1,1
26.46894290668178,6.084090757580822,6216.767907506075,0.0,3.8309268067662186,12.436987306394833,0,4.856727065228988,0,1,2.5041512844427998,1,1
47.049964866480046,6.1798150789086215,25386.314281957082,0.0,3.218372763003174,351.80473265869944,0,4.9412941971259965,0,1,2.031675718620695,1,1
43.33348727595498,10.736900398815733,0.0,5505.119739617747,3.4699945360916975,251.08385814843035,0,2.936175539271212,0,1,2.40703510858441,1,1
36.676649966523826,5.0354127480850055,0.0,5576.443459674672,1.7190778978828056,220.16316796184145,0,4.104125033677823,0,1,2.970784541763322,1,1
12.882253177197796,4.491249465306172,23785.681405475687,6911.3212772182005,3.609951587579811,221.09881233506133,0,4.93853856015751,0,1,2.6240839784525156,1,1
46.44905813988378,7.931292730029998,12417.035578276822,4416.803019286003,0.4684127592979026,401.25771987666394,0,3.8011007922021083,0,1,3.314699928097817,1,1
26.254956276835866,7.999272771415661,4234.664782521057,9321.411671872887,1.0126751766599815,359.65716652398146,0,5.089784888569485,0,1,3.490685151436615,1,1
23.980666132609876,7.061743667236863,24789.763372799505,7336.839036031941,3.6398641904866045,0.0,0,5.050692358117794,0,1,3.420251596520245,1,1
13.577887759409835,4.0981081838697335,14146.621887534984,11100.43453624272,4.52740790446325,0.0,0,3.934199013282211,0,1,4.594048345479802,1,1
20.86567117351474,3.720419486910516,0.0,9744.142444448995,2.674092881601978,193.5453936886579,0,2.8689707370100623,0,1,3.919797456231705,1,1
17.71991260255367,4.500187469085243,0.0,630.9592383484023,3.7241749643595896,0.0,0,2.9519695425824843,0,1,2.1413499022561577,1,1
12.907600815463102,8.976815816595122,24377.10504902048,4898.679109177454,4.23057734132541,0.0,0,4.99961208717121,0,1,0.6981735003284069,1,1
35.69848741114672,1.9873104832397654,0.0,1985.6827012524134,1.2969128526647655,272.6454372731814,0,4.06230556520098,0,1,2.8168482458371313,1,1
14.744688028511689,3.0739684570193835,7797.549032986652,5325.866224375914,3.4743030892719142,0.0,0,3.186163517391641,0,1,3.2183988024133203,1,1
45.36739093477201,0.36520686260198376,25585.465950327518,6611.118537357339,2.205477957654632,224.36710979226356,0,5.032732804042241,0,1,4.1416816375889445,1,1
30.58374366105975,6.999618266949493,11180.630211960666,5495.266849369447,4.088621666533498,188.54143662116547,0,4.070565258019776,0,1,4.090304030146898,1,1
49.99733756028317,0.8575295487019828,5679.313464310405,5783.0695466442485,4.303725314909008,44.45876805995176,0,4.833589898087514,0,1,2.5167787463630873,1,1
27.347803781304336,8.130045196449965,0.0,5203.903403969888,1.7481794780509092,299.4168886767734,0,3.8849555523817556,0,1,3.6122333475857653,1,1
42.19641517511049,1.1944621866547016,13952.794400771932,769.0108229321069,2.506048309315436,190.67594447982887,0,3.115913392603491,0,1,2.5754158005117604,1,1
13.403453954196193,11.318750719033696,0.0,10608.499768780961,4.097512544877013,272.68583291909704,0,4.862736255471671,0,1,3.653557522707648,1,1
46.68757750178157,3.90940805901721,20898.694841695004,3753.829014582731,3.893800562095512,0.0,0,4.920293127904382,0,1,3.694079376118518,1,1
40.55220107515618,7.330155324491674,0.0,8735.497570988513,2.594341583973528,0.4471086491931402,0,3.0399849862860204,0,1,1.9589741791476831,1,1
40.117131880356695,3.3832757285721327,0.0,1064.348743109422,2.5232438346351227,0.0,0,3.0393560087771228,0,1,2.348390431505828,1,1
43.13281943953334,6.407871492587059,19269.300304586603,7262.476041167009,3.145727580422496,0.0,0,2.903935714492513,0,1,4.15012773693105,1,1
40.65723308753968,4.81280166172375,24725.315301018072,3064.8937179178206,3.783046806109572,0.0,0,3.162824305726423,0,1,3.6994046078660743,1,1
36.06121005404182,0.5731477235661511,9393.991883817067,5936.889268432543,2.2026414443322833,0.0,0,2.8810806695393962,0,1,2.101917702511968,1,1
15.70891041798658,0.8446455293928973,0.0,7095.1849329247025,2.7722349317176267,31.78711203929779,0,5.031391243491468,0,1,1.8287196296352666,1,1
19.593153336119673,1.3383040530258297,7589.50939555729,6094.453819095656,3.8094467286051117,519.4509048038657,0,3.1842054607421453,0,1,1.8472128787363242,1,1
24.358139675153677,3.2892203424453257,0.0,5691.860770122816,2.45790586152096,135.71396823193834,0,3.0360054266937837,0,1,2.262505814736571,1,1
34.99315090733262,8.503088924766308,19702.500983328682,9892.61196000068,2.554869616519143,90.54922721684174,0,3.82867093217999,0,1,1.6408650636666187,1,1
37.21259100320244,5.70557551860778,0.0,6608.857672707785,2.343579043375553,0.0,0,3.098095308496543,0,1,2.9633945953618634,1,1
23.13996422595482,0.8207202668739995,4521.491612154716,2451.0108768121163,4.841607588176185,544.2605404070758,0,2.9803640495380144,0,1,3.0327493089112108,1,1
15.91370070697624,2.443965867784871,8083.739747906486,6928.949451395652,3.6829632021113587,92.65159676096631,0,4.073431320587768,0,1,1.0914566195226407,1,1
13.32303944550236,0.6588107448535171,5297.192945168742,2279.4861825536427,2.3565443591578026,366.706268212455,0,3.148246946480202,0,1,3.506654478791271,1,1
45.894830553640865,1.8539771975295127,15410.620193125596,1189.0126260992865,2.4234911746264274,0.0,0,4.831777782638023,0,1,2.607186177838799,1,1
42.922997938754534,0.9368532036037243,23368.052339193615,2019.6928248012127,0.29374354153850435,216.01041875606373,0,3.0462543020148014,0,1,3.3003654620456966,1,1
48.156411672312665,9.233950305449973,21927.88680711414,2324.1411668597007,1.3883419513038475,0.0,0,3.1294114654268483,0,1,3.503328753145639,1,1
12.842043743703929,7.765569897409219,1914.5991924883556,1413.1920871290558,4.8960102632363,118.77146606465146,0,5.0372589508583605,0,1,4.636667870291926,1,1
18.66697185538857,2.920768137949567,11816.52583575506,9087.11999745018,2.7674011459211654,255.85554923488473,0,3.1582409079700877,0,1,5.693509956192194,1,1
30.49531299533254,6.561968116467517,16870.675057047672,6817.314315919692,3.6158051865249687,516.4582593179983,0,5.022035180264074,0,1,1.9318837489585947,1,1
38.28450719571544,5.06999365629796,0.0,0.0,3.107153290231084,642.2618432007495,0,5.177319118963526,0,1,3.393853784538874,1,1
48.618482334056175,5.795110089460022,0.0,6831.8991864075215,2.0902790814551744,286.5689586382741,0,3.828594996346265,0,1,3.939369901465336,1,1
28.766976223718917,2.4544178005222688,0.0,7313.549466028027,2.3967138067234206,0.0,0,3.0946629316622363,0,1,1.8702844851327556,1,1
12.722353337256513,7.790387730220225,489.80190538280993,2153.103999846758,4.956745458015818,0.0,0,3.7352168237800156,0,1,2.3385984841737173,1,1
43.14917891724595,9.146204290241883,25274.434554162304,4823.7833255759215,3.554279566794751,0.0,0,3.036045799257951,0,1,2.158763058416286,1,1
19.81293380034218,7.198633315948068,11800.171542262768,8463.898730584307,2.29955354474702,394.2234558676355,0,4.878501403005009,0,1,3.212359425384936,1,1
16.44321338056507,10.696605375773633,11345.694936253773,10684.71556447594,3.8941578065678875,11.457582460969077,0,4.085748558367851,0,1,3.7363146054121406,1,1
24.494486268589668,6.651448567182581,3285.672047534481,7726.067829297678,3.5700702270847113,102.46674700068894,0,2.9575920122977113,0,1,1.909946666324585,1,1
31.309073812567792,3.186313816266654,3303.8544172043103,7852.577885534807,3.3539574175522118,632.6885183978999,0,3.010574366510996,0,1,4.300953519815506,1,1
24.167636253122932,8.058162819573095,0.0,5445.889706504967,4.076804577509559,0.0,0,2.934801449380108,0,1,2.206683135644114,1,1
48.934427963902976,10.19331212351515,0.0,1564.1011855794245,3.3657458684591397,0.0,0,3.1907458172876972,0,1,4.576063127180559,1,1
25.660928828555797,7.122327506056877,8161.203471675783,3872.0805866816236,4.172998381546484,170.7314054520375,0,3.9785722676962094,0,1,3.378001119371418,1,1
16.722854474386274,2.8095919003474012,0.0,5217.141563763208,3.9245010097270656,0.0,0,4.909841865100649,0,1,2.8471836587655113,1,1
42.539583904942134,7.525752104054507,0.0,590.6749258236682,0.829118639688672,0.0,0,2.844246231306674,0,1,4.282191506262743,1,1
21.10382574046883,8.756712497082741,13285.266902453193,2703.6721286541533,1.474241367521324,35.92034443690686,0,4.905765524347569,0,1,4.623477048006562,1,1
31.401243974459607,7.108715299863778,6723.978580681201,3412.3461893541253,2.5324922633780416,670.0618058304296,0,2.8929424212277643,0,1,5.34063669313349,1,1
47.990640640804244,11.037303121628572,5996.6365864714335,6696.066137744523,2.9498732762245443,0.0,0,5.000624668636238,0,1,4.075024873648479,1,1
24.663291759760824,7.169553737488149,22059.59043699961,10489.83946609221,2.0847594709318766,206.94137634011358,0,3.971499946046665,0,1,2.4813922460019153,1,1
49.21369791204089,9.435468205588151,3460.2017116533852,7847.13318743424,2.6803091806440245,0.0,0,4.771834856103367,0,1,1.8979308122849177,1,1
18.97283412603365,7.010742619513496,0.0,5310.185255873857,1.6005550407773144,76.97485949190408,0,4.957500945382108,0,1,1.9769901781841275,1,1
1.755667197446519,1.5186123273753636,57359.331714914886,3501.1621827617582,1.838341511500599,423.4164033325435,0,2.7621905813398504,1,1,1.839651345104434,0,1
4.833273365868096,2.320579210228673,12469.695779837682,3880.832233985956,3.356535551326819,260.49724252891735,0,3.088300696397334,1,1,2.271750955086691,0,1
2.231245809917091,0.44427611821668633,7679.698238587069,3096.371694066551,1.6574957296961044,59.23576895276125,0,4.979028517013661,1,1,2.5125425874613985,0,1
5.864009949190331,1.2717373858570018,77060.34464680648,5420.115482871819,1.5424424166705428,0.0,0,4.861390573802604,1,1,2.9059793831847043,0,1
2.903582192670402,2.1926225654090246,35180.62109515917,6714.9298041386955,2.627784605210526,489.7017450675894,0,2.97415226064178,1,1,0.0,0,1
0.0,1.7231585113141796,82328.32865289248,12772.457595479342,2.1377513684967733,544.3094297173808,0,3.1031285984080244,1,1,1.9948043523830123,0,1
3.535703599025944,1.2990291173028226,69348.26028599172,5061.80101651354,2.8074521129081647,46.877941114706296,0,3.9726618536723186,1,1,0.863703529408463,0,1
2.2559101742488505,0.0,47681.18352070301,4164.344299376064,2.41476621914975,281.8776839956868,0,3.00733282800453,1,1,1.4979749261617488,0,1
3.5154229935774852,0.0,27189.300525715218,1105.8841902984007,2.847666790838483,343.4712086531613,0,3.0893232826335346,1,1,0.43029142314150903,0,1
3.6629664538255993,0.0,56242.66904161143,6488.951023393023,2.6006085060686592,0.0,0,3.939166899367451,1,1,1.9092979703536075,0,1
2.7799626230588728,0.8008247426506321,106037.01165917568,4476.247849619504,2.923853504992427,0.0,0,4.905751270849791,1,1,0.8766036156715626,0,1
2.5060408842142876,0.4817018660788719,16203.368649738997,3149.922047935087,2.3358047381416056,233.7850320959776,0,4.908429856811953,1,1,1.8862821671734677,0,1
0.29434449286414743,2.237367210762308,73159.18575481347,1586.006531471068,1.1027825907423978,100.44172345377858,0,4.0869596213119435,1,1,2.2056910322490255,0,1
2.2797575630143125,0.7491650767053182,12504.557168851981,0.0,2.4332030442431978,0.0,0,3.022208902397631,1,1,1.734739524632884,0,1
0.0,0.0,42790.48933580729,1063.5582106404772,1.397717455297153,0.0,0,3.0561664343290236,1,1,1.8493466563561305,0,1
2.551338934255102,0.0,84621.8931008973,6001.02098491653,0.5305773899792166,272.3773607147741,0,4.86688028104153,1,1,1.2622116773708436,0,1
0.0,0.7797406139366575,78736.94684952893,6310.597996776072,1.4013912172031322,0.0,0,4.175314682673734,1,1,3.1257762130647775,0,1
3.6979786397043526,0.4920062658295006,50938.869194072686,5085.828924139464,2.1396274156918227,0.0,0,4.110106066788327,1,1,0.02060825640127051,0,1
0.7284446255310792,2.866183638963796,29968.76914172038,8116.755205096243,1.3784296586437583,0.0,0,3.8888670427891587,1,1,0.9432727358764671,0,1
3.5281674436006916,0.1774026264927697,32374.091782157484,7260.349301926789,2.042268585647707,174.93895169860372,0,5.054008530542094,1,1,1.246687855999185,0,1
2.582806461900961,1.1148850557200152,55507.594846301625,3331.9067868284606,1.3174717313716457,383.7225585389252,0,4.902099578419152,1,1,1.4303704157579686,0,1
2.266293381832046,2.4318851904334244,99361.98627390855,8809.84626257909,2.2464053696457373,0.0,0,4.834785136219564,1,1,0.0,0,1
1.900764028549202,0.0,47643.48031843846,8013.481246748492,0.20963143193611122,0.0,0,4.042001932956542,1,1,0.6150406106153345,0,1
3.9174942647214266,0.0,98447.18898727276,8388.786006212229,1.5037525663805162,0.0,0,4.023785856453214,1,1,1.8230653639389673,0,1
4.46395757239179,0.0,49088.15500915047,12356.382376692833,0.944094729416314,289.02922258775146,0,4.060254720248444,1,1,2.6964089869996837,0,1
2.232339677369374,0.0,124701.1250584197,912.1754464821843,3.042585583021494,0.0,0,4.097455070155069,1,1,0.7429499720944086,0,1
2.152600700323175,1.0118836747162847,72070.44209439775,5558.520410109343,1.9977214936407481,233.53009062764576,0,4.084615482288257,1,1,2.2929139192996004,0,1
3.7297311511076137,2.121410246386498,58722.315284435375,4426.083472845126,2.245865289999591,478.41442237224084,0,3.0100656611082885,1,1,1.7215319610800226,0,1
4.988033841986379,0.0,93130.64455862947,797.7121577657094,1.997765922669916,65.20165430829066,0,2.992417145785117,1,1,1.2889916380549802,0,1
2.088236064693745,0.0,88803.01893170705,5414.361725085954,1.2731838416667296,128.0510558417281,0,3.13831301600377,1,1,2.1609913699616445,0,1
4.7361285677025915,0.0,97657.1089580104,8473.336307899197,0.8786058299544792,7.3520626446135875,0,2.9640248298119976,1,1,1.385712335784203,0,1
2.340311477673982,2.8156279332149805,44918.08765064931,1486.3300877327893,2.0085990664419424,0.0,0,4.113532630867823,1,1,1.7957592442258146,0,1
4.664576758363111,0.5233957499289679,45672.03743808421,6649.216074286152,0.7235328124399891,0.0,0,4.7934456125403795,1,1,1.3247332736294144,0,1
6.271787141455619,0.0,2424.9219462284545,5733.285978783416,2.3745974446919527,291.4915604793027,0,4.940784872729656,1,1,1.715501913881406,0,1
0.5159049990885602,0.0,44819.81412783646,0.0,1.2577989428454948,261.4238269920901,0,3.9948448724007517,1,1,2.402764242321857,0,1
3.9137361928668692,0.3220832774169526,60747.68297201416,2267.3396534381627,0.7511788642350238,236.29731829524997,0,3.066294328571348,1,1,2.5441686241521904,0,1
3.125986718373869,0.0,59853.996889582995,1052.0032482250413,2.065704428642019,0.0,0,3.084768402587379,1,1,1.4385661886457926,0,1
3.1708039858692683,0.0,33148.958901704864,8066.371468819957,2.2864845677647136,230.0067556513847,0,4.110378755744241,1,1,1.1248898427716176,0,1
4.87230507492309,0.0,14554.249651091095,6308.641886513853,1.6576745726884132,31.729830156278695,0,5.023127041928385,1,1,1.1754413186926578,0,1
3.0525674217574763,1.8105465406039845,17063.190970388634,6751.193399406013,1.2867452305899338,0.0,0,4.985200685821409,1,1,1.6881430321816504,0,1
4.400703706525768,0.0,98909.25357368583,3945.1488739852302,1.2965126723520377,0.0,0,4.11986367425891,1,1,0.5127166209710717,0,1
9.246697157102261,1.920950101151435,67261.94818550815,2127.1324475872225,0.42669976292998535,0.0,0,4.015052469049232,1,1,2.401873619762774,0,1
1.5378564927974847,2.6058963273685585,107935.17385669949,6034.867392791279,1.6200682382091562,0.0,0,4.132558457024145,1,1,2.384293608953762,0,1
2.743066382539322,0.0,24864.89862395297,4589.743373591056,1.9272023694698106,11.65942924506566,0,3.054940312263807,1,1,1.146327032507101,0,1
2.4533715571042016,0.009482672733176739,37944.403217010644,7241.095486468454,1.2018996877167174,243.8412907010569,0,5.001475967967217,1,1,2.6708641396858863,0,1
1.7151992424912321,1.079234186961799,79383.59554480604,7024.022662315677,1.8206065667612044,573.1212456370989,0,3.0952999719521617,1,1,0.9726195621648562,0,1
2.894019107589206,1.6375126253575374,20543.109258488188,4478.882428275638,1.668501659708053,0.0,0,3.028778677500394,1,1,1.296342483141075,0,1
5.400857953363062,2.465686358436018,92701.49839692347,0.0,1.0083809116347513,0.0,0,3.0266203577695805,1,1,2.34289866344653,0,1
2.805677457123151,2.407766301465385,43303.56299471333,1208.5679359029336,1.044963856927282,310.6484671955665,0,2.9139277706687174,1,1,0.7140929289309608,0,1
5.528132244953657,0.0,100013.64488151412,3458.884328378769,1.3513435109289984,0.0,0,2.980455172747872,1,1,1.225435117576597,0,1
1.992939938263634,2.3210024001749345,85137.38715680294,5015.524066217127,0.0,353.8125922124678,0,3.9485917250181375,1,1,1.1366396291303222,0,1
6.221462223513349,0.9061386406082761,86724.71762448971,8439.077107773202,1.430584994813734,41.37210638369165,0,4.027080890032182,1,1,2.9088212773424633,0,1
1.7021144937878094,0.0,39197.66548673932,6979.618922628544,1.6202332107109192,0.0,0,3.0199924083455008,1,1,0.28497246893665773,0,1
3.854064335148334,0.0,17478.26985111238,8141.674628021152,3.3811884490211677,0.0,0,4.981989478513657,1,1,2.7089161232697103,0,1
3.4482777170909236,0.0,52008.13435286212,3412.3509495629605,0.0,550.1687939934744,0,2.9860517613631115,1,1,2.046480783246497,0,1
0.0,0.6015297578273837,109787.26637444293,10749.893125342123,0.9756769621444276,20.684532504053767,0,5.046830198537216,1,1,0.5145995019944125,0,1
0.3980726310510315,0.0,3359.2560171873356,9298.562311611651,1.1931452389656054,0.0,0,3.8159164656666587,1,1,2.1801005612585294,0,1
0.0,0.686673649818527,50898.73385910649,702.3758992971129,0.7270850372299581,579.6120244985805,0,3.8472716133806744,1,1,1.7600286285871385,0,1
0.7764034562880577,0.0,28916.522326452538,3974.565986820562,2.577658082805135,248.9547827819456,0,4.981940193980993,1,1,1.7048675996846598,0,1
4.719092243855393,0.0,75352.8320512875,4678.38111231343,0.7130727765827589,98.04597325200163,0,5.1295671209952465,1,1,3.2454873540959244,0,1
3.595065802456639,0.12464216973016504,61302.67871289058,4610.012993380637,1.128068386853545,0.0,0,3.1502781951034655,1,1,1.6138867589262498,0,1
4.443486517996779,0.0,46803.47869902067,2518.517338146301,1.4571504586828385,0.0,0,2.846177637338934,1,1,0.9056904576443772,0,1
6.200579123879363,0.0,70522.93703649567,9780.17470666034,0.7402492283361466,0.0,0,5.32922309831174,1,1,1.5730428731377049,0,1
5.971426172370325,0.0,120806.26370070278,5442.525194888056,1.737911566704268,0.0,0,3.906749046004156,1,1,3.0313555643558674,0,1
1.7076884522019367,0.0,25657.072712537913,8567.586919526984,1.751929177096109,0.0,0,2.896429749088178,1,1,0.7230453682297926,0,1
2.4551813045497473,0.3484678366740066,76070.7368249683,740.7930815732814,1.755165853339953,0.0,0,3.7560979420140064,1,1,2.598981281239955,0,1
3.750821493537561,2.3697791028967465,41440.307743668585,10367.483818970511,1.8428988382362288,140.68546496155244,0,4.931833347810282,1,1,1.3507948165696888,0,1
6.349439872568805,0.0,27759.754948902268,1788.9497108681462,0.8618744641558782,256.1771866571977,0,2.964535145807924,1,1,0.5228098405003505,0,1
1.5413303157460732,0.0,75655.72213990745,5409.970348706415,1.047581372115609,274.586271365357,0,5.161219033523872,1,1,2.214241928047932,0,1
8.316661698906316,1.6947572424339146,103598.40911701506,8207.403132960648,2.1924603679709183,264.0635912293332,0,5.085453751258684,1,1,2.0088806128384644,0,1
0.0,0.0,55049.377252795624,5165.959807422869,2.112969744521005,0.0,0,3.1157405377893355,1,1,1.9436639155945425,0,1
2.7615594043883585,1.6473404156454685,47963.86206043864,1511.275489594034,0.1874858730258817,547.3512436977861,0,3.1980660392794653,1,1,2.540049425032895,0,1
3.5561479015538646,0.0,75872.03705198485,11153.958544684167,1.2533057103158807,120.11807697435708,0,3.2338058195350894,1,1,0.9013248028653813,0,1
3.9002691170790773,0.0,100352.37347575215,6687.356915787503,0.7678475852592274,0.0,0,3.2060615725147277,1,1,1.7043618961000548,0,1
2.961754738164103,0.0,75716.14735786206,2678.4933629174902,0.27203655387335146,188.76752545828467,0,3.038697386106731,1,1,1.4709901130211849,0,1
0.8357009575124836,1.1927480845264136,67875.23907662944,2081.6196274476933,1.2267335075575718,0.0,0,2.957591901057044,1,1,1.0591853770927193,0,1
2.0198277335532935,2.79149341413091,38023.27855372998,8411.717265049961,2.8581884068651724,0.0,0,3.1071529283802404,1,1,0.8358558721351104,0,1
1.6480094955200046,0.0,34807.79465192883,1544.3551075898072,2.04402599294873,124.98799646774012,0,3.9222829665231203,1,1,2.0045096401779863,0,1
6.210067850261872,0.01211884458452456,84663.55589351471,9516.056441432953,0.7731946282757691,162.55516000090853,0,4.064139759626512,1,1,0.21632805873294536,0,1
5.633443386070193,0.0,101446.26555224089,0.0,0.0,336.13647467191373,0,3.9777907334415836,1,1,0.8099367325345213,0,1
4.862089821799396,0.13999924480433001,47339.16710328526,2703.6837477230824,1.2152972667288249,90.86702651819448,0,4.941547870718359,1,1,0.22720252846798517,0,1
3.84768442714029,1.7154008851709461,79552.98056751773,6037.551493588649,1.4237700378579339,414.5910614341725,0,3.8251589861722506,1,1,1.3108619943593554,0,1
4.1041952946101885,3.755070711005146,96661.59984056526,0.0,0.7606256810384092,0.0,0,4.048256109576248,1,1,0.03844318641454292,0,1
4.720838453054896,0.0,84630.13678382472,5470.483737640061,0.46341260547531604,360.5932479297119,0,2.9012326886945576,1,1,0.9375314061759454,0,1
6.709947952630078,1.307597812492614,39470.25734971126,3819.322251859601,0.8434785307432934,0.0,0,3.0651763528753926,1,1,1.9543924706206344,0,1
2.8262661128499484,1.823030039508482,28075.037541755282,2328.540864136182,2.1525429342990607,0.0,0,2.9856532288589825,1,1,1.442752599026138,0,1
3.550909530421379,0.0,55855.39807956301,5376.877354889767,2.2932208704829926,166.80155921724077,0,3.9963969675910063,1,1,1.9638691811395532,0,1
3.4807549965524904,2.435694111314926,21728.118381783956,9675.710948304564,1.763908513328473,0.0,0,3.9844699860883592,1,1,1.8356732980619772,0,1
2.550297055886737,0.0,57896.671559908704,6057.11568394251,0.8502421741198091,309.0688786270079,0,3.852549407055727,1,1,2.089995292735008,0,1
2.7769374452042435,0.4975932153017866,43837.36104965712,2934.926410273593,1.8378422172647018,132.96770184187636,0,2.92699227978438,1,1,3.615406905674181,0,1
4.015203169123549,0.0,39749.40651908872,6290.929059725551,2.898440040255577,331.01405188260657,0,4.909737396813573,1,1,1.1515168706699574,0,1
3.0810408128182574,0.0,72924.30101563787,9702.785828868138,2.639859875426247,241.48409073932825,0,2.908033866442425,1,1,2.7313646873371695,0,1
6.63264711118396,0.0,26545.909614115644,1783.6963410847293,1.938014259583885,356.3730977902689,0,3.9044039709063525,1,1,1.0109766332052474,0,1
5.604049335886508,0.4684034851060979,50025.942965072514,3864.895993000836,2.6824522643674857,360.3240637244191,0,4.897365520607001,1,1,1.4974113034786192,0,1
0.0,2.699662823109242,13513.41544003845,2695.743326862986,2.7710916058172304,95.62337164832883,0,2.916822309677554,1,1,1.1120282070249083,0,1
3.7140851119205185,0.4859433175056399,58927.2781900366,5550.820430627546,1.5415411126839431,25.578734413902115,0,2.923276493331661,1,1,1.266391974396642,0,1
4.039328412740133,0.0,80620.61205999067,2464.7029812915443,1.2249285083184183,377.58653240484335,0,5.056424918770498,1,1,0.5449125465063118,0,1
4.074831143357768,0.0,41190.380724816874,1519.5638926049753,1.541320261655975,562.0489168881171,0,5.019467003369577,1,1,2.3781878312385865,0,1
2.731367695223892,0.3839455288604385,33060.32241125691,9241.946934776723,1.27006406455291,0.0,0,4.900086925091167,1,1,1.1203587654777734,0,1
1.49242355657607,0.2330295919133046,69128.88370204128,1637.3484022038228,1.7303751558685256,349.5359025338762,0,2.956877955726619,1,1,1.9392424585100205,0,1
3.9195312130541122,1.4196519206633667,10375.68877599022,7257.675582431512,0.6552373854513123,0.0,0,2.806127910793553,1,1,1.6131423746749218,0,1
4.268201612820191,3.196944035607048,39652.451234167725,5282.818077346142,1.8747238310530865,0.0,0,3.01628511465796,1,1,1.7224971271024967,0,1
5.100846591400228,0.36041614802644206,71805.61943747173,6972.725543012786,0.0,200.63896679320155,0,3.9729039091151064,1,1,2.6948829843038835,0,1
0.0,0.0649907327291522,17357.670894517327,9378.304805451262,0.0,253.15418131243996,0,4.902483368337469,1,1,2.2787052341513636,0,1
1.517716257716411,0.0,104980.68197201018,3752.1404290293367,2.058332605770961,199.45965143812333,0,3.2199772121544687,1,1,0.0,0,1
2.8310117076574675,1.7551427836009017,41922.02391709825,6305.914890193881,0.6398230009035669,84.72321658084077,0,4.972521878079686,1,1,1.6214201335745182,0,1
1.8716573214612404,3.2902374340160403,75866.08838072936,7294.144241313423,1.599091917394917,69.18822023392319,0,5.046900649393379,1,1,1.0077901980330264,0,1
2.1375736624935238,0.0,28114.154348149314,6233.353214769004,0.7482384361386489,0.0,0,2.9645075479239127,1,1,1.6190842877075684,0,1
3.4454286690033205,0.5110450697241103,28373.70672790821,5750.6509807034,0.0,56.547696305106996,0,4.880285945917837,1,1,2.093535167550151,0,1
6.811433698665342,0.271527335266109,82663.63751556723,8281.93755796691,2.5385370454046225,447.2080142539424,0,4.019281004122001,1,1,1.088217016244886,0,1
1.3225173094203213,0.0,118077.92519796686,5968.093748029674,1.7816788377363826,374.72213054803893,0,2.9464658172300964,1,1,2.995871174305038,0,1
1.0036500109443949,1.168300568650307,70704.14774523363,704.8365641890806,1.027729186129644,0.0,0,5.072690853627048,1,1,1.5691207292481044,0,1
1.0487065983200317,0.14006456248158533,44031.30018785454,10604.248363333561,1.683871156483654,226.4913415373316,0,2.967905205551388,1,1,2.073160188164486,0,1
0.0,0.8270002034997619,28006.174307323272,9362.45358501123,1.749635943315703,166.44061319247047,0,4.972608621399839,1,1,0.20815022839039543,0,1
3.799600122381654,1.7077199649180113,44226.04951812817,6902.073573792984,2.6467854519652194,539.1002468092781,0,5.107367451233173,1,1,2.286913774963977,0,1
0.0,0.0,42263.132503165936,4090.8201221727268,2.264192909335451,315.5964064343527,0,5.014405647140931,1,1,2.204587879547934,0,1
4.307987719825429,0.17775148336947524,21484.893013126668,6431.993348566077,2.6422817046005926,118.19835903339768,0,5.018116034184988,1,1,1.2603602080454408,0,1
4.604949025197337,0.0,70862.2181934181,9703.46247468457,1.7029654681911057,222.16574629701643,0,5.025187647551008,1,1,1.9491446727764292,0,1
2.7846163815431253,0.0,29320.1240838444,693.2491274291974,1.372634366884154,0.0,0,5.095519773320754,1,1,0.0,0,1
4.632093650279861,0.660367004975354,102196.92780370728,1697.786714407884,0.9352509353020823,122.56902055515671,0,3.2603367770972302,1,1,0.0,0,1
0.050713631435756135,0.7170491738050203,38151.03238214885,4217.758932230888,1.3621015997384274,618.3636245078314,0,3.9524977528616936,1,1,1.2108506582820682,0,1
1.0566092332982826,1.8421218725495416,14160.31541231788,0.0,0.23956116367607827,59.16721367287945,0,3.986848686229739,1,1,2.040278215431399,0,1
5.547643073422159,0.0,96251.75063833606,2517.010763944361,1.275253409283485,0.0,0,2.927225430592845,1,1,1.3903902026761512,0,1
0.0,0.0,54243.56259853936,13122.409679612518,1.5795549376244098,394.1819781078745,0,4.969709760960818,1,1,1.739302390603839,0,1
0.0,2.9935533613705334,0.0,7542.288833469553,1.3046800639816747,0.0,0,4.036942916723882,1,1,0.4661700458921385,0,1
6.604569137533994,0.636889401384737,34621.32877065471,11414.276595441808,2.935400942855986,0.0,0,5.052035074969915,1,1,0.7338236669796422,0,1
5.393600553039687,0.0,52215.89840598824,1886.531882159126,1.9557811496617525,503.977132070236,0,3.1183454102231987,1,1,1.7687775294262562,0,1
3.074016655374594,0.0,82428.85913388495,8756.94225094813,1.278908829838174,0.0,0,3.9611073152828298,1,1,0.6807567527293916,0,1
2.81973237357688,0.0,39506.76023983764,10438.98500165397,1.125215369899097,11.676196491196476,0,5.039967423831645,1,1,1.0106550313575429,0,1
0.0,0.6972247143571851,23632.59031752242,4230.665842478768,0.3843037301359993,0.0,0,3.9044320627250637,1,1,1.691242296428733,0,1
4.9743037467172435,0.0,57997.41893116948,5903.172598684762,2.8827662628955757,600.7572337859452,0,2.9165655646729918,1,1,3.3570675032835875,0,1
1.2636729078567375,2.1705573497253496,86640.85098783263,10936.68302683676,0.900450462592502,0.0,0,5.093240130960439,1,1,1.6280995244824652,0,1
3.132175962726575,0.0,101901.39063660134,2116.435905989899,1.7186383257317952,198.8455049579281,0,3.968284234896834,1,1,2.3169831758685993,0,1
2.5729809035341615,1.9455511001086754,38423.33295022412,3810.0730317214284,1.8697386565625782,0.0,0,2.928079898310538,1,1,2.520103488694869,0,1
4.462028851980974,1.3917150542301968,22393.35171161913,0.0,0.366332464876739,336.7806445948092,0,2.839086938437981,1,1,0.08678399990029306,0,1
3.4077452513775515,0.7995094454947217,56513.86290156432,7922.513891330005,2.259492724298588,0.0,0,5.10291176531438,1,1,2.46289933634342,0,1
7.747752648701875,1.8843328072738526,79419.22121244925,8631.459323676494,0.9465277477506329,0.0,0,2.8192408628640875,1,1,1.1604962500588494,0,1
3.5715282702254836,2.054157133050242,66936.867099204,256.1013066620699,1.082715933071087,0.0,0,4.83707057844937,1,1,1.3018031750841357,0,1
1.6626293024152237,0.24002025849149652,82169.75271412291,6702.590391195321,0.8736766327946672,61.24908117844594,0,5.0605795775168385,1,1,0.21609013288672685,0,1
2.6978299403466615,2.735324398789052,65881.73352366596,3348.115766564252,0.9619627272200393,0.0,0,2.976513140878132,1,1,0.12055957789105132,0,1
1.6259569837195733,1.3046534371138676,0.0,4007.6441860821465,2.3935424811755253,333.19055448589495,0,4.039233385383925,1,1,1.6545707916664845,0,1
3.828228901584021,0.0,23472.319530742356,5559.531555044582,2.306229499953803,0.0,0,4.969396026792893,1,1,1.9669776554980543,0,1
5.849503772334105,0.0,23672.350438804802,8620.839903425569,1.650406240198759,0.0,0,3.0917108201631422,1,1,1.9886553874124249,0,1
4.438456752837893,1.818678153988881,59794.082844642355,7917.8208683096545,0.4092086025996263,0.0,0,4.126227425850505,1,1,1.1733505094467989,0,1
5.91103886517465,0.3122710577335022,81360.44789574288,7282.792852113354,0.0,313.5327137731059,0,5.13732542580971,1,1,0.6038208209896794,0,1
3.000521339535518,0.0,76465.02882062658,3464.7264979806687,1.4160464073940124,0.0,0,3.976293802250299,1,1,1.3188065185290787,0,1
3.3787318886986073,0.8392084980013612,100888.3517615591,7341.682215944141,1.9502519032934562,477.5787012847369,0,3.882245975755407,1,1,0.8997805164853325,0,1
1.9246475082281704,0.0,62633.568820489265,8219.643552072423,0.8308554219885966,0.0,0,3.9974859888239083,1,1,2.0157590285234077,0,1
2.1322752685934248,0.0,87699.21559876318,6523.292803768093,0.0,285.31011863239104,0,4.912338245817627,1,1,0.5916000310247296,0,1
3.7108189266203824,1.5170234760051537,76893.06265904372,7028.204706063579,1.5992965442434213,0.0,0,3.9394087671079174,1,1,1.1161001875400152,0,1
3.502952404907572,0.0,53153.29134033934,4638.192500280491,0.0,0.0,0,4.198463937414182,1,1,0.7487257961461133,0,1
2.076881011094936,0.0,38267.827429542784,8067.187055961103,1.7142845588237072,41.78240660563081,0,3.0889013065903157,1,1,0.9826310351759909,0,1
3.5378362068066487,0.0,13574.587768790803,8201.530571633559,1.2746124244670671,210.59268239746834,0,2.9703430293678097,1,1,2.2010311071179807,0,1
1.7757571233741793,1.731954281921177,69375.6477675041,5289.7102501398695,2.5307779798834322,855.911050534424,0,4.989433555084466,1,1,3.555325310318239,0,1
5.513718976584262,0.0,84551.06664422581,5177.150771115055,2.3928276721756054,0.0,0,4.947654463550772,1,1,0.7417727299966772,0,1
3.534472012233243,0.0,8358.73866353966,9456.886430410801,1.8911202902224225,0.0,0,5.018969046184183,1,1,1.3613060016786984,0,1
1.0311191953420054,0.8286511970633719,82707.5217563962,8787.027990663719,1.9303978095073706,0.0,0,3.954691514244692,1,1,1.127908867001517,0,1
6.907880240649664,0.9277451871895003,63391.74947420378,6198.867814177384,0.0,0.0,0,3.1131819392595634,1,1,2.213064310470716,0,1
1.4954974793306848,0.0,35263.289343346565,5067.902843061801,1.232058188897239,343.6186148834525,0,2.9987626217369883,1,1,1.272441502766608,0,1
0.0,0.0,50224.65673889869,4664.288820605801,2.024113978850338,54.19491073828176,0,2.906895616084852,1,1,1.9799211420060827,0,1
6.310936441848644,0.0,44221.18751226327,0.0,1.4409608933481497,525.1887889610371,0,4.151412381948243,1,1,1.0354859989882867,0,1
2.1000467721017797,0.7587704556049981,21806.574996533614,3744.875002256925,0.8991529939258723,451.27737396910936,0,3.049212641060355,1,1,2.9049044941803444,0,1
5.103325568083063,0.0,54048.938143634274,7471.048941539882,2.350183004989111,249.456683531189,0,5.040584578484212,1,1,2.785870337229907,0,1
0.0,2.420383542528613,35522.0371904715,10026.625300685126,0.5987617717682439,0.0,0,2.807306870721117,1,1,0.9122944612635013,0,1
7.405292404357109,0.12953586170682443,91098.13829740569,5046.670587085844,0.6018251652203771,0.0,0,3.9949527181580833,1,1,1.5159564868190412,0,1
4.9296957409911855,2.6207761712693998,78342.99437050994,3049.390989451862,1.8088403328832139,0.0,0,3.9242087163884367,1,1,1.9022505940027794,0,1
2.464580070997046,0.0,55897.23403921386,8899.15283702889,1.6367599329589297,0.0,0,2.7031714131049855,1,1,1.533223849834704,0,1
0.31974746605133486,0.0,90454.3392301131,8085.179911475444,2.4610638415924453,7.395023023846928,0,4.990772227137787,1,1,2.0529689443469583,0,1
2.1832603740358465,3.771375180157649,46542.312875936754,1932.1889015372099,2.5851073393402144,0.0,0,4.985242273027671,1,1,1.4425943516712072,0,1
2.536166888883747,0.28677133213234773,83672.65617366086,3877.4129773045297,1.109919124745749,0.0,0,5.131121597881423,1,1,2.242139403506104,0,1
3.327829731696137,0.7056165083551458,93485.04093828151,0.0,1.1278119067119086,27.894742726134776,0,3.94018681448041,1,1,0.0,0,1
0.03250466487272363,0.0,86805.8346379475,8212.761494448374,2.847286725444188,0.0,0,2.9145259706395965,1,1,1.2668470899900615,0,1
0.013687824739740506,0.6585782881818587,27473.809710384205,2130.3704497882436,0.3766450246993679,0.0,0,4.928541065935506,1,1,2.4863350165566267,0,1
2.224147291870236,1.2508717873180404,72509.83920064634,1131.8316691488615,1.8652096332258659,399.7551420844829,0,3.025966500110566,1,1,1.4041215667971576,0,1
5.636126087709778,0.0,16791.959523659585,7357.895891947456,1.1250593954026098,331.94272784963505,0,5.120580945426462,1,1,0.16935087434044216,0,1
6.855462742559947,0.0,18373.97332854064,4618.693496308473,1.0357364353279501,39.69376338124673,0,2.999840273724537,1,1,1.1538559064018985,0,1
0.0,0.2778752492420191,55422.47889966192,10804.914917065558,0.6315936445309265,0.0,0,2.9394130870979307,1,1,1.2963021224875528,0,1
0.7796417459690141,0.0,29427.8528225303,9422.899289367275,2.8805355169781004,0.0,0,3.9807930962156663,1,1,3.0155746158459817,0,1
0.0,2.5037517448370616,42821.05999673008,1697.1267785091206,1.6136319566701227,0.0,0,3.0684089888322297,1,1,2.1156872200299697,0,1
1.8654429673685344,0.0,37401.52539878618,4067.4686286987853,1.015751334985173,95.82479985806079,0,4.121727777907846,1,1,0.964179032972156,0,1
2.648665460791597,0.0,68777.99834424656,2719.6075403671784,1.2360063636776206,79.45084426884567,0,3.123904548488717,1,1,0.0,0,1
1.7947603537308134,0.6183412141036441,81874.66259987967,6208.3164535080305,0.4741351199253486,194.44174335672278,0,4.988300946863562,1,1,0.8391680308698597,0,1
0.7296709872897569,0.0,100004.18918156762,6418.38618116024,1.805289603313024,0.0,0,5.048387978466946,1,1,0.39702311982818794,0,1
3.159172324127579,1.018789625644849,100488.42777963795,3656.5747278353356,0.0,0.0,0,3.084205391062684,1,1,1.5768195810835581,0,1
3.9096097668084795,0.0,90834.51054550223,4277.713282161581,2.113923772444597,0.0,0,4.992571450883731,1,1,3.158010039938308,0,1
3.0131768043297136,0.755566050279635,21624.1568739661,6493.168022432146,1.150460393676045,0.0,0,5.071343279976717,1,1,0.30346887779320797,0,1
4.623114730788481,0.0,20892.74692909626,2967.0890972257876,2.1966886682609568,96.44871144170183,0,4.080378187504437,1,1,1.7687302949499693,0,1
2.1051732204339855,0.0,25012.372966387557,4343.719021206594,0.7050186439377268,53.27082156580716,0,5.055645310540931,1,1,2.9062985128817234,0,1
3.723306332562689,0.0,58395.794904721035,6777.518080012373,1.799078985581289,0.0,0,3.0848755124858713,1,1,2.591174496422095,0,1
0.39909816617561766,3.8842321507774304,24632.23203753135,8390.383727603712,0.0,98.29088102630578,0,4.216693216644509,1,1,1.4149250349939138,0,1
3.3189288020934224,0.0,65999.01254049457,4246.651093416039,1.6999471998147337,228.44561615293009,0,2.9136209374443225,1,1,1.265909611047203,0,1
7.318062264067114,0.0,94388.84724549868,6768.22504990081,0.7102483013466927,483.23260938683393,0,5.137735541741174,1,1,1.846332184857821,0,1
2.8792969926255316,2.034123342762485,41464.28322935263,6971.235909235377,2.2898160862709647,0.0,0,3.020275808828634,1,1,1.0228277592184774,0,1
0.970093221232565,0.0,58813.376577453084,8443.585288840186,1.8355664535457774,0.0,0,2.994317754062659,1,1,2.461406831083602,0,1
3.2974944192449644,0.751812375381291,88455.82002671639,8240.532714873663,1.4170446791310014,0.0,0,3.9419700614687962,1,1,2.8934945594024004,0,1
3.239486475121658,0.0,49594.578806062855,1616.5913812240597,2.1102069331257716,578.4345464508393,0,3.029078425831347,1,1,0.944498617859255,0,1
5.574922632572955,0.0,102187.85695173722,7805.947053514918,0.2842811288290896,0.0,0,4.945418444475287,1,1,1.0645296991745483,0,1
5.4012223509647646,2.301399237151405,81168.92507022173,2232.2154818076506,1.4112482472658405,231.63602669247547,0,4.983023311458202,1,1,2.7222548409834415,0,1
2.6643447763424946,0.0,63806.47576454971,2709.4556846407468,0.9683840864064635,0.0,0,2.8478762204048453,1,1,1.5039351129491045,0,1
6.329286236341101,0.0,78204.77182599992,5371.712143995535,0.8342349606826991,0.0,0,5.010983939868666,1,1,2.957260350556317,0,1
90.9099181560439,22.029104963385112,2335.257600809882,926.2187496787458,32.04409806090509,3393.590236077707,1,4.905472319461615,0,1,20.635012920794775,0,1
35.26582611391243,46.36198778835785,0.0,0.0,29.095125602522927,15053.60905965449,1,4.982517711539382,0,1,15.229736461062485,0,1
45.3210998930505,37.81785270249676,10232.576569622186,0.0,13.992589957438918,17417.22320406799,1,5.000991716764766,0,1,39.769244179603874,1,1
50.653327557093625,37.625542730901486,0.0,0.0,29.118807066495137,4215.907697971907,1,2.9032864038353647,0,1,48.81038061680478,0,1
87.34877713261339,9.609360465655739,17191.832021020575,936.0398601950334,22.058672407435274,12755.323304929212,1,4.901749968757468,0,1,17.742116781144315,1,1
87.39999986097341,36.701005814323224,0.0,2573.6310652994657,19.433656720472356,12119.91551856932,0,3.9532240372130563,0,1,17.555302747859162,0,1
29.33905769311515,20.758584659797727,0.0,879.1514253954731,37.770738361545355,1724.6747370569515,1,4.9297307634958205,0,1,18.03888089668363,1,1
93.77147552900115,19.09260702594608,0.0,146.77539194599836,40.74591806839062,15014.434265604395,1,3.0128997473828836,0,1,30.747186142012584,0,1
99.44377902710119,43.447190291416916,0.0,912.4745424871926,43.68977673852922,17032.055856735213,1,4.985347710470624,0,1,33.77709129042799,1,1
79.52027726578073,7.302387250512756,0.0,528.8527457571121,26.577162458992586,8688.397151065426,1,5.096919007178523,0,1,19.599951865568165,0,1
32.638189934642206,33.225838431695394,864.2489418172345,1583.6447398017933,28.080296137267105,17295.936435896583,1,4.008682511674493,0,1,36.25288327282391,1,1
101.20913157547803,14.199673342347005,0.0,2540.4056894595888,45.43171767776791,4200.213254673889,1,3.0344035082960694,0,1,25.36431167194393,1,1
65.7531064027809,18.643624148534933,0.0,412.86018887575165,38.912683673128114,19490.39884109332,1,3.989718370161463,0,1,41.85828651233979,1,1
57.15975897675661,14.4708519156834,0.0,0.0,35.511711530593814,5412.096780839154,1,3.8371635767070744,0,1,12.006263220667892,1,1
42.08544523822558,11.431577354843984,9394.08364835208,142.0537385134727,8.682806107192505,8738.74480343439,1,3.9881820329143394,0,1,46.527830582371045,0,1
63.41808239058994,44.378099004338054,648.8682742142548,3878.914861109174,34.26822837221455,12565.578661349999,1,3.790175219772937,0,1,28.171380923806982,1,1
66.28578035499417,49.03887308425485,0.0,675.778346675624,20.855464828935,16467.817846316175,1,2.950771895440325,0,1,38.472309221282124,0,1
99.3465103196208,35.14553645258926,19089.388642865764,0.0,42.68845586071675,12981.374846790943,1,3.0597285890572827,0,1,24.45366289193853,0,1
22.685663391166948,34.15179281775103,5108.851230288997,240.6908133422487,27.635718341308323,13742.54790142652,1,2.8800960280829178,0,1,28.403765422015177,0,1
48.182117838139035,7.768547577071352,0.0,431.3663677418667,25.13177714189921,5546.176114063838,1,3.7755566287152824,0,1,14.18741703904895,0,1
79.90454099773973,32.721032134295434,0.0,0.0,21.364809850129163,11737.10396126023,1,4.921010967738509,0,1,14.076116460330235,1,1
48.932558640416005,33.210640015394546,0.0,2327.2368390299007,36.63518502502567,18830.426423125133,1,3.016283993593922,0,1,43.886633965738014,1,1
22.88138259589749,33.603593948095586,0.0,1825.257290177579,20.65888492378438,17192.985533641655,1,2.952345634839283,0,1,16.409043481476523,1,1
71.50539031654084,12.761335497434569,17703.483985521125,2534.6850557839343,36.277687651844424,3040.8349368602194,1,3.8633400817036225,0,1,22.441275125244015,1,1
62.286946219143786,14.386354081857977,15461.740074307803,0.0,44.16356265617616,7867.6866870392105,1,4.946788093563943,0,1,44.3631865044072,0,1
30.57337611026152,27.754444440751534,0.0,1066.1485229817542,33.29269470806099,4927.601278065397,1,3.0525632882093303,0,1,20.84248146898869,0,1
52.627605808241725,42.87711936967041,0.0,546.9080492475711,32.399657309759,3634.3358159571617,1,4.964647332594287,0,1,13.053210831048617,0,1
26.35693973345896,11.8697032524757,0.0,0.0,18.32053561646321,18169.557450390694,0,4.083861103683556,0,1,41.6165297712807,0,1
83.93352194507963,19.10908716643727,4539.338743689615,1674.1222709976441,16.05629865333242,17945.046465132487,1,4.941861946683433,0,1,10.763461638572268,0,1
23.0692321855086,41.71234646054777,4589.26818368732,0.0,13.524760851665544,9606.102444563112,1,3.842069476292822,0,1,37.39116280245205,1,1
43.533614024786026,42.597685429184466,10081.768082401217,0.0,37.2427011024836,15626.192234426191,1,4.174932742325755,0,1,39.22247543880682,1,1
27.822095733114274,40.69085557653605,4054.749046541628,1765.6033511930193,42.79160159932032,3475.2596522299245,1,3.0401550443526903,0,1,32.540974520566,0,1
23.449430119109188,29.982317980742675,0.0,361.9379225712258,35.85637538636714,13170.74435286898,1,3.1401804118931844,0,1,27.341377240712095,1,1
89.11585528580906,11.81262634967648,0.0,0.0,28.393944078841418,10222.857942428906,1,2.989835705017115,0,1,46.52779370030483,1,1
71.01679318463603,6.013604822589565,2029.0397295830924,2356.1255916315663,41.318849913328734,8060.016489123398,1,2.9708803457647517,0,1,36.25568549813355,1,1
77.1718533977078,14.940782535097672,0.0,653.6593291910942,23.628257454193907,16102.013340387379,1,5.148320143876094,0,1,42.15241897664637,0,1
65.05714846465095,34.97588858064535,18733.022433531598,0.0,32.25252729227583,2741.6170378770476,0,4.161456579155207,0,1,34.26466998789221,1,1
92.36374451099243,38.45692699634079,646.9049741888546,0.0,13.332008018743277,7891.721255092937,1,2.860897167386233,0,1,37.44356121067514,0,1
21.901973620772264,28.862481980377165,0.0,0.0,38.11530572678457,14583.219869034363,0,2.9351919356226435,0,1,18.671908820991614,0,1
56.55249105723513,35.18480087396215,0.0,0.0,44.10371866574825,14126.19077499889,1,4.905483342265854,0,1,16.891542867865056,1,1
93.04938808584141,48.889850224283315,0.0,3007.160995213704,39.41023504526389,15480.213480874672,0,4.0674474512707475,0,1,11.340718810359611,1,1
31.718294416860626,39.993713560579934,18381.033103757123,3980.8920089715093,16.52941490666479,12878.94305199691,1,4.92000109748071,0,1,23.30812226723216,0,1
39.08921091692309,30.57499736690074,1297.0348251762252,2591.390563120309,38.78330968901595,14748.30911225998,0,3.0529699353391733,0,1,37.983663654751034,0,1
49.09231582726007,44.006001566789834,8376.71968260659,0.0,33.31089402574398,16180.56517940177,1,4.085521555195236,0,1,10.910577216290969,1,1
66.18058932272314,47.15622759301468,0.0,1096.6294257804702,21.609090648036513,12472.344942028207,1,5.195814830205569,0,1,29.676048569463273,1,1
61.65213870001926,40.676783772998185,14039.962762420802,4012.8413260620937,22.278129300502695,15226.009816408376,1,3.8848371855980957,0,1,46.32082928227755,0,1
31.760285354830863,18.382595339458458,17894.74322814579,0.0,47.23041928819742,8435.098479737986,1,3.1224038095742124,0,1,21.017740868656844,0,1
95.0949952373148,44.22741021833657,0.0,764.2478498370696,48.82778784314734,16421.695592895096,1,3.975732514754752,0,1,14.527532450040587,0,1
68.58480068415555,42.91570971783369,0.0,3227.0527470690336,36.12573897172387,3271.6887398925974,1,4.201007378796741,0,1,18.52734565686826,1,1
96.99612163880656,15.172707260384739,0.0,1090.2138872841483,37.04718256104959,14715.275564063191,1,3.1100411897124403,0,1,22.802467536418074,1,1
23.848714311808347,17.326857583308673,12494.209285379899,1100.065032564004,45.23514541628222,17004.959644183775,1,3.09970289344534,0,1,42.60167822909143,1,1
75.38388223056575,20.857090835860056,0.0,0.0,26.051433835981204,4212.550550450383,1,2.921822416154703,0,1,34.210785745473686,1,1
80.60272698386248,30.511635001383432,0.0,0.0,29.772233641396873,13994.127144115768,1,2.9795120438068263,0,1,35.52758787131247,1,1
41.238142582053875,7.851539736275106,11518.94552053072,794.2900618840708,22.040965327465123,2429.449672518249,1,5.042839441018558,0,1,21.51896281128128,0,1
30.598823175291407,18.508192482110154,0.0,44.885367937780416,41.68950951568013,17436.632363445224,1,2.9411303918173624,0,1,49.117087685758094,0,1
76.91285099178714,44.68421101886867,0.0,0.0,11.955829629229196,18268.529926193405,0,4.071246436612003,0,1,46.97833778116647,1,1
25.187457991454504,28.397695477677185,0.0,0.0,35.74953605503993,1231.8555209358078,1,5.188830677388218,0,1,15.817825094519133,0,1
82.31625769712747,33.97714756423288,0.0,1719.05287416487,38.14121501201223,4508.58692004077,1,3.934499000273796,0,1,19.516403903399056,1,1
61.53569177093177,32.585576287861294,0.0,1419.8431686550737,41.14780477974234,11944.448874678064,0,2.9253804142007613,0,1,14.090464241795926,1,1
47.087126972327056,35.20174799806893,11531.046724764066,3260.7511308489948,21.35424938589827,12585.251180726467,1,3.9387989071543528,0,1,28.96428167854502,0,1
72.49859374227312,48.844586267147584,174.21488463769515,2709.4079992361007,33.16057543234822,12536.466550892654,1,3.155416861639165,0,1,13.52318429848923,0,1
45.992426915095265,8.022658167954836,12858.860585074155,928.3816747556066,40.23715233479879,3220.9164747299396,1,4.979444507086167,0,1,22.99302812314469,1,1
84.19646570949486,50.95637426010305,22063.024329415297,693.0786686094352,27.643264583012495,10975.299471617622,1,4.170032433516752,0,1,17.867211494629412,0,1
77.63399109081097,37.30993474558233,0.0,1963.0860748159969,14.315650289966378,16771.54842549634,0,3.0810073213205844,0,1,35.77097099974403,1,1
28.292174399002086,39.94912860368147,0.0,379.70696196591035,31.85706292269216,1761.1052620789674,1,5.046604210599866,0,1,25.634645689636844,0,1
34.54862833914691,33.216248978176495,0.0,2737.5621186957815,15.005585996006797,9516.530250908136,1,3.198232008766067,0,1,23.375247705759868,1,1
75.20480979118295,18.146362374425696,20155.280255575195,594.8335320486898,44.30932001646197,10907.844410166475,1,3.9216817489128877,0,1,13.403383592966472,1,1
57.38869186296129,38.24534760315239,0.0,1894.0792850309351,36.67033699275431,7608.06459541233,1,3.81554075142131,0,1,28.35316351633635,1,1
78.63759853176157,40.46826369524664,5175.075985486756,2684.0034393220644,29.672442533658273,17557.143342278658,0,4.926357029038063,0,1,12.625149759022577,1,1
24.88824369342441,9.979556891650404,17237.364286727443,0.0,48.569796958034814,8394.492540903017,1,2.979114206551899,0,1,43.26523809268559,1,1
21.726757425951877,35.90115828390533,12097.84706121903,2630.9648243238,27.23801053997696,9863.221318210984,1,3.0287467790823013,0,1,41.116218674277064,0,1
85.36790045906186,5.169246274697776,7568.004435695448,2718.2817823888936,31.483495233844284,9583.769225648433,1,4.080748024988163,0,1,25.688510468193964,1,1
78.61474007169365,34.40500590682729,0.0,0.0,33.76857590088332,15447.976976558486,1,4.0409582934659145,0,1,46.148365311843634,0,1
90.79633557756662,31.624296276974246,14783.108708054307,725.9822121329486,23.18373450987228,13159.810658523844,0,5.05299509931085,0,1,12.09428621099055,0,1
51.88451797905718,43.83595207362079,0.0,0.0,48.14111226861177,2493.618714890956,1,2.9944185386895446,0,1,13.734448373339868,1,1
31.388257904071605,18.76829464125377,7070.4744395634025,0.0,30.02641236495497,5542.051898355123,1,3.066083364688115,0,1,43.44950096949298,1,1
27.124049760794463,35.5213314368908,0.0,2490.73173285472,48.1576673612988,18478.46681633805,0,5.032810716397287,0,1,46.34362380486984,0,1
77.37177352758255,6.408271934147834,23655.832903881063,0.0,11.130324567698056,3191.846886824172,0,5.135604497245182,0,1,19.098329622932756,1,1
46.530716550298,46.921356829885454,0.0,1007.5923066408982,50.26515610667692,3071.296108256813,0,3.0582107929924507,0,1,41.80824012647135,1,1
98.58038911116975,6.971277213606655,0.0,0.0,47.6066361723308,5552.184870539991,1,5.080281903090482,0,1,43.21149658928928,0,1
94.75777319734416,14.444107898825326,22163.31330083082,0.0,21.59354524438899,6810.817402577979,1,5.2767245921463815,0,1,47.73306507826892,1,1
40.70715823433874,18.306749582088436,6269.354711591504,0.0,26.039834886166002,19185.260167639844,1,2.9691380722198044,0,1,39.15830750859655,0,1
63.189014662470356,45.51917088132321,0.0,1050.8278323585926,22.299849466678936,3464.0199982054683,0,4.105316539958906,0,1,31.294897104616087,0,1
68.53187514709045,36.70657276785369,1871.6360424649233,1459.5385769519455,16.722279837389138,8782.798645329938,1,5.0110557536788995,0,1,39.83664901625956,1,1
28.7242537816026,25.035952468860028,3941.885263503416,2016.4500572730046,48.404271352234296,13719.962622679475,0,2.9740014718540952,0,1,11.406705430508513,0,1
67.06751246790705,24.870656858023732,5812.953540510786,443.438810438221,45.816881149861025,16861.016928947913,0,2.986943418056521,0,1,44.51600451128208,0,1
72.99335995579197,44.51845642475587,0.0,3986.6802449297757,27.91555623821219,17191.58838026294,1,4.083578566877527,0,1,29.81475655587509,0,1
64.01583921212502,14.749396029579696,0.0,0.0,32.69894538791772,1553.1672937919411,1,2.9856332055670833,0,1,41.122563899424186,1,1
81.04690743342766,28.100976842964542,9424.835346310529,2210.13319633377,16.32902841579153,11299.544803980722,1,4.822150464470607,0,1,31.58395790961479,1,1
71.21265554544202,34.91878324680606,0.0,2306.436367529361,22.694734198413453,13890.04577838057,1,2.9514775630409043,0,1,22.524362856165993,1,1
26.22471700916566,9.288454031394114,0.0,0.0,49.974015044649136,15535.00545158645,1,3.14919424200717,0,1,23.362146927397358,1,1
77.45870874855218,18.671171110541383,0.0,1933.706898250539,46.76325589779978,18806.406144560406,1,3.0744225772955263,0,1,35.995335700424256,1,1
86.32434415272188,28.14418917913223,255.84658051609415,0.0,44.39039510185108,6616.427358033858,1,3.7648047127242807,0,1,41.2284674307441,0,1
85.29621617103497,10.475264075224144,5206.199128988025,2425.149481517825,15.683753822588386,9082.081407415402,0,4.9269877590694335,0,1,36.57301242051729,0,1
32.36156589861223,51.81895025729112,2621.13033247421,0.0,20.172508059851285,16801.81986135681,1,4.886649175869592,0,1,23.98718286163255,0,1
81.23138266480203,31.323152151064843,0.0,3277.491868977135,31.62599234182897,12762.424548504861,1,2.804815857240162,0,1,37.08019447998755,1,1
29.570895614885938,32.08586612465112,7121.509827806072,349.76704503992494,22.67316787149805,4613.926641524656,1,4.9934648135395765,0,1,11.433464673030924,1,1
66.26026666245635,47.95928977921065,0.0,2175.3101280619685,23.917678988422214,3118.463601234503,1,5.128410626639042,0,1,23.5016378558105,1,1
94.68151584243303,9.35605961262853,0.0,0.0,46.39206211327595,2861.796249874572,1,2.8998175078826383,0,1,35.75698181458863,1,1
67.26112809971632,40.1752548365486,13293.534370848543,5927.996202506659,29.09659530024018,10105.14261744916,1,2.94145687887832,0,1,18.246069346777922,0,1
100.23766128190823,20.58322123807506,0.0,472.88855794169564,48.265474091055445,7839.146856446385,1,2.967967021134477,0,1,16.100805119639187,1,1
84.63073884828474,14.531432195019764,24038.43192885206,4211.359614173492,47.32811446675403,11180.980063751018,1,3.813162993791926,0,1,37.19998321060062,0,1
35.37129128014919,39.29056510318245,22239.36550093903,741.8454157735656,14.407357988486984,14842.272667979258,1,4.225936705203766,0,1,35.28260482422112,0,1
73.56475093921563,22.234518882294655,13644.9633187679,0.0,15.310777319131182,19285.5427083182,0,3.088920812910845,0,1,27.086768498247245,0,1
62.2623096098831,8.259082332948312,0.0,1545.743717936568,36.57974557340701,4963.396394723867,0,3.018556184901795,0,1,35.89140909967689,0,1
24.132018099298794,12.8348983566027,8510.572017463008,2209.095804112242,24.853060721102224,10560.485529332133,0,2.9297207985088605,0,1,40.03399592154523,0,1
87.66601086603646,48.49331233985833,3726.7724161562787,1782.0532001088827,33.60229780358236,15183.447816516511,1,2.865638151825803,0,1,42.93519669306398,0,1
50.097419456110565,14.717661356919951,0.0,1147.8990315334127,36.29614701856473,18838.08968501693,1,3.918172847539498,0,1,13.440446848263687,0,1
90.67502737472378,40.030541669657,14769.710973534648,615.6458486134903,46.51756479625633,16254.536206349896,0,5.115771209085043,0,1,27.20862857354754,0,1
50.84287173110419,27.652654615803186,646.0817102430701,1818.6523948142242,43.18473963982335,3230.9928255572063,1,2.9312450660032443,0,1,26.701253233723158,0,1
25.500675809692552,15.801601984587478,0.0,813.4700990519997,48.44809214223,7972.917570284188,1,3.9925194735581617,0,1,25.456832061765596,1,1
95.17579635442031,19.780325468998228,20114.246581856118,28.112300420691525,18.811865396110882,4274.173823809878,1,3.0057256775896515,0,1,19.9041147345204,1,1
24.475268099235688,25.18143151793734,20608.16088659464,289.0487419871471,12.438976971099061,9556.254153410953,1,5.345914862279542,0,1,45.34948396980565,0,1
45.81183614227976,16.509654162467008,145.16085343072461,2979.3524326535753,22.850291616452143,7100.9470405951915,1,4.9375420759724165,0,1,19.375376785699746,0,1
29.44838962180401,15.033636779778533,8381.065565495981,0.0,36.1865183854715,16556.856516951368,1,3.8815891077194107,0,1,44.48453355551212,1,1
34.60778503677819,25.441826556902768,4917.697359793401,1827.8176760544993,18.39726766769127,3463.213668149465,1,3.80765120519559,0,1,19.949910970993542,0,1
92.05400568804008,20.580924689751782,0.0,1268.7064021100855,16.918783270629632,3683.9086840295045,1,4.930775154535609,0,1,23.365716143886882,1,1
34.06056905356073,47.543289063164494,35771.88614991059,3577.9415457689424,36.61390487584841,9780.19423483941,0,3.245005837737022,0,1,39.212200879350334,1,1
42.51733314657154,42.385432815774635,0.0,0.0,15.699918138355711,19869.290417785043,1,3.060054065203244,0,1,15.5692106032527,1,1
73.80491810361639,11.416328741175203,1529.2447684817835,0.0,15.228602547743899,3604.4922434696086,1,4.155337104883755,0,1,25.6458480100855,1,1
88.00215140066503,8.510147393912872,0.0,0.0,11.943393064812096,7828.8088513788725,1,5.048151993708745,0,1,23.480804660123805,1,1
38.18192090622559,44.06144990247736,12195.971763749034,0.0,12.293014704085573,15668.310877156364,1,3.964392986448634,0,1,33.716959686234595,0,1
86.90946950440126,9.130827585405099,9325.18283812431,1656.0030114088427,43.16996363687624,17227.207345315084,1,4.073511286684572,0,1,18.786243047108503,1,1
38.05338508245432,9.308358126618636,11588.467158564672,0.0,10.78909941147912,15598.611480593612,1,2.9021581521487256,0,1,37.008816977018775,1,1
49.11652010717476,13.49719812732501,0.0,249.61649773797484,25.53541020986281,7201.4735240241125,1,4.068426590627823,0,1,31.08944925796059,0,1
98.22513077084525,13.936774708317891,4311.008635442058,0.0,46.72421729184693,12850.11142971719,0,5.1061963829524455,0,1,13.326222206438896,0,1
58.10973838759872,40.71101357986318,6102.4467693106835,151.9292942187593,38.623953013723714,2073.3670805212173,1,4.104401034448501,0,1,40.57436475337252,1,1
56.119919194738344,5.6905285790543445,0.0,2244.9372644413115,34.83925741867168,11959.845507011983,1,4.978400246608404,0,1,43.716533560096856,0,1
27.488678191589734,38.86978748870306,5324.399149841637,1151.9695785999747,25.04665854343518,6927.651909667089,1,4.126717159098989,0,1,41.46626947462905,1,1
32.97168054340023,40.08649228358796,0.0,0.0,15.925293061730581,17679.501909108087,1,3.8832914336108533,0,1,11.199904988915055,0,1
71.28632188732179,41.19264415869703,0.0,0.0,43.72151429977034,13138.751974406845,0,3.0766185456290565,0,1,47.493074772756415,0,1
89.49943872018814,39.756942479817006,8135.06441779924,1453.485566541238,34.514225341148745,3459.75740709757,1,5.029166775408242,0,1,11.331341636828572,1,1
75.0596331344815,8.894788628592833,3418.3370717997404,0.0,23.455963434029858,13950.116941496206,1,4.926813643439895,0,1,21.008700383460834,0,1
27.79073340923988,47.215273741641504,0.0,238.46402454778183,41.38486304508005,12582.108786203007,1,2.884732073241124,0,1,45.77455480354839,0,1
74.93694271636237,29.661995213983346,0.0,0.0,43.01873182071665,16049.016025240777,1,3.9918973118262393,0,1,32.727332708520144,1,1
89.84694028435364,10.156332791767014,0.0,1954.2740357929142,35.136140417145654,3446.5835589187027,1,5.007353108854947,0,1,44.9209214376811,1,1
100.27743978061599,28.776404127433185,3126.4588372768594,11.837223671909442,19.331618945497322,12802.904101134802,0,2.934260265379449,0,1,38.1591325571529,0,1
36.84916464300057,13.819344746596121,603.1816403970662,0.0,24.550258760075604,13022.980545547205,0,4.863884876731675,0,1,23.957809436625944,1,1
30.643141062516513,21.313114370407654,0.0,0.0,44.595849354867006,9811.124553668951,1,4.088230693306305,0,1,40.2441195364723,0,1
26.381359093507516,3.8234177841320873,0.0,0.0,13.285009672145868,18319.93125662089,1,4.101331928913875,0,1,33.983105346390595,0,1
51.12649540754421,22.296099994048774,19537.583659792443,1956.2157661125568,10.94126430179989,2920.8696241419293,1,3.2198385623565096,0,1,44.40662883817278,1,1
97.72570492615841,15.891484983501439,2910.452845446618,396.53645651795995,47.48000841780542,6097.521674238236,1,3.9298807296481915,0,1,31.671387838468668,1,1
67.77336238636106,40.770210626179534,3474.2620914095073,0.0,18.53440354681246,14233.314074554013,0,4.006816017056307,0,1,37.941858118503,1,1
67.79238526527678,48.62156023128695,0.0,0.0,33.235113983277856,16998.90365374809,1,4.10055057420051,0,1,15.150648530263988,1,1
44.264597816975474,37.58688224924469,0.0,0.0,18.56037231600897,18717.567664332135,1,5.110316253856328,0,1,45.92424040075453,0,1
58.95936466256013,42.35546980272313,25344.498157343147,1337.0467400915006,30.860458746584854,10233.662805662969,1,4.039300762147324,0,1,39.38767558164734,0,1
38.30043669326954,42.14555014334082,8318.498293048751,57.23224663714274,22.207666296395487,18547.18490115041,1,4.075548836196413,0,1,48.18946603131333,0,1
43.5559143798492,22.852014506514493,10849.423218878641,0.0,40.30964184015815,5519.344702977835,1,3.9301773088676684,0,1,32.885719889381164,1,1
50.906214535950205,44.63974556652587,0.0,1374.6477071237487,22.25451518739522,1470.773132429237,1,4.011930073521636,0,1,47.18420164040239,1,1
33.749174242402866,14.940932914495608,13209.718487812224,1470.126883956526,29.215328392311783,18174.934580846715,1,3.9085299412102383,0,1,24.6851600670919,0,1
76.68734566887203,44.7632113796937,0.0,1389.908810657404,28.281620997557695,15213.273973369698,0,5.0704959016787345,0,1,31.01223951368305,0,1
97.10475659225486,16.848109937312152,5192.921509245605,0.0,37.083755238993646,14535.719409963804,1,5.1132416975367505,0,1,51.0588354448894,0,1
52.27085257337209,5.88696425449262,2150.8619671145652,209.0007973218281,35.52102970619473,12011.679864025593,1,4.363609296396011,0,1,43.59601442474617,0,1
26.86579255268007,45.32692571152276,17939.511535238835,1825.1538232152343,26.800753157255595,11379.354982082286,1,5.154911524876609,0,1,39.11065259998463,1,1
56.170292827929416,17.740975291525693,0.0,0.0,23.90767972124149,12651.663060254506,0,4.82027278984762,0,1,29.089937431933787,1,1
36.43257439543242,28.84787056391182,7387.219332831925,689.4789614956685,37.10790994861729,10602.391827153298,1,2.892219861885225,0,1,32.270849356200536,0,1
39.657840088340336,42.923239066853974,6119.827635872946,1626.9042881031883,40.22912657466474,11299.448833632461,1,5.156010284482435,0,1,23.630177924454937,0,1
70.903966063299,31.40587999448363,0.0,0.0,44.275712546470004,18801.82458923584,1,3.0588359863605037,0,1,47.33315607054513,1,1
52.975047869773995,11.2158493082149,7187.504163843575,0.0,28.083283725113013,13688.895378619492,1,5.011322748837896,0,1,17.770921631346106,0,1
50.83246422297934,11.748804502685097,0.0,2646.08236703279,39.399361070717305,3052.1460685752327,1,4.994404033727814,0,1,35.737061100356335,1,1
81.81729946724232,20.1312537086672,168.1528003340427,0.0,46.148570106166844,17555.43592852767,1,3.899222021094192,0,1,20.130297836284495,0,1
74.74852170467841,36.344502483772985,0.0,780.528233130394,38.389379373763866,5661.570580189861,1,3.7936649946960146,0,1,17.69255565286477,0,1
24.517732177004877,22.622312918172327,980.5654058922036,1223.1293275909152,45.365541679734,2108.6226863035067,1,2.902802446651766,0,1,49.11359972362481,0,1
50.10183795232492,19.793845200846146,940.8415813778392,0.0,30.93413670417719,13525.222379853767,1,4.977777578163139,0,1,15.340287987204121,0,1
64.52217847274457,10.073271727066157,7934.6144151097915,0.0,28.081893672639566,6130.608796050424,1,5.022685970630212,0,1,38.881780466509056,0,1
76.38977463904807,46.40324116893669,4754.101271653791,1124.1474508298634,25.266625621670716,1521.614666405251,1,2.970490052352039,0,1,15.776417630844124,1,1
34.33899049135775,42.65985945635939,11884.295269337035,0.0,11.21121317082844,6698.444125525252,1,2.8653407084097116,0,1,19.552983727125575,0,1
89.90525449556833,15.895638153722393,11064.26168926764,1084.867093837331,26.49589118335922,18712.60423095757,0,3.943731622415646,0,1,24.047733712268347,0,1
76.76272356182889,44.49575284118997,20739.328202183566,0.0,36.2408800851454,6920.400789852288,0,5.013131055748272,0,1,12.888554808341619,0,1
40.11984134326053,32.55781183345043,9605.10266535286,3968.3430909592066,42.86549686564901,8906.301338616295,1,5.025673658448989,0,1,46.17073207487404,0,1
58.75786060533502,10.639211047488692,2171.3743027774176,687.653043840394,40.27401945170495,14837.543389273145,1,3.956883105274973,0,1,14.301307295595821,1,1
22.78238174164837,27.663504479585534,15128.349988696025,0.0,16.435575839428886,9120.203572392998,1,2.9615611409678113,0,1,44.15261021993591,1,1
94.91683451648841,24.383325733888295,1676.469489675988,1415.880979715267,14.46777126519501,2261.956729570231,1,3.0839846208442423,0,1,28.328546978143887,1,1
82.13477910398113,11.876915180183785,4789.294363103399,1821.2264002475204,39.62269635162738,7961.448011297457,0,5.025601924126601,0,1,10.637282967756835,0,1
89.13935475426362,11.461037080936894,0.0,0.0,43.227746533984515,17429.50971865045,1,4.960036252661734,0,1,49.499394153548,1,1
27.57188718268724,15.352985946072694,0.0,1197.0776020394646,23.39243460951323,9402.66912792314,1,3.0363718121839827,0,1,12.599731946413804,0,1
37.928264108733515,36.117471597426295,9562.812404764938,1023.1919533039353,21.70041234944595,14280.833478445955,0,2.789302425054584,0,1,41.52541081524352,0,1
37.9500675192955,22.646667648963206,18281.349559545917,1848.9369287587685,36.102947639883006,8165.800480723319,1,2.9689514901632523,0,1,28.02478551740275,1,1
49.50498799350103,26.623958619319406,7187.478794820775,0.0,37.2367965405743,2569.4527039180916,0,4.983581846023256,0,1,49.64178176620202,0,1
62.16383907712572,32.26025998348172,8954.977196147196,1680.2275856674369,35.44019788319499,12695.132409029806,1,2.997528803851981,0,1,23.70276812594492,0,1
84.76922323117715,19.42410842274291,9095.11175252493,1485.26572055719,46.56015158466978,8854.415161870447,1,3.9084826664501513,0,1,41.35775235796734,1,1
63.867614016829734,31.68195981076855,865.7069101857595,371.3164057550513,27.239172387514785,13804.24938188174,1,4.067621067575704,0,1,34.74284945018608,0,1
94.97196949047142,21.429720201993955,0.0,5202.998495566578,34.52019353364522,19075.69668841982,1,3.8682675780564457,0,1,15.473880110853113,0,1
86.43815497819419,27.386037887514952,8620.565761518033,0.0,34.931481474904025,10371.580697706473,1,3.8222402938018845,0,1,24.521306476801616,1,1
83.40784138908579,15.909128372979964,0.0,68.3716408977669,39.004188846821556,16058.468106815693,0,2.9807505635228213,0,1,10.93000485252099,1,1
96.39198535455647,34.076800546983364,7010.881151287628,0.0,43.09147849068565,4716.201904105764,1,4.9379147299004735,0,1,30.859167051111868,1,1
42.87150563866264,7.248535444991056,19381.55973403361,1311.8098877030075,11.536848314871852,12205.391850517603,1,4.861847511914895,0,1,29.68742791417207,1,1
59.12665618183611,17.26426514204099,4074.610985217323,2921.2310078566084,22.222521240233867,7647.7509354985095,1,5.043979006040232,0,1,41.054245930646466,1,1
42.052478620214764,27.754911799155167,7858.3011416627305,2450.7415464350565,47.06946901014646,14526.097748417527,1,2.9957187101565848,0,1,37.95780924659468,1,1
43.93095562450632,16.663091618039893,14579.332750279353,0.0,44.79643989666864,6822.484340717163,1,3.099507972282079,0,1,49.0198210256158,0,1
49.90631832790279,9.171256266850547,0.0,2501.6299988659516,11.722075310943831,18923.07728388767,0,4.033434173713159,0,1,45.97086262029948,1,1
38.557593906204374,41.395699818120754,20496.170539927014,0.0,48.77523315713848,14306.747569261694,1,2.987150312341782,0,1,21.85866060455604,1,1
44.27197466440711,29.711082529290547,14299.843059623508,0.0,23.184802681013508,9869.637639648736,1,4.879557355306527,0,1,12.625237972415663,1,1
24.753514352822435,27.14488561406683,2060.5206098720087,929.0453042180153,36.40867209399088,11088.587994208672,1,4.8776076493424885,0,1,49.50388155744458,1,1
57.738107108668196,26.434919085305122,0.0,363.32541120623745,43.734627070651584,13364.373210921216,1,4.963564770358038,0,1,24.46735117468133,0,1
92.7676809573947,25.910625650993055,0.0,0.0,16.945079570785495,12048.52524021606,1,2.9518693462915264,0,1,19.66583038692232,0,1
96.56372266796997,39.53716049432788,0.0,0.0,26.782765527458988,7426.333217951049,1,3.081962350203148,0,1,19.603367187027494,1,1
99.39174867497923,40.87451935129637,4386.21807208969,1019.5849185420282,40.319297564065245,14525.226480576079,1,5.082197400133127,0,1,17.149413603093357,1,1
66.76060096170171,31.796551550447642,19290.607762173644,1994.8502691610747,48.87824408648342,3799.9145752782233,1,3.834684177253168,0,1,26.698165194485423,1,1
58.872477444198346,31.04219661566095,13884.814468439721,1149.7689499740245,20.85793504461955,13217.900825177407,1,2.875538484779149,0,1,18.837083913061985,0,1
2.0341645245623488,0.5397359319687662,573884.5076045649,70594.47966074951,4.085272202658135,0.0,0,2.82199206757237,0,1,4.273355974791149,1,1
0.9516539350704405,0.2190299878432116,859030.14815256,64297.67652904761,4.465066291094232,333.3718242837854,0,3.927062777911745,0,1,1.9399876026730907,0,1
5.347940720020104,0.8975601525536243,322536.3143953926,33506.166863040504,4.360657485624766,465.91636192086435,0,5.117539265736178,0,1,2.236186248127152,1,1
11.856162882729961,0.7153752990217164,940988.7902512057,87661.43502740131,2.118189122780315,0.0,0,3.037643272500546,0,1,5.0160108491645685,1,1
5.531567717839257,0.0,785335.4566200618,38024.89920420493,0.5933030460408752,610.1635978641907,0,5.017910941753209,0,1,3.0325569804862744,0,1
5.247362751009052,1.0946136880632136,561478.5745936607,54508.28768835611,4.00980868772057,0.0,0,4.988556674522318,0,1,3.166955160317985,0,1
3.5060943925245724,0.0,876523.4755793028,61713.957409578725,5.158227696731629,267.44762913525403,0,2.9275278624303995,0,1,1.806688284639492,0,1
11.974574284419095,0.0,290921.0231903274,79675.44596201471,3.275971837786728,602.0376485177076,0,3.0902111408612583,0,1,6.0772402662864735,1,1
5.448767290951474,0.0,437033.3956631703,90235.27068701475,3.0614561891168686,154.2098691330527,0,3.0564367189548975,0,1,3.4003261864085994,0,1
6.990474646383032,0.5765852189795273,210154.68893138817,44114.60123953456,2.206159802266037,105.20560214213457,0,3.101017025765276,0,1,2.8292316836529565,0,1
3.579904927224912,0.0,121959.44132499924,28262.951920934844,3.4610370409007944,333.9255044001053,0,3.9009419964930996,0,1,4.184238040941213,0,1
5.112782452951494,0.0,632445.4976808692,63552.492389891035,1.1148857351317591,610.1395313617168,0,3.968540922598757,0,1,4.366468145892269,0,1
8.37613847553862,0.7141123682872329,220807.72338465936,68058.21297361318,3.5472690683339514,102.67126679037163,0,2.86582491745511,0,1,1.9421698877657745,0,1
4.77374210117851,3.628862238534736,676090.6496271762,77766.1802103184,2.0407130911934983,237.6101229161386,0,4.91131880460432,0,1,1.6595640832726724,0,1
5.668161538322049,0.1111896169681665,616218.6740284425,15134.175504950479,4.932446361872629,441.9916542441734,0,4.920571571797729,0,1,3.0134765246966118,0,1
4.14957645317884,0.0,198204.31920237126,78543.14089001594,1.372177278772144,0.0,0,5.052018883773042,0,1,4.09041774617113,0,1
3.920758573236309,1.0283776324626388,474270.00801222643,81897.00694726604,5.0551500316929445,461.9203236141485,0,4.043254125071501,0,1,1.7359982661449191,0,1
5.986140004960062,0.0,583604.6318187086,66615.4573920512,2.4700412022801537,0.0,0,3.1234699337542198,0,1,3.04248469973467,0,1
2.342242699810396,0.0,845288.7418409019,15459.292246157358,2.1105009011044094,434.8490978702166,0,4.765967226510339,0,1,0.960128246136464,0,1
4.670805829942671,0.289533650514838,871718.8519967946,57965.43960238197,0.7586926620373471,555.9600854196415,0,2.9708123006244205,0,1,3.6991542294765853,0,1
3.5337200557420667,1.9738174651689187,233800.08747907582,10648.50285656608,2.4007095875067455,530.4788973552434,0,5.325997383718517,0,1,4.19219437077364,0,1
5.185958157570673,0.0,428684.6893688462,45814.21454714269,4.951516032532871,32.91429180504372,0,4.060846319633226,0,1,2.6359659774093553,0,1
2.0606836570967006,0.0,678090.6560216082,16941.43566261218,2.56297884623922,510.6647995796632,0,4.978057318195839,0,1,1.686378012623416,0,1
9.238740263006127,1.0484906972973949,813528.7083533162,19267.488132666822,5.785681111823702,37.38604584371359,0,4.082293096072316,0,1,4.61496285830244,0,1
4.59256794081284,1.5467909484382596,423560.1847005121,57996.25013523167,4.819944092772507,47.50324588471244,0,2.911377996035987,0,1,1.7303343616536178,0,1
6.87491803690713,2.096301684323927,439148.3371434283,58067.957933664955,5.109355025247133,579.720863641254,0,4.887024731828003,0,1,4.290924071205026,0,1
7.433432078040286,0.0,122640.34516938799,81374.42341645631,1.5248624923917093,495.8479346170708,0,3.994083009701094,0,1,4.9142091975692415,1,1
6.653422996708755,0.0,776680.496171925,81201.97283641173,4.545728935549542,479.79257070800526,0,5.030571201103348,0,1,5.277282454166727,1,1
5.9731100548185,0.0,715043.7268007956,66348.06778263436,1.280362023480611,343.96325482722995,0,4.075036142619132,0,1,3.7258120997905806,0,1
5.028697452571404,0.0,562118.630107275,53221.99176900279,2.2598103601224873,746.1462716917342,0,4.0792356935707685,0,1,5.216333720335101,0,1
5.029731151388082,0.0,222305.347664516,30140.21400707555,5.562064461539812,32.99856007627405,0,3.912151695768766,0,1,3.998911765671477,1,1
3.971607610444236,0.22397907706634446,653393.4150881601,58071.86728546777,1.7771153413895426,0.0,0,5.035008065165183,0,1,4.3151689027865086,0,1
4.786271263096904,1.33511695375174,151616.3225095949,44244.9692257781,4.540265565904476,214.61436737715275,0,5.104697349900444,0,1,2.0141495361384987,0,1
7.674878408703188,1.0274169471504062,175696.54762854113,41244.431274232804,0.9895402689010875,448.81228438365156,0,3.0873096512634213,0,1,3.321227929661805,0,1
5.38212577558411,0.0,822424.7325316805,38525.820140912525,4.106453036345457,0.0,0,5.069831542842984,0,1,4.306543133530196,0,1
5.669639898590752,0.0,189950.4550667423,35545.34167782057,0.9108800816061766,184.5511912502675,0,5.055675644624163,0,1,5.474963975031569,0,1
4.217310101738524,0.7153029936247071,327030.22254443576,45779.36695432397,1.1978271607478241,311.33117940073896,0,3.0467342897645198,0,1,3.016773993749192,0,1
5.567913442382487,0.19508689628724135,576005.4038787308,89277.95835096156,2.0202230051216574,205.89145549900655,0,2.9972628275393287,0,1,5.652065867795208,0,1
4.57047437450049,0.0,400615.59351395763,38655.33793846664,2.764109922733117,0.0,0,3.185278938171367,0,1,3.1959164350197957,1,1
4.29583631582391,0.570588083983703,443194.434068459,81513.84078765617,1.88262313516161,180.707147822181,0,3.0883624130040404,0,1,3.100335889519396,0,1
9.035815190263019,1.1513028856693432,972196.2955058309,15027.606010384441,3.991860836840468,0.0,0,3.9687982356456084,0,1,2.029068492425447,0,1
8.050453051845398,0.0,347646.7132869789,66031.10270486161,3.1572876534417635,345.0493878964388,0,2.823139355255565,0,1,5.012337659127962,0,1
9.090291515254433,0.0,347171.77830085426,70488.3828994799,4.67099510275744,429.3303849957657,0,5.227178257636697,0,1,1.2848413422117264,1,1
0.0,0.5912279482871869,425821.6495090659,25915.965998499494,5.450463930899181,1429.2665542903715,0,4.915851533582261,0,1,4.195008230513262,0,1
7.179272913743713,0.0,776841.2098383916,89873.44742185414,2.4666886246872597,41.874347332496825,0,4.849374190212759,0,1,2.631867015572411,0,1
7.432168070989725,1.9610687138419873,912921.1882282255,44756.381213726236,2.871738232862749,0.0,0,4.102908072076997,0,1,2.5133366598125844,0,1
7.272472606594635,0.0,911027.6222871195,13344.302159534736,1.3577049600562714,728.31125888992,0,4.000047000236793,0,1,4.588261006499853,0,1
4.251692591198871,0.0,158101.80591638855,38369.00003310661,2.0115634604168284,0.0,0,3.0582718010693397,0,1,1.7820956148182454,0,1
11.353030562504651,0.0,403019.22632909217,60073.62522417944,1.157075544030587,1134.7096666021919,0,2.868631465382855,0,1,0.6602774004451915,0,1
7.090318705230603,1.0814030349615495,253633.46505172024,91111.05771011084,5.1769367685262235,139.9638491473326,0,3.0863145899258204,0,1,2.1191471714539736,0,1
7.34645459476489,2.1416344854416587,794176.3984953086,12004.133391030618,2.0381588167340325,0.0,0,5.156397654030928,0,1,5.138034948796325,1,1
2.5106912428036012,0.0,572641.7955022681,41292.65709679307,1.277833067205259,482.345736160532,0,3.997610535013729,0,1,2.513065396969569,0,1
6.154689823165816,0.0,741089.299050253,8606.033159718856,4.448293790938764,510.0574482528582,0,4.938253775858218,0,1,3.120351090575916,0,1
6.026935996279709,0.9525888915969433,270614.2558101498,20498.90428950706,1.985700962682639,0.0,0,4.909389205922297,0,1,1.9700592984201324,0,1
7.400439832802949,0.0,901379.04027897,86265.37332626311,3.7471051512787126,0.0,0,4.081321455307644,0,1,2.7340585248936304,0,1
5.557628429472259,0.4031527542473547,284423.9564277308,56180.945972564055,1.733049581083933,596.4814051383707,0,5.118735928786894,0,1,5.820273611003376,0,1
7.363534803826593,0.0,247849.360182719,86107.35244065984,4.618845155596506,0.0,0,3.961459558525835,0,1,2.624423334096576,0,1
5.212585153795431,0.0,555708.4435317279,23072.6034064514,2.244714764191479,536.1930204574428,0,3.94426557878968,0,1,3.9343874105147734,1,1
3.227433247530141,0.0,595891.6435706688,89595.66518181136,4.301250884447876,0.0,0,5.004576205483944,0,1,2.437664096891024,0,1
5.89904674032242,0.0,729848.0119632079,84068.15390715518,1.7978264007974298,1224.6317518557598,0,4.972761073358859,0,1,5.004849271932922,1,1
3.749361810254118,1.4627796413207208,715358.9215981879,75639.88939701702,4.523708624983509,751.3694411280903,0,4.854107567842095,0,1,4.11289489987783,0,1
1.657798637702249,0.9546715517143991,779598.2229005026,86540.87983734047,3.8654723495476286,17.651624708253166,0,4.803919013907827,0,1,3.093077986169468,1,1
4.715576145780529,0.0,269321.0283230968,93703.19814530593,4.351656554400771,338.4386766615422,0,2.970197184823175,0,1,3.378468606206903,0,1
0.0,0.35896175304385314,878072.8253994787,44790.80757753239,4.854821655826722,498.08390908121294,0,3.9199258918855175,0,1,4.7296426235694895,0,1
4.342585354566265,0.0,181640.5506738962,19080.947263271624,3.082051534276473,0.0,0,5.067988415088296,0,1,3.1078292663505938,0,1
6.933340671972131,1.487497612511648,197481.52957347335,92093.77086213118,4.245721738684987,0.0,0,4.901698666275564,0,1,5.26653917407154,0,1
5.775642262734375,0.0,691710.7357088953,42852.78233198871,2.2324656300366676,161.20711814110163,0,4.736320359703355,0,1,4.386181465837307,0,1
6.277898989423303,0.0,849745.423337183,98853.68929199477,4.4834331907519855,0.0,0,3.968110677875251,0,1,3.815879605245208,1,1
6.414774288557629,0.2325750822453222,339969.8057152366,80998.09237046259,4.450889380830467,277.32513087242097,0,3.0714151858669534,0,1,3.141862390831849,0,1
4.750353104653819,0.0,755300.5598526058,28087.203809106937,3.14650245888689,171.28027363430976,0,5.187880903789914,0,1,3.0455786462334875,0,1
4.671234381655047,0.0,849579.4891579167,47698.509182113565,4.085924710177156,154.8882097107981,0,4.209713352957124,0,1,3.866029973931381,0,1
11.427790185826417,0.0,297982.64227641025,39078.60874145774,3.8817150551181148,846.4044567018659,0,2.9442457732108593,0,1,4.924563665952215,1,1
0.0,0.0,441608.37207623443,64255.07829564025,2.012702345816279,380.44286690575973,0,4.899425049522258,0,1,3.8180789313590777,1,1
5.000741521970688,0.0,503990.57901544176,24001.78403374234,4.52487890024292,505.99488761372436,0,4.0007197358753075,0,1,5.727382279041605,1,1
5.861460195454915,0.0,757922.9721518051,52919.99519363357,4.7035901409899346,401.5824290437636,0,5.043792090508477,0,1,3.9472535123867307,0,1
1.2594569205172992,0.0,439558.7574340738,20803.10063404039,1.8570165557615297,557.5298972124131,0,3.9371681217106436,0,1,1.657671410601746,0,1
6.864212501762959,1.5556305809807813,218167.47290735255,35593.225312051494,3.6017645586716207,680.5676197679128,0,4.944631357596024,0,1,3.5958897501987233,0,1
5.75560704762176,0.0,492372.04457735026,40052.337796942425,4.316107384867874,0.0,0,5.122658205439252,0,1,3.0813434351586655,0,1
6.487581970388774,0.0,568627.1459425221,82110.82683049844,3.8863240771498595,74.66287253558312,0,2.882898836806479,0,1,4.915404943075731,0,1
3.080346595788437,0.3010363417665824,789217.0105531713,50310.33402889816,5.3287109609668315,385.50795146384405,0,4.999062937917068,0,1,2.367842133176691,1,1
6.540595260295351,0.6017900440342575,867868.6286337037,57542.38669815136,4.62590995616803,324.5741830215277,0,4.1068872523963496,0,1,3.5894846751533405,0,1
11.579061117778,0.0,292829.248783935,93568.22217612455,4.244377014135168,253.54501650019088,0,3.109904792319601,0,1,4.4078811193157215,0,1
4.21254510699846,1.227743269542367,239752.29182710746,15949.918626801442,1.983452424691234,612.0208987435434,0,5.105352363140306,0,1,4.30071623242648,0,1
5.492274010803661,0.0,259254.32730287465,45593.694498448196,6.106164521682331,0.0,0,5.233240067601359,0,1,4.398689771307276,0,1
11.177625194348266,0.0,962256.0174311624,37383.088584334015,2.093469906708973,585.7045025078086,0,4.053812172451233,0,1,2.665233127387415,0,1
9.809486010182493,0.0,487934.47055937443,55643.98898957328,3.7933358405183313,22.182320821702746,0,2.9858482969709335,0,1,4.912638017705605,0,1
6.666040879973839,1.1152849324034433,877010.6651945778,25790.096699407764,3.179773682623469,814.8757154634432,0,4.892343101680646,0,1,4.348258760040135,0,1
4.111999758720291,1.4297806049308834,798266.1333700125,39389.545256899364,3.189158617578994,272.6206579839838,0,4.935070077972039,0,1,2.6120860456900865,0,1
8.062717819821518,1.4063358062034435,326431.446851397,35553.12460784265,4.5131482954581825,88.31766178654948,0,4.772162834306564,0,1,4.726859790601141,1,1
4.201652827168399,0.3286656768948186,577069.7670705982,24160.154233505833,4.481135006438115,165.45601113991376,0,4.0266521392600145,0,1,3.500481465508816,0,1
5.457735333031562,0.41879154130528573,567792.3537425408,83459.35195213898,3.100126446014653,349.18724639858357,0,5.033867877431511,0,1,1.0118849076478176,0,1
1.8731156629062053,0.8793453558128898,734328.5840459805,70368.52741453702,5.26662239434474,457.8196956121634,0,2.9677066264893006,0,1,4.398438060857451,0,1
2.20118514715364,0.0,285704.763663596,51010.00734904938,2.956440182021433,0.0,0,2.895874682305898,0,1,2.404492304713851,0,1
3.003396288266004,0.0,745830.637389568,49355.90794308972,3.594688461053156,933.3566238200845,0,5.0021254716568615,0,1,3.1074553112599412,0,1
0.7796895075334334,0.46178178470542175,291933.91328928404,17610.356010039715,3.9667258969156602,304.04017087653074,0,4.980207780202091,0,1,3.179434884477348,0,1
4.17694167466373,0.0,372005.42541721225,42908.65117421238,4.060689544545427,476.4282045788225,0,3.9280505682550197,0,1,2.22782385030415,0,1
1.8250159790660958,1.7130397270693927,439669.617732092,52387.14556136894,4.062889972725076,377.628281502548,0,5.001851682787777,0,1,5.0607072326343445,0,1
8.124773685911903,1.6083955622130053,427638.71572452295,74940.60785375172,3.3661134977060145,0.0,0,3.0944330515303333,0,1,2.7758187907797365,0,1
5.6403484456486765,0.0,132596.58161640386,15573.703964654595,0.061160550268534175,569.8190003021352,0,4.957307918467757,0,1,1.7215237190311938,0,1
6.71312430256522,0.0,546711.9156475357,27016.921274385895,3.780389582808925,854.3555476060427,0,3.9391948545460775,0,1,3.430094315817167,1,1
2.479346443692659,0.6701282099967736,364061.6371646798,52588.459584114695,1.9774384778715501,204.64874755969404,0,4.959280554582824,0,1,4.691991291692719,1,1
7.005813808247957,0.0,784678.899864546,35101.8969380754,2.0377253763283147,400.1713354722157,0,3.959517257989095,0,1,3.4256254434895386,0,1
6.988716262561484,0.20893899592019874,596854.3273397429,16362.737766918066,4.145290783469726,402.06548830801546,0,3.0477490353018686,0,1,2.458048628070184,0,1
5.101839223022475,4.174066248222141,165425.82411497168,68030.9241195505,5.047232161074127,140.073152968942,0,4.042743478326301,0,1,2.3672380450330754,0,1
1.7585211592339358,0.0,267495.2887033437,14431.973768634682,4.853784316297803,233.315468176891,0,3.045581965168549,0,1,1.6397390299938484,0,1
8.278551688298478,0.0,886520.8948228867,27534.809018932745,1.9107684508873037,497.1236093863437,0,2.9921597565951004,0,1,1.9659643714789752,0,1
3.0705652502909997,0.0,417232.2000850755,68829.21336216776,4.083279213628804,565.7429797473369,0,5.018550015832265,0,1,5.545359335035273,1,1
4.920678189440924,0.0,780906.3488808834,20846.560800061623,6.247036923241126,597.8262811180971,0,3.822385666974571,0,1,3.9656536582664583,0,1
4.131621776852812,0.0,566586.9551070331,67038.92414064528,3.4760028766429567,403.1201552591915,0,4.896520662363106,0,1,3.218333715274097,0,1
5.495565753082825,2.535902448119809,513869.6268553451,44553.927434054385,5.803643343059819,267.21671590136066,0,3.996612492066784,0,1,4.851229087841562,1,1
2.3731417287663783,0.0991298687592164,180621.27772923504,17344.708205640112,3.207258592724396,751.5250206044295,0,5.009876573941267,0,1,2.5583506537889398,0,1
7.273740293192264,1.3696269278787516,559051.7859234704,71131.64863544026,1.3151304795664622,901.1280260564566,0,4.09480203025549,0,1,4.495733968755315,1,1
4.622064602408017,1.7941978080381682,374677.3688200478,61115.00069392248,1.083535146448288,342.6235122083844,0,4.950223014311143,0,1,5.1813952264531675,1,1
4.248503499402852,0.0,771861.157152474,91491.57491350682,1.4125269375559348,551.4457078275115,0,3.8044353322814057,0,1,4.399522675776872,1,1
0.9437344023236611,0.0,775152.1357034572,95983.20928408719,2.520659363222632,247.9413652582841,0,5.052884136064885,0,1,0.568089757415805,0,1
5.703233532433893,0.0,590088.2253030534,54397.52879562178,1.8153655004064313,439.30053757618833,0,4.804156273042432,0,1,5.241422228362155,0,1
5.646218140154382,0.0,687187.137044822,70487.04731998323,3.528439462502546,92.24843817443904,0,2.957673306848928,0,1,5.33079893890679,1,1
5.375553815412924,0.6500903840207763,151288.50742836317,55253.57529265322,2.7918632517874946,0.0,0,3.8220749643040763,0,1,5.00761106236545,0,1
4.13988886498973,0.49470196308110326,343888.0769404281,50096.28127975948,5.452672349512143,214.33662604371364,0,3.2009448767689967,0,1,4.71843108821896,0,1
9.22512531801023,1.9507507400260313,463777.641884472,83315.77195388937,3.2244811969813676,92.43151167718081,0,4.872338037105148,0,1,1.651614993416008,0,1
4.5775590629370075,0.7069876400472604,582177.6518062378,58515.647294775816,3.641874517713501,392.3081994654699,0,5.003847695839626,0,1,2.292803530156342,1,1
2.5956388563723474,0.0,968006.2762273292,31891.118698581588,4.225732277510587,465.85867495219424,0,4.981070190542703,0,1,2.586111583062319,0,1
1.670189140812016,0.0,87927.97516277476,49808.96572371429,3.782899490873305,82.38525551266696,0,3.8223421673238254,0,1,5.3033153120927015,0,1
4.32054688112241,0.0,942576.1388858395,15499.944718353087,5.019612124336463,540.3355285903825,0,5.153580240783046,0,1,4.761886492403126,0,1
5.704046295407725,0.763895140656975,503938.66263687564,11738.993562258209,3.032221623045884,152.50059354354562,0,5.068552619409256,0,1,3.3587653226299548,0,1
5.40807735918928,0.0,517436.7632645992,22114.941134747663,3.5687115516856345,67.9653949984143,0,3.9488558825062325,0,1,6.282577015048252,1,1
5.813214216690022,0.8101839994086882,590802.5545756051,76111.44342743717,3.0325469730425545,0.0,0,2.8630605080208773,0,1,4.6820070834443515,0,1
7.94447323930287,1.1965005834953693,760989.5796144396,30806.226796886713,4.917712995632957,394.0121377864234,0,4.887102489174496,0,1,5.26461596824878,0,1
8.258481270419582,0.0,531282.5061838159,23679.25890295532,3.2397073144524438,718.0169560645074,0,4.81530938444971,0,1,1.9876930103050507,0,1
4.866133708304755,0.0,630996.796797464,39383.311842272655,4.389257623916567,0.0,0,4.96935853512112,0,1,3.915437374861083,0,1
6.809603279414912,1.7625473334396469,759338.3816454408,42894.65569512127,2.0870257977635776,314.23380332915616,0,5.025351111280281,0,1,3.5730866771479106,0,1
2.397870484517563,0.0,991322.139548846,68093.18909993768,3.200910371139328,236.50544872261088,0,5.129106459923327,0,1,5.008893685234911,0,1
0.5398291196173748,1.692265337096285,941557.1910723604,51898.12209589694,2.6010995103955885,520.0198912367096,0,5.085679322541251,0,1,2.3768203716943512,0,1
7.079796019202002,1.3738397928557928,745862.6145179224,27577.055519713544,5.466165584420282,306.04725747931957,0,3.0888207227175086,0,1,2.4943099455254796,1,1
4.0210962929332155,0.8456910191272294,256944.5801778513,76541.51264812172,1.7602420955120908,274.3324582108575,0,4.042218750080832,0,1,4.0237196040402425,0,1
5.600602335192958,2.6775786686526284,730338.5131625019,53447.709541617696,5.381761356729896,0.0,0,5.032956553670938,0,1,2.0380942642323894,0,1
7.4916336347462735,0.04999738654682088,869432.1469686542,89464.3076339079,5.3843644859168,0.0,0,4.979147024261368,0,1,4.332196865426985,0,1
3.0422491158536005,0.9305938726869145,571659.3801404751,36929.69713395192,3.8066483369936224,202.0323646729563,0,3.0751525157529485,0,1,1.0821213316278409,0,1
6.25002872717981,0.0,339684.16487753025,82298.069707631,2.9707889960034626,360.2638215077193,0,3.9350027977667743,0,1,4.387796310603581,1,1
1.937801497226571,0.0,144671.7431098505,91853.27014631874,4.191325847857891,733.728853062011,0,2.991869593014307,0,1,4.06037924620982,0,1
7.74204913488418,0.8078512482707539,954074.5327806599,62744.03537609488,6.124410307152271,692.9508531336414,0,3.015741807406042,0,1,3.8785100030477486,0,1
9.028171049617423,0.0,192938.6313222771,78715.02833035491,5.133147936590734,0.0,0,3.0768990956391016,0,1,5.7996469313854675,0,1
7.675986545431279,0.12414566065490773,641914.0053896436,25371.827821029572,3.534291264659262,693.0208859864526,0,4.945474567770381,0,1,1.2303944526805803,0,1
4.852969744896712,0.12475479142473828,314895.5501933958,37240.20188879612,3.0572650936851784,0.0,0,4.180898269864555,0,1,3.781962540870115,0,1
3.201490804682687,0.0,683095.8708406924,78980.32878793796,2.7495161929551455,0.0,0,3.2713925394343835,0,1,1.5954156841703961,0,1
4.890468561320543,1.112589037717146,397709.68553618074,43800.60617291342,1.96584994211693,260.1869551918718,0,2.835616889789749,0,1,5.494118793563002,0,1
5.311147951076384,0.0,609966.5524518521,62351.23019455724,3.442074435068444,561.3673396903769,0,5.050667125272255,0,1,4.1176381924142085,0,1
4.567173127861085,0.0,810623.1111601529,84558.51261211699,4.011858159140365,478.33760925084243,0,5.1324693778701915,0,1,3.009437460373727,0,1
4.707969758839372,0.0,361517.1656782086,62695.28473047531,3.043390310492819,51.86174607583152,0,3.9414455435709437,0,1,4.823362156476832,0,1
7.102738272160206,0.4872698675050856,207655.241452608,80771.10271738723,5.139324757819131,661.7066788658892,0,4.064319990435217,0,1,2.3640222845093404,0,1
3.0594107711586416,0.0,134144.54105951253,54596.30877594851,2.1146071321057462,282.6063936040358,0,4.936281559619778,0,1,3.523308807565802,1,1
6.434845509997487,0.0,532703.9525967084,23070.080786071903,3.889271429829644,311.5600341332956,0,2.936069718067003,0,1,3.161937325903384,0,1
3.1767094013977504,0.7369886663365738,934157.9894828984,44276.558655818764,4.315423194880049,381.39484521932576,0,4.987039761772717,0,1,3.7107702179295012,0,1
5.689987652553144,0.3530765036007492,1005025.323671479,46007.41287914944,6.367294095458877,566.4098473884815,0,4.893154665917476,0,1,4.355543394423657,1,1
3.6895027422001783,0.0820012267081099,625855.1626737278,62498.62879312924,3.9929601340398095,85.93035676471402,0,4.976077165714563,0,1,1.394903984759543,0,1
3.378581356568056,1.1783287137776297,741615.4832280519,21857.90342486223,5.739134290986357,55.37687828323993,0,4.894026893406132,0,1,4.478513913151244,0,1
6.747177014661565,0.7801444377157225,898312.0260840844,64370.83693580822,2.3863909592352335,342.910974959484,0,5.000044023968369,0,1,2.4978553433392054,0,1
5.57873332773321,0.0,628257.748717848,38715.21262536026,2.8948847524956056,378.32176393835556,0,4.006530963507396,0,1,1.531263304420177,0,1
6.18497423506626,0.6517879160180511,629035.0063179071,94474.25868641328,1.4669676599346555,557.5864444502938,0,3.0223023650439647,0,1,4.420999534039554,1,1
3.4908473794283914,2.0248614787431825,857193.3456961204,72346.39817244715,2.3809916428867983,0.0,0,4.046905636566079,0,1,1.9395296730606004,0,1
5.14071567952901,0.0,144410.6141244734,60393.56380336882,4.798005295998091,222.00337895342767,0,5.027653119888222,0,1,2.2341699599570104,1,1
4.279485817981872,1.8585017435607187,204256.96348933136,54347.22881890118,3.8999582645330637,679.1681785387549,0,3.0868302245805883,0,1,3.3940013607395736,0,1
7.053707311710814,2.807289980248721,857933.6369036213,93579.27211977288,2.7357030485157914,412.9141742764239,0,3.9376063423640417,0,1,2.3970978194958974,0,1
6.673262397188919,0.49999069810652064,858199.3870426421,11361.630290621271,4.021937204974299,240.97543395548678,0,5.098113429905939,0,1,4.019589984241214,0,1
4.785294200233507,0.0,801405.9489910699,13650.287090711789,3.6023415942242463,0.0,0,4.043067152120264,0,1,0.31778760420572305,0,1
8.118598062200938,0.0,726684.8940587038,74657.37091956005,5.5551856580506085,481.56499412753647,0,2.988014337993953,0,1,3.14477387834565,0,1
8.171162696929676,0.27549686200157025,623988.6620353173,60447.64969132748,5.277115388377022,457.7125878251901,0,3.9433628039852144,0,1,3.6286038985133025,0,1
8.659068455877986,0.07791498739489704,224480.4240566909,53484.034541240115,2.940964025342063,165.63249409617544,0,2.8325502737150106,0,1,1.5335291807510052,0,1
1.9454282310465643,0.21220520508348692,231669.5189649878,72645.70822005703,4.7133303916903575,43.60084483780753,0,3.879018443146411,0,1,4.201806047763516,0,1
9.005728833133386,1.8248815483286411,319224.3926492301,71342.54533438387,2.214312156735164,397.24456808817575,0,3.1699625406630987,0,1,3.944624948894324,0,1
7.5522674492469966,0.0,914979.648838147,95408.61784907187,4.71697665210627,126.83129870657653,0,2.879350311839127,0,1,2.559467865690249,1,1
5.195397573512276,0.5507582949047315,851955.4196958151,78035.03126392177,4.9531257458511675,617.081226945312,0,2.927189410026264,0,1,3.030736525290397,1,1
8.347756526501069,1.3910800368448584,368988.1609847003,35809.61923882241,2.0809218493302266,514.01418799859,0,2.972726158987864,0,1,2.0955584958078552,0,1
7.1228326708000065,0.0,741253.3834021732,45879.170707422905,1.9408473083882551,550.3275830140137,0,3.0003088044957438,0,1,5.195671580875183,0,1
10.081772060711675,0.0,938824.9847165496,91561.82969203759,1.3541318709361625,507.36611917516836,0,3.9571777971677604,0,1,3.9465686437011605,0,1
6.418473874973461,0.0,349129.0946028178,17023.350022580595,2.9361363071363664,0.0,0,4.065295222980107,0,1,1.1751896943499787,0,1
6.157615487144367,0.0,747913.345406493,81286.51562774596,5.83533333719145,84.86981276444935,0,5.023877603866955,0,1,4.487562068220947,1,1
2.6333948577226405,0.0,737935.9558336621,44537.72641465314,4.909509638632464,0.0,0,3.0567864862106577,0,1,3.043752722632268,1,1
5.183711196638954,0.8691124315260953,840790.1593285006,19271.497359354566,1.857047239970258,133.79456660538074,0,4.143032535042119,0,1,0.9965634370826928,0,1
2.1902591249348715,0.40998636926709925,673933.0241127176,57722.49806554171,4.665952709450635,0.0,0,3.0227207890900853,0,1,3.4576652051760566,0,1
9.743995809364495,1.0867460001324347,470106.16725754447,95374.83841963325,1.7258671611922187,490.7375206814999,0,4.975136230991348,0,1,4.63182936136872,0,1
1.1954533949865036,0.7329824161280869,826848.0018957488,41018.915177441726,3.7178996784702165,472.4815322774486,0,2.768683605064842,0,1,1.0213514271925388,0,1
1.686623273092299,0.0,733239.8671033017,52595.40743088096,3.7940067468330323,40.72186604200567,0,4.239020107130493,0,1,3.7765284903461285,0,1
1.1400499779818287,0.0,953578.338973702,15684.538484927913,3.6499484631739163,294.3445264511028,0,5.178135570272594,0,1,5.506867790841706,0,1
3.697755114370718,0.4889667206681306,239654.97446149137,67749.2003091236,3.8329991136640955,75.56915528357001,0,5.132674592607267,0,1,1.5769639950593264,0,1
1.3352442510452915,0.0,573242.4915041307,17829.437067813968,3.217404352194858,969.2770495537031,0,5.019794586648424,0,1,2.4439561571402644,0,1
2.576866223398846,0.0,642364.9095476086,79067.92635887099,2.5122360056528836,838.0672562038587,0,2.987812436048029,0,1,5.499875748313722,0,1
8.930163354380944,0.0,94818.50757695032,47566.57130779715,2.012671328170309,49.48751888328576,0,3.99762245937305,0,1,1.7121640599354362,0,1
3.6051137936801596,1.3368883812882846,576662.1767066373,14846.23205804228,2.095440441405205,537.9681448387229,0,3.0371828064096613,0,1,3.6374899155182567,1,1
5.381070756480071,0.0,548790.529917898,14274.707921425665,3.596556755491792,453.90455273793157,0,5.08609649400976,0,1,3.3899896286935784,1,1
2.7310006509621667,0.7803930437736609,428424.35648191086,71474.22169970047,3.548215343529187,292.2741799758255,0,4.920541758683737,0,1,4.558170074697387,1,1
0.0,0.2471745783418777,684503.4758903444,15304.606992366509,2.120342053619738,26.78242950720349,0,3.9610232452897933,0,1,2.792081538681579,0,1
3.142345926629007,1.3385043422437348,462708.90919894486,17249.456975607747,3.3462287079792197,481.0877721430537,0,4.968483908928656,0,1,1.7352766487313915,1,1
3.8797304771973886,0.0,668285.4591205092,29000.977827937404,3.2487529517310714,27.405468069538983,0,5.056301188152376,0,1,2.980202592385952,0,1
2.268389907234394,0.0,1000692.0810497473,73130.07350534994,3.199096136183794,495.2626469369243,0,3.103421209568433,0,1,0.9478944906610061,0,1
3.5769162715009166,0.0,353520.45470288495,96187.7479335918,3.196548939075215,769.408315987659,0,3.134630980037854,0,1,1.698829992586071,0,1
8.053008768623577,0.0,620647.0066516186,69454.77966967736,2.683024846850656,60.65666118875137,0,3.0266848417966057,0,1,1.362926741414506,0,1
7.740228173026988,0.06047378517347336,392668.16268106207,51925.15133798868,4.253349386865457,609.0145151872096,0,4.190061848506502,0,1,4.2992867293754005,1,1
3.552612665848414,0.0,948349.5056004318,70110.88267401436,1.8120361871447268,393.8963570587726,0,5.009947311786703,0,1,3.0552243730294437,0,1
5.707728037462966,0.0,808000.8300919674,52761.43440664069,5.102372763059676,0.0,0,3.1843678678896383,0,1,3.5469228448858328,0,1
